TransactionID,id_15,id_23,id_30,id_31,id_33,DeviceType,DeviceInfo
3002120,New,,,chrome 62.0,,desktop,Windows
3002149,New,,,chrome 62.0,,desktop,Windows
3002179,New,,,chrome 62.0 for android,,mobile,XT1635-02 Build/NPN26.118-22-2
3002221,New,,Windows 10,chrome 62.0,1024x768,desktop,Windows
3002290,Unknown,,,mobile safari 11.0,,mobile,
3002393,Found,,,firefox 57.0,,desktop,Windows
3002451,Unknown,,,mobile safari 11.0,,mobile,
3002503,New,,,mobile safari generic,,mobile,
3002541,Unknown,,,mobile safari 11.0,,mobile,
3002562,Found,,,chrome 62.0,,desktop,Windows
3002601,New,,Android 5.1.1,chrome generic,960x540,mobile,KYOCERA-C6742A Build/LMY47V
3002634,New,,,chrome 62.0,,desktop,Windows
3002661,New,,,ie 11.0 for desktop,,desktop,Trident/7.0
3002670,Found,,Android 5.1.1,chrome generic,960x540,mobile,KYOCERA-C6742A Build/LMY47V
3002694,Unknown,,,mobile safari 11.0,,mobile,
3002696,New,,,chrome 62.0,,desktop,
3002732,New,,,firefox 57.0,,desktop,
3002775,New,,,chrome 62.0,,desktop,Windows
3002808,New,,,chrome 62.0,,desktop,Windows
3002825,New,,,mobile safari generic,,mobile,
3002829,New,,,chrome generic,,mobile,Moto E (4) Build/NMA26.42-19
3002898,New,,,other,,mobile,LG-H420 Build/LRX21Y
3002925,New,,,chrome 62.0 for android,,mobile,GT-I9060M Build/KTU84P
3002932,Found,,,chrome 62.0,,desktop,
3002948,,,,,,,
3002949,,,,,,,
3002957,New,,,firefox,,desktop,rv:38.0
3002965,Unknown,,,mobile safari 11.0,,mobile,
3002983,New,,iOS 10.3.3,mobile safari 10.0,1136x640,mobile,iOS Device
3003004,Found,,iOS 10.3.3,mobile safari 10.0,1136x640,mobile,iOS Device
3003026,New,,,chrome 61.0 for android,,mobile,SM-J700M Build/MMB29K
3003073,Found,,,chrome 62.0 for android,,mobile,SM-E500M Build/KTU84P
3003287,Found,,,chrome 62.0,,desktop,Windows
3003348,New,,,ie 11.0 for desktop,,desktop,Trident/7.0
3003358,Found,,,mobile safari 11.0,,mobile,
3003437,New,,,chrome 49.0,,desktop,
3003483,Found,,,ie 11.0 for desktop,,desktop,Trident/7.0
3003485,Found,,,chrome 62.0,,desktop,
3003509,Found,,,chrome 62.0,,desktop,
3003513,Found,,,chrome 62.0,,desktop,
3003521,New,,,chrome 62.0,,desktop,
3003535,Found,,,chrome 62.0,,desktop,
3000943,New,,,chrome,,desktop,
3003771,New,,,chrome 62.0,,desktop,Windows
3003779,New,,,chrome 62.0 for android,,mobile,Moto G Play Build/MPIS24.241-15.3-26
3003839,Found,,,chrome 62.0,,desktop,
3003932,New,,,chrome 62.0,,desktop,Windows
3001089,New,,iOS 10.2.0,mobile safari 10.0,1136x640,mobile,iOS Device
3004040,Found,,,edge 15.0,,desktop,Windows
3001098,New,,Mac OS X 10_11_6,chrome 62.0,2560x1600,desktop,MacOS
3001176,Found,IP_PROXY:HIDDEN,Windows 7,chrome 62.0,1280x1024,desktop,Windows
3001172,Found,IP_PROXY:HIDDEN,Windows 7,chrome 62.0,1280x1024,desktop,Windows
3004284,New,,,chrome 62.0,,desktop,Windows
3004294,Unknown,,,android webview 4.0,,mobile,es-us
3004458,New,,,chrome generic,,mobile,Moto E (4) Plus Build/NMA26.42-69
3004524,New,,,chrome 62.0,,desktop,Windows
3001393,New,,Windows 7,chrome 62.0,1920x1080,desktop,Windows
3004655,New,,,firefox 57.0,,desktop,Windows
3008420,New,,Windows 10,edge 14.0,1920x1080,desktop,Windows
3005017,Found,,,chrome 62.0,,desktop,Windows
3005052,Found,,,chrome 62.0 for android,,mobile,7055A Build/KVT49L
3005111,New,,,chrome 62.0,,desktop,Windows
3005174,,,,,,,
3005194,New,,,chrome 62.0,,desktop,Windows
3005260,Found,,Mac OS X 10_12_3,chrome 62.0,1440x900,desktop,MacOS
3001887,Found,,Windows 10,edge 15.0,1600x900,desktop,Windows
3005450,Found,,,chrome 62.0,,desktop,
3005483,Found,,,chrome 62.0,,desktop,
3005514,Found,,,chrome 62.0,,desktop,
3005533,Unknown,,,mobile safari 10.0,,mobile,
3005612,Found,,,chrome 62.0,,desktop,Windows
3005614,New,,,chrome 62.0,,desktop,Windows
3005721,Unknown,,,mobile safari generic,,mobile,
3016362,New,,,chrome 62.0,,desktop,
3000008,Found,,,chrome 62.0,,desktop,Windows
3000016,New,,,android webview 4.0,,mobile,Moto G (5) Plus Build/NPN25.137-72
3005863,New,,Windows 10,chrome 62.0,1920x1080,desktop,Windows
3000057,Found,,,chrome generic,,mobile,Moto G (5) Build/NPP25.137-72
3000061,Found,,,chrome 62.0,,desktop,Windows
3000078,Unknown,,,mobile safari generic,,mobile,
3000079,Unknown,,,mobile safari 10.0,,mobile,
3000093,Unknown,,,mobile safari 11.0,,mobile,
3000113,Unknown,,,mobile safari generic,,mobile,
3006150,New,,iOS 11.1.0,mobile safari 11.0,2048x1536,mobile,iOS Device
3000127,New,,,chrome 62.0,,desktop,Windows
3000123,New,,,chrome 46.0 for android,,mobile,ALE-L23 Build/HuaweiALE-L23
3000164,New,,,chrome 62.0,,desktop,Windows
3000172,New,,,chrome 62.0 for android,,mobile,LG-K580 Build/MRA58K
3000190,New,,,chrome generic,,mobile,Moto G (4) Build/NPJ25.93-14.5
3000197,Found,,,chrome 62.0 for android,,mobile,SM-T710 Build/NRD90M
3000204,New,,,chrome generic,,mobile,SAMSUNG
3000217,New,,,chrome 62.0,,desktop,Windows
3000232,New,,,chrome 61.0,,desktop,Windows
3000242,Found,,,chrome 61.0,,desktop,Windows
3000274,Unknown,,,mobile safari 11.0,,mobile,
3006526,New,,iOS 11.0.1,mobile safari 11.0,2732x2048,mobile,iOS Device
3000280,Unknown,,,mobile safari 11.0,,mobile,
3000305,New,,,chrome 62.0,,desktop,
3000314,New,,,chrome 62.0 for android,,mobile,Blade V6 Build/LRX22G
3000321,Unknown,,,mobile safari 11.0,,mobile,
3000322,New,,,samsung browser 6.2,,mobile,SAMSUNG SM-J700M Build/MMB29K
3000381,New,,,chrome 62.0 for android,,mobile,SM-G531H Build/LMY48B
3000519,New,,,chrome 62.0 for android,,mobile,Moto C Build/NRD90M.063
3003301,New,,iOS 11.1.2,mobile safari 11.0,2208x1242,mobile,iOS Device
3000736,Found,,,chrome 62.0,,desktop,Windows
3003547,Found,,Windows 7,chrome 62.0,1366x768,desktop,Windows
3000805,New,,,chrome 62.0,,desktop,Windows
3000815,Found,,,chrome 62.0,,desktop,Windows
3000932,Found,,,chrome 60.0 for android,,mobile,LG-D693n Build/LRX22G
3000960,Found,,,chrome 62.0 for android,,mobile,HUAWEI RIO-L03 Build/HUAWEIRIO-L03
3000945,New,,,chrome 62.0,,desktop,Windows
3001102,New,,,chrome 62.0,,desktop,
3004104,New,,,chrome 49.0,,desktop,
3007932,New,,iOS 11.1.2,mobile safari 11.0,1334x750,mobile,iOS Device
3001307,New,,,chrome 62.0,,desktop,
3001433,New,,,chrome 62.0,,desktop,Windows
3001386,New,,,chrome 62.0,,desktop,Windows
3004660,Found,,Android 6.0.1,samsung browser 6.2,2560x1440,mobile,SAMSUNG SM-N910A Build/MMB29M
3001522,New,,,firefox 57.0,,desktop,Windows
3001546,New,,,chrome 62.0,,desktop,Windows
3001528,Found,,,chrome 62.0,,desktop,Windows
3001672,Unknown,,,mobile safari 11.0,,mobile,
3004972,New,,iOS 11.2.0,mobile safari 11.0,1334x750,mobile,iOS Device
3001667,New,,,chrome 60.0 for android,,mobile,LG-D331 Build/LRX22G
3001651,Unknown,,,mobile safari 11.0,,mobile,
3001689,New,,,chrome 62.0,,desktop,Windows
3005214,New,,Windows 8,chrome 62.0,,desktop,Windows
3001712,New,,,chrome 62.0,,desktop,
3001820,New,,,ie 11.0 for desktop,,desktop,Trident/7.0
3001879,Found,,,chrome 62.0,,desktop,
3001973,Unknown,,,mobile safari 11.0,,mobile,
3002087,New,,,mobile safari generic,,mobile,
3002140,New,,,chrome 59.0 for android,,mobile,LG-H500 Build/LRX21Y
3002234,Found,,,firefox 57.0,,desktop,
3002493,New,,,chrome 62.0,,desktop,Windows
3002532,Found,,,chrome 62.0,,desktop,
3002697,Found,,,chrome 62.0,,desktop,Windows
3002704,,,,,,,
3020881,New,IP_PROXY:TRANSPARENT,iOS 11.1.1,mobile safari 11.0,1334x750,mobile,iOS Device
3020895,Found,IP_PROXY:TRANSPARENT,iOS 11.1.1,mobile safari 11.0,1334x750,mobile,iOS Device
3002741,Found,IP_PROXY:TRANSPARENT,iOS 11.1.1,mobile safari 11.0,1334x750,mobile,iOS Device
3002831,Unknown,,,safari generic,,desktop,
3002885,New,,,chrome 62.0,,desktop,Windows
3002901,Found,,,chrome 62.0,,desktop,Windows
3002876,Found,,,chrome 62.0,,desktop,Windows
3002887,Found,,,chrome 62.0,,desktop,Windows
3002916,New,,,chrome 62.0 for android,,mobile,SM-G531H Build/LMY48B
3002928,Found,,,chrome 62.0,,desktop,Windows
3003439,New,,,chrome 62.0,,desktop,Windows
3003623,New,,,Samsung/SM-G532M,,mobile,SM-G532M Build/MMB29T
3003820,Found,,,chrome 62.0,,desktop,Windows
3003968,New,,,chrome 62.0 for android,,mobile,SM-J510MN Build/MMB29M
3022086,Found,,Windows 10,chrome 62.0,1600x900,desktop,Windows
3004050,Found,,,chrome 62.0,,desktop,Windows
3004047,Found,,,chrome 62.0,,desktop,Windows
3022263,New,,,chrome 62.0 for android,,mobile,SM-G530H Build/LRX22G
3004451,Found,,,samsung browser 6.2,,mobile,SAMSUNG SM-T810 Build/NRD90M
3015139,,,,,,,
3004588,New,,,chrome 60.0 for android,,mobile,GT-I9060M Build/KTU84P
3004683,New,,,chrome 62.0 for android,,mobile,ALE-L23 Build/HuaweiALE-L23
3004842,New,,,chrome 62.0 for android,,mobile,SM-J200M Build/LMY47X
3005005,Unknown,,,chrome 62.0,,desktop,Windows
3005024,Found,,,chrome 62.0 for android,,mobile,BLADE V8 SE Build/NRD90M
3005123,Unknown,,,chrome 62.0,,desktop,Windows
3005145,Unknown,,,chrome 62.0,,desktop,Windows
3005101,Unknown,,,chrome 62.0,,desktop,Windows
3001718,New,,iOS 11.1.2,mobile safari generic,1334x750,mobile,iOS Device
3005147,New,,,chrome 62.0,,desktop,Windows
3008720,New,,Windows 10,edge 15.0,1366x768,desktop,Windows
3005291,,,,,,,
3005312,Unknown,,,mobile safari 11.0,,mobile,
3005518,Found,,,chrome 62.0 for android,,mobile,SM-J700M Build/MMB29K
3005562,Found,,,chrome 62.0 for android,,mobile,SM-J700M Build/MMB29K
3005520,Found,,,chrome 62.0 for android,,mobile,SM-J700M Build/MMB29K
3005530,New,,,chrome 60.0 for android,,mobile,HTC Desire 650 Build/MMB29M
3005506,Found,,,chrome 62.0,,desktop,
3005598,Found,,,chrome 62.0,,desktop,Windows
3005909,Found,,,chrome 61.0 for android,,mobile,SM-J120H Build/LMY47V
3005971,New,,,chrome generic,,mobile,Moto G (5) Build/NPP25.137-72
3006033,Unknown,,,mobile safari 11.0,,mobile,
3009444,New,,Mac OS X 10_12_4,safari generic,3360x2100,desktop,MacOS
3006080,New,,,edge 16.0,,desktop,Windows
3006257,Found,,,chrome 62.0,,desktop,Windows
3006256,New,,,chrome 62.0,,desktop,Windows
3006222,Found,,,chrome 62.0,,desktop,Windows
3006277,Found,,,chrome 62.0,,desktop,Windows
3006290,New,,,firefox 57.0,,desktop,rv:57.0
3006316,New,,,chrome generic,,mobile,Moto G (5) Plus Build/NPNS25.137-15-11
3006418,Found,,,chrome 62.0,,desktop,Windows
3009973,New,,Windows 10,chrome 62.0,1366x768,desktop,Windows
3009947,New,,Windows 10,chrome 62.0,1366x768,desktop,Windows
3006552,New,,,chrome 62.0,,desktop,Windows
3006597,New,,,chrome 62.0,,desktop,Windows
3006617,New,,,chrome 62.0,,desktop,Windows
3006650,Found,,,chrome 62.0,,desktop,Windows
3010090,New,,Android,chrome 61.0,1366x768,mobile,
3006647,Found,,,chrome 62.0 for android,,mobile,SM-J320M Build/LMY47V
3006667,Found,,,chrome 62.0 for android,,mobile,SM-G930U Build/NRD90M
3006694,Found,,,chrome 62.0 for android,,mobile,CAM-L03 Build/HUAWEICAM-L03
3025135,New,,Windows 10,chrome 62.0,1920x1080,desktop,Windows
3013990,Found,,Mac OS X 10_10_5,safari generic,1280x800,desktop,MacOS
3014038,Found,,Mac OS X 10_10_5,safari generic,1280x800,desktop,MacOS
3007137,Found,,,chrome 62.0,,desktop,Windows
3008215,New,,,chrome 60.0 for android,,mobile,Ilium LT500 Build/LMY47O
3011729,New,,Windows 7,chrome 62.0,1680x1050,desktop,Windows
3008585,,,,,,,
3008594,New,,,chrome 62.0,,desktop,Windows
3008662,Unknown,,,mobile safari generic,,mobile,
3008727,New,,,chrome 62.0,,desktop,Windows
3008715,Unknown,,,mobile safari 11.0,,mobile,
3008911,New,,,chrome 62.0,,desktop,Windows
3009117,Unknown,,,mobile safari 11.0,,mobile,
3012511,Found,,Mac OS X 10_11_6,chrome 62.0,1440x900,desktop,MacOS
3012613,New,,Windows 10,chrome 62.0,1920x1080,desktop,Windows
3009364,Found,,,safari generic,,desktop,
3009396,Found,,,chrome 62.0,,desktop,Windows
3009374,Found,,,opera 49.0,,desktop,
3009505,Found,,,chrome 62.0,,desktop,Windows
3009511,Found,,,chrome 62.0,,desktop,Windows
3009508,Unknown,,,chrome 62.0,,desktop,Windows
3006031,New,,Windows 10,chrome 62.0,1600x900,desktop,Windows
3006117,Found,,Mac OS X 10_12_6,chrome 62.0,1440x900,desktop,MacOS
3009631,Found,,,edge 15.0,,desktop,Windows
3009652,Found,,,chrome 62.0,,desktop,
3009590,Found,,,chrome 62.0,,desktop,
3009644,Found,,,chrome 62.0,,desktop,
3009728,Found,,,chrome 62.0,,desktop,
3009705,Found,,,chrome 62.0,,desktop,
3009714,Found,,,chrome 62.0,,desktop,
3009755,New,,,chrome 62.0,,desktop,Windows
3009787,New,,,chrome 62.0,,desktop,Windows
3009764,New,,,chrome 62.0,,desktop,Windows
3009810,Found,,,chrome 62.0,,desktop,
3009847,New,,,chrome 62.0,,desktop,Windows
3009803,New,,,chrome 62.0,,desktop,Windows
3009868,New,,,chrome generic,,mobile,Moto G (5) Build/NPP25.137-72
3009828,New,,,chrome 62.0 for android,,mobile,SM-A720F Build/MMB29K
3006493,Found,,Mac OS X 10_11_6,safari generic,1440x900,desktop,MacOS
3010026,New,,,chrome 62.0 for android,,mobile,SM-G935F Build/NRD90M
3010052,Unknown,,,mobile safari 11.0,,mobile,
3010072,New,,,chrome 62.0,,desktop,
3010107,New,,,chrome 62.0,,desktop,Windows
3006928,,,,,,,
3006942,Found,,Windows 10,edge 15.0,,desktop,Windows
3017846,New,,Windows 7,ie 11.0 for desktop,1920x1080,desktop,Trident/7.0
3014011,New,,iOS 11.2.0,mobile safari 11.0,2208x1242,mobile,iOS Device
3017822,New,,Windows 10,chrome 62.0,1280x1024,desktop,Windows
3010585,New,,,chrome 61.0,,desktop,
3010598,Found,,,chrome 62.0,,desktop,
3010620,Found,,,chrome 62.0,,desktop,
3010666,New,,,chrome 62.0,,desktop,Windows
3010646,Unknown,,,mobile safari 11.0,,mobile,
3010767,New,,,chrome 62.0,,desktop,
3010786,New,,,chrome 62.0,,desktop,
3010733,New,,,chrome 62.0 for android,,mobile,MotoG3 Build/MPIS24.65-33.1-2-16
3011042,New,,,chrome 62.0,,desktop,
3011289,New,,,chrome 62.0,,desktop,
3011408,Unknown,,,mobile safari 10.0,,mobile,
3008138,Found,,Windows 10,chrome 62.0,1366x768,desktop,Windows
3011731,Found,,,chrome 49.0,,desktop,
3011881,Found,,,chrome 62.0,,desktop,Windows
3012114,Found,,,chrome 62.0,,desktop,Windows
3012151,New,,,chrome 62.0,,desktop,Windows
3012249,Found,,,chrome 62.0,,desktop,Windows
3012379,Found,,,chrome 62.0 for android,,mobile,D5803 Build/23.5.A.1.291
3012459,Found,,,chrome 59.0 for android,,mobile,GT-I8190L Build/JZO54K
3012518,New,,,chrome 62.0,,desktop,Windows
3012591,Found,,,chrome 62.0,,desktop,
3016473,New,,Windows 10,chrome 62.0,1600x900,desktop,Windows
3016545,New,,Android 6.0.1,chrome 62.0 for android,1920x1080,mobile,Z981 Build/MMB29M
3012788,Unknown,,,mobile safari 11.0,,mobile,
3012792,Found,,,chrome 62.0 for android,,mobile,SM-G900V
3012840,Unknown,,,firefox 57.0,,desktop,Windows
3012791,Found,,,chrome 62.0 for android,,mobile,ZEIA8
3020418,Found,,Android 7.0,chrome 62.0 for android,,mobile,SM-N920P Build/NRD90M
3012922,Found,,,chrome 62.0 for android,,mobile,ZEIA8
3012958,New,,,chrome 62.0,,desktop,Windows
3020489,New,,iOS 11.0.3,mobile safari 11.0,2208x1242,mobile,iOS Device
3013206,Unknown,,,mobile safari 11.0,,mobile,
3013246,Found,,,chrome 62.0 for android,,mobile,MotoG3 Build/MPIS24.65-33.1-2-16
3013324,New,,,chrome 62.0 for android,,mobile,SM-N910H
3013337,Found,,,chrome 62.0,,desktop,Windows
3032354,Found,,,chrome 62.0,,desktop,Windows
3032384,Found,,iOS 11.1.2,mobile safari generic,2208x1242,mobile,iOS Device
3032361,Found,,iOS 11.1.2,mobile safari generic,2208x1242,mobile,iOS Device
3013500,Unknown,,,mobile safari 11.0,,mobile,
3013543,New,,,chrome 62.0 for android,,mobile,ALE-L23 Build/HuaweiALE-L23
3013672,New,,,chrome 62.0 for android,,mobile,SM-G531H Build/LMY48B
3017461,Found,,Windows 10,chrome 62.0,1600x900,desktop,Windows
3017466,New,,iOS 9.3.5,mobile safari 9.0,1024x768,mobile,iOS Device
3013944,New,,,chrome 62.0,,desktop,
3014269,New,,,chrome 62.0,,desktop,Windows
3014260,Found,,,chrome 62.0,,desktop,Windows
3014568,New,,,chrome 62.0,,desktop,Windows
3018405,Found,IP_PROXY:ANONYMOUS,Windows 7,ie 11.0 for desktop,1920x1080,desktop,Trident/7.0
3014903,Found,,,chrome 62.0 for android,,mobile,HTC U11 Build/NMF26X
3018610,New,,iOS 10.3.3,mobile safari 10.0,1334x750,mobile,iOS Device
3022602,Found,,Windows 10,chrome 62.0,1920x1080,desktop,Windows
3015247,Found,,,chrome 62.0 for android,,mobile,SM-J510MN Build/MMB29M
3015373,Unknown,,,mobile safari 10.0,,mobile,
3015420,New,,,mobile safari generic,,mobile,
3015505,Unknown,,,mobile safari 11.0,,mobile,
3011702,New,,iOS 11.1.2,mobile safari 11.0,1334x750,mobile,iOS Device
3015456,Unknown,,,mobile safari 11.0,,mobile,
3015589,New,,,chrome 61.0,,desktop,
3015519,New,,,edge 14.0,,desktop,Windows
3022978,Found,,Windows 10,chrome 62.0,1920x1080,desktop,Windows
3015644,New,,,firefox,,desktop,rv:57.0
3015721,Found,,,chrome 62.0 for android,,mobile,Ilium L910 Build/MRA58K
3015764,New,,,chrome 62.0,,desktop,Windows
3016097,Found,,,chrome 62.0,,desktop,
3015995,Unknown,,,safari generic,,desktop,
3016018,New,,,chrome 62.0,,desktop,
3016152,New,,,chrome 62.0,,desktop,Windows
3016259,New,,,chrome 62.0 for android,,mobile,SM-A510M Build/NRD90M
3023906,New,,Windows 10,chrome 62.0,1920x1080,desktop,Windows
3020123,New,,iOS 11.1.2,mobile safari generic,1334x750,mobile,iOS Device
3016578,New,,,chrome 62.0,,desktop,
3016606,New,,,chrome 62.0,,desktop,Windows
3016630,Unknown,,,mobile safari 10.0,,mobile,
3016654,New,,,chrome 62.0,,desktop,Windows
3016738,New,,,chrome 61.0,,desktop,Windows
3016795,New,,,chrome 62.0,,desktop,
3016813,New,,,chrome 62.0,,desktop,
3016829,Unknown,,,safari generic,,desktop,
3016798,Found,,,chrome 58.0,,desktop,
3016818,New,,,chrome 54.0 for android,,mobile,LG-H542 Build/MRA58K
3016937,Found,,,chrome 63.0,,desktop,Windows
3017169,New,,,chrome 62.0 for android,,mobile,SM-J700M Build/MMB29K
3017194,Found,,,safari generic,,desktop,
3017254,Found,,,chrome 62.0,,desktop,Windows
3017252,Unknown,,,mobile safari 11.0,,mobile,
3017329,Unknown,,,mobile safari 11.0,,mobile,
3024998,Found,IP_PROXY:TRANSPARENT,Mac OS X 10_9_5,chrome 61.0,1920x1200,desktop,MacOS
3021349,Found,,Windows 10,chrome 62.0,1280x768,desktop,Windows
3029127,New,,iOS 9.3.5,mobile safari 9.0,1024x768,mobile,iOS Device
3017870,Found,,,chrome 62.0,,desktop,Windows
3017897,Found,IP_PROXY:TRANSPARENT,Windows 7,chrome 62.0,1920x1080,desktop,Windows
3017904,New,,,chrome 62.0 for android,,mobile,SM-A520F Build/NRD90M
3021788,Found,,Windows 10,ie 11.0 for desktop,1366x768,desktop,Trident/7.0
3018245,Unknown,,,mobile safari 11.0,,mobile,
3018271,New,,,chrome 62.0 for android,,mobile,SM-J320M Build/LMY47V
3018260,Found,,,chrome 62.0,,desktop,
3018319,New,,,ie 11.0 for desktop,,desktop,Trident/7.0
3018572,Found,,,chrome 62.0,,desktop,Windows
3018504,Found,,,chrome 62.0,,desktop,
3022316,Found,,iOS 11.0.1,mobile safari 11.0,2208x1242,mobile,iOS Device
3022258,New,,iOS 10.2.1,mobile safari 10.0,1136x640,mobile,iOS Device
3022314,Found,,iOS 10.2.1,mobile safari 10.0,1136x640,mobile,iOS Device
3018657,Found,,,chrome 62.0,,desktop,Windows
3022338,Found,,iOS 10.2.1,mobile safari 10.0,1136x640,mobile,iOS Device
3018594,New,,,ie 11.0 for desktop,,desktop,Trident/7.0
3018665,New,,,chrome 62.0,,desktop,
3018737,Unknown,,,mobile safari 11.0,,mobile,
3018790,Found,,,chrome 49.0,,desktop,
3018765,Found,,,chrome 62.0,,desktop,Windows
3018985,Found,,,chrome 62.0,,desktop,Windows
3019161,New,,,chrome 62.0,,desktop,Windows
3019260,Unknown,,,mobile safari 11.0,,mobile,
3023417,Found,,Windows 10,chrome 62.0,1366x768,desktop,Windows
3023539,Found,,Windows 8.1,chrome 62.0,1366x768,desktop,Windows
3020058,New,,,firefox,,desktop,
3020158,Unknown,,,mobile safari 11.0,,mobile,
3020286,Found,,,ie 11.0 for desktop,,desktop,Trident/7.0
3020446,Found,,,chrome 62.0 for android,,mobile,SM-G930U Build/NRD90M
3020468,Found,,,chrome 62.0 for android,,mobile,SM-G930U Build/NRD90M
3024168,New,,iOS 11.1.1,mobile safari 11.0,1334x750,mobile,iOS Device
3020394,,,,,,,
3020594,Found,,,firefox 57.0,,desktop,Windows
3020642,New,,,chrome 62.0,,desktop,Windows
3020620,Unknown,,,mobile safari 11.0,,mobile,
3020671,Found,,,chrome 63.0,,desktop,
3020699,Unknown,,,mobile safari 11.0,,mobile,
3024527,New,,iOS 11.1.2,mobile safari 11.0,2208x1242,mobile,iOS Device
3032208,New,,,chrome 62.0 for android,,mobile,SM-J510FN
3024598,New,,iOS 11.1.2,mobile safari 11.0,1334x750,mobile,iOS Device
3020864,Unknown,,,mobile safari 11.0,,mobile,
3020820,New,,,chrome 63.0,,desktop,Windows
3020888,New,,,chrome 62.0,,desktop,
3020878,New,,,chrome 62.0,,desktop,
3028542,New,,iOS 11.1.2,mobile safari 11.0,2208x1242,mobile,iOS Device
3020898,New,,,chrome 62.0,,desktop,Windows
3036242,New,,Windows 7,ie 11.0 for desktop,1920x1080,desktop,Trident/7.0
3020991,New,,,mobile safari 10.0,,mobile,
3021041,New,,,chrome 62.0 for android,,mobile,Lenovo
3021075,Found,,,chrome 62.0,,desktop,Windows
3021090,Found,,,chrome 62.0,,desktop,Windows
3021109,Found,,,chrome 62.0,,desktop,
3021127,Unknown,,,mobile safari 11.0,,mobile,
3021190,New,,,chrome 63.0,,desktop,
3021507,Unknown,,,firefox 57.0,,desktop,
3021621,New,,,chrome 62.0,,desktop,
3021737,New,,,chrome 55.0 for android,,mobile,M4 SS4450 Build/MRA58K
3021821,New,,,chrome 62.0,,desktop,Windows
3021855,Found,,,chrome 62.0,,desktop,
3029551,New,,Windows 10,edge 16.0,1920x1080,desktop,Windows
3022043,Found,,,chrome 62.0,,desktop,Windows
3021953,New,,,chrome 58.0 for android,,mobile,LG-M700 Build/NMF26X
3025771,New,,Windows 10,chrome 62.0,1366x768,desktop,Windows
3041580,Unknown,,,mobile safari generic,,mobile,
3022106,New,,,chrome 62.0,,desktop,Windows
3022041,New,,,chrome 61.0 for android,,mobile,5054N
3022152,Unknown,,,mobile safari 11.0,,mobile,
3018410,,,,,,,
3029732,New,,iOS 11.1.2,mobile safari 11.0,2208x1242,mobile,iOS Device
3022270,Unknown,,,chrome 62.0,,desktop,Windows
3022324,Found,,,chrome 61.0,,desktop,Windows
3022259,Found,,,chrome 62.0,,desktop,
3022375,New,,,chrome 62.0 for android,,mobile,F3213 Build/36.1.A.1.86
3018598,,,,,,,
3022349,Found,,,chrome 61.0,,desktop,Windows
3022445,Found,,,chrome 60.0 for android,,mobile,CAM-L03 Build/HUAWEICAM-L03
3022402,,,,,,,
3022456,New,,,chrome 62.0,,desktop,Windows
3022545,Found,,,chrome 63.0,,desktop,
3022731,Found,,,edge 16.0,,desktop,Windows
3022623,Found,,,mobile safari 10.0,,mobile,
3022777,New,,Windows 8.1,chrome 62.0,1600x900,desktop,Windows
3022704,Found,,Windows 8.1,chrome 62.0,1600x900,desktop,Windows
3030290,Found,,Windows 10,firefox 57.0,1600x900,desktop,Windows
3022865,New,,,chrome 49.0,,desktop,
3026787,Found,,Windows 7,firefox 52.0,1920x1080,desktop,rv:52.0
3034459,New,,iOS 9.3.5,mobile safari 9.0,1024x768,mobile,iOS Device
3022953,Found,,,chrome 62.0 for android,,mobile,ALE-L23 Build/HuaweiALE-L23
3042672,New,,,chrome 62.0 for android,,mobile,SM-P350 Build/MMB29M
3023206,Found,,,chrome 50.0 for android,,mobile,HUAWEI CUN-L03 Build/HUAWEICUN-L03
3030697,New,,Windows 10,edge 15.0,1680x1050,desktop,Windows
3023270,New,,,chrome 62.0,,desktop,Windows
3023219,Found,,,firefox 57.0,,desktop,Windows
3030837,New,,Windows 7,ie 11.0 for desktop,1440x900,desktop,MDDRJS
3023323,New,,,chrome 63.0,,desktop,
3023384,Found,,,chrome 62.0,,desktop,Windows
3023401,New,,,chrome 62.0,,desktop,
3023469,Found,,,chrome 62.0,,desktop,Windows
3023492,New,,,chrome 62.0,,desktop,
3023541,New,,,chrome 62.0,,desktop,
3023536,New,,,chrome 62.0 for android,,mobile,LG-H650 Build/MRA58K
3023622,Found,,,chrome 62.0,,desktop,Windows
3023593,Found,,,chrome 62.0,,desktop,Windows
3023668,New,,,chrome 62.0,,desktop,Windows
3023611,New,,,mobile safari 11.0,,mobile,
3023687,New,,,chrome 62.0 for android,,mobile,SAMSUNG-SGH-I337 Build/KOT49H
3023706,New,,,chrome 62.0 for android,,mobile,LG-K220 Build/MXB48T
3023734,New,,,opera 49.0,,desktop,
3023780,Found,,,chrome 62.0 for android,,mobile,LG-K220 Build/MXB48T
3023804,Found,,,chrome 62.0 for android,,mobile,SAMSUNG-SGH-I337 Build/KOT49H
3023845,Found,,,edge 15.0,,desktop,
3023763,New,,,chrome 63.0,,desktop,
3023794,Found,,,chrome 62.0 for android,,mobile,SAMSUNG-SGH-I337 Build/KOT49H
3023767,Found,,,chrome 62.0 for android,,mobile,SAMSUNG-SGH-I337 Build/KOT49H
3023787,Found,,,chrome 62.0 for android,,mobile,SAMSUNG-SGH-I337 Build/KOT49H
3023836,Found,,,chrome 62.0 for android,,mobile,SAMSUNG-SGH-I337 Build/KOT49H
3023826,Found,,,chrome 62.0 for android,,mobile,SAMSUNG-SGH-I337 Build/KOT49H
3023872,New,,,chrome 62.0,,desktop,Windows
3023891,Found,,,chrome 62.0 for android,,mobile,SAMSUNG-SGH-I337 Build/KOT49H
3023960,New,,,chrome 61.0 for android,,mobile,5054N
3023895,Found,,,ie 11.0 for desktop,,desktop,Trident/7.0
3043674,New,,,chrome 62.0 for android,,mobile,SM-J700M Build/MMB29K
3024069,New,,,chrome 62.0,,desktop,Windows
3024136,Found,,,chrome 62.0,,desktop,Windows
3024018,Found,,,chrome 62.0,,desktop,Windows
3024049,Unknown,,,mobile safari 9.0,,mobile,
3024142,New,,,chrome generic,,mobile,Moto G (4) Build/NPJS25.93-14-10
3024272,Found,,,chrome 63.0,,desktop,
3024270,Found,,,chrome 63.0,,desktop,
3028123,New,,iOS 11.1.2,mobile safari 11.0,1334x750,mobile,iOS Device
3024252,Found,,,chrome 63.0,,desktop,
3024219,Found,,,chrome 63.0,,desktop,
3024234,Found,,,chrome 63.0,,desktop,
3024391,Found,,,chrome 61.0,,desktop,Windows
3024405,Found,,,chrome 62.0,,desktop,Windows
3024444,New,,,chrome 60.0,,desktop,
3024530,New,,,edge 16.0,,desktop,Windows
3024575,New,,,Samsung/SM-G531H,,mobile,SAMSUNG SM-G531H Build/LMY48B
3024579,New,,,chrome 63.0 for android,,mobile,SM-G928G Build/NRD90M
3024653,Found,,,chrome 62.0,,desktop,Windows
3044424,New,,,chrome 62.0,,desktop,Windows
3024694,New,,,chrome 60.0 for android,,mobile,Hisense L675 Build/MRA58K
3024666,Found,,,chrome 62.0,,desktop,Windows
3024732,Found,,,chrome 62.0,,desktop,
3024743,Unknown,,,mobile safari 10.0,,mobile,
3028589,New,,iOS 10.2.1,mobile safari 10.0,2001x1125,mobile,iOS Device
3024915,New,,,chrome 62.0,,desktop,Windows
3024936,Found,,,chrome 62.0,,desktop,Windows
3024961,New,,,chrome 63.0 for android,,mobile,ALE-L23 Build/HuaweiALE-L23
3036519,Unknown,,,safari generic,,desktop,
3024996,Unknown,,,mobile safari 11.0,,mobile,
3044855,Found,,Windows 8.1,chrome 62.0,1600x900,desktop,Windows
3025057,New,,,chrome 62.0 for android,,mobile,PRA-LX3 Build/HUAWEIPRA-LX3
3025105,Unknown,,,mobile safari 11.0,,mobile,
3029189,Found,,Windows 7,ie 11.0 for desktop,1920x1080,desktop,Trident/7.0
3029206,Found,,Windows 7,ie 11.0 for desktop,1920x1080,desktop,Trident/7.0
3029194,Found,,Windows 7,ie 11.0 for desktop,1920x1080,desktop,Trident/7.0
3025610,Found,,,edge 15.0,,desktop,
3025566,Found,,,edge 15.0,,desktop,
3029603,New,,Windows 7,chrome 55.0,1920x1080,desktop,Windows
3025829,New,,,chrome 58.0 for android,,mobile,MotoG3 Build/MPIS24.107-55-2-17
3029612,Found,,Windows 7,chrome 55.0,1920x1080,desktop,Windows
3025832,Found,,,firefox,,desktop,rv:52.0
3025834,New,,,chrome 62.0,,desktop,
3025863,Found,,,firefox,,desktop,rv:52.0
3025945,New,,,chrome 62.0,,desktop,
3026091,New,,,chrome 62.0,,desktop,
3026037,New,,,chrome 63.0,,desktop,
3029913,,,,,,,
3033866,Found,,Windows 10,chrome 62.0,2736x1824,desktop,Windows
3026164,Found,,,chrome 62.0,,desktop,Windows
3033818,New,,iOS 11.1.2,mobile safari 11.0,2436x1125,mobile,iOS Device
3026203,Found,,,chrome 63.0,,desktop,
3034040,New,,iOS 9.3.5,mobile safari 9.0,1024x768,mobile,iOS Device
3026464,New,,,chrome 62.0 for android,,mobile,F3113 Build/33.3.A.1.97
3026673,Unknown,,,mobile safari 11.0,,mobile,
3026745,Found,,,chrome 62.0,,desktop,Windows
3026782,Found,,,chrome 62.0,,desktop,Windows
3026837,New,,,chrome 62.0 for android,,mobile,PRA-LX3 Build/HUAWEIPRA-LX3
3030754,Found,,Mac OS X 10_13_1,chrome 63.0,2880x1800,desktop,MacOS
3026870,New,,,ie 11.0 for desktop,,desktop,Trident/7.0
3027078,Unknown,,,mobile safari 11.0,,mobile,
3027088,Unknown,,,mobile safari 11.0,,mobile,
3027135,New,,,chrome 62.0 for android,,mobile,HUAWEI RIO-L03 Build/HUAWEIRIO-L03
3023497,Found,,Mac OS X 10_13_1,chrome 62.0,1920x1080,desktop,MacOS
3023553,Found,,Mac OS X 10_13_1,chrome 62.0,1920x1080,desktop,MacOS
3027386,New,,,other,,mobile,Android 5.1
3027383,Found,,,chrome 63.0,,desktop,Windows
3027500,New,,,Samsung/SM-G532M,,mobile,SM-G532M Build/MMB29T
3027562,,,,,,,
3027533,,,,,,,
3027609,,,,,,,
3027612,Unknown,,,mobile safari 11.0,,mobile,
3027516,,,,,,,
3027658,Found,,,chrome 63.0,,desktop,
3027720,New,,,chrome 62.0 for android,,mobile,SM-G950F Build/NRD90M
3027727,New,,,chrome 49.0,,desktop,
3027804,New,,,chrome 62.0,,desktop,Windows
3027887,New,,,chrome 63.0,,desktop,Windows
3027846,Unknown,,,mobile safari 11.0,,mobile,
3024194,Found,,Windows 10,chrome 62.0,3200x1800,desktop,Windows
3028025,Found,,,chrome 62.0,,desktop,Windows
3028104,New,,,chrome 62.0,,desktop,Windows
3028121,Found,,,chrome 62.0 for android,,mobile,SM-A320Y Build/NRD90M
3028152,New,,,chrome 61.0,,desktop,Windows
3028168,Found,,,chrome 61.0,,desktop,Windows
3024254,Unknown,,Windows 10,chrome 62.0,1366x768,desktop,Windows
3028213,New,,,chrome 62.0 for android,,mobile,SM-J700M Build/MMB29K
3028197,New,,,chrome 62.0,,desktop,
3028302,New,,,chrome 62.0 for android,,mobile,HUAWEI
3028361,Found,,,chrome 63.0 for android,,mobile,SM-J700M Build/MMB29K
3028507,New,,,firefox 57.0,,desktop,Windows
3028613,Found,,,chrome 62.0,,desktop,Windows
3028617,New,,,ie 11.0 for desktop,,desktop,Trident/7.0
3028665,New,,,chrome 62.0,,desktop,Windows
3028759,New,,,chrome 62.0 for android,,mobile,SM-G610M Build/MMB29K
3028757,New,,,chrome 62.0 for android,,mobile,SM-G610M Build/MMB29K
3029119,New,,,chrome 61.0 for android,,mobile,VerykoolS5030
3029288,New,,,chrome 62.0 for android,,mobile,Ilium X710 Build/MRA58K
3037123,New,,Windows 10,edge 16.0,,desktop,Windows
3033218,New,,Windows 7,chrome 62.0,1366x768,desktop,Windows
3037275,New,IP_PROXY:TRANSPARENT,iOS 11.1.2,mobile safari 11.0,1334x750,mobile,iOS Device
3029503,Found,,,chrome 59.0 for android,,mobile,LG-D693n Build/LRX22G
3029593,Unknown,,,mobile safari 11.0,,mobile,
3037308,New,IP_PROXY:TRANSPARENT,iOS 11.1.2,mobile safari 11.0,1334x750,mobile,iOS Device
3029622,Found,,,chrome 62.0,,desktop,Windows
3029686,New,,,chrome 58.0,,desktop,
3029724,New,,,chrome 62.0 for android,,mobile,SM-G610M Build/MMB29K
3029689,Found,,,chrome generic,,mobile,Moto G (4) Build/NPJ25.93-14.5
3029792,New,,,chrome 62.0 for android,,mobile,Moto C Build/NRD90M.063
3030035,New,,,chrome 62.0 for android,,mobile,BLL-L23 Build/HUAWEIBLL-L23
3030040,Found,,,chrome 62.0,,desktop,
3030125,New,,,chrome 62.0 for android,,mobile,BLL-L23 Build/HUAWEIBLL-L23
3030322,New,,,chrome 62.0,,desktop,Windows
3038361,New,,iOS 11.1.2,mobile safari 11.0,2208x1242,mobile,iOS Device
3034425,Found,,Windows 10,ie 11.0 for tablet,,desktop,Trident/7.0
3034422,Found,,Windows 10,ie 11.0 for tablet,,desktop,Trident/7.0
3030515,New,,,mobile safari 11.0,,mobile,
3030567,Found,,,mobile safari 11.0,,mobile,
3034409,Found,,iOS 11.1.1,mobile safari 11.0,2208x1242,mobile,iOS Device
3034421,Found,,iOS 11.1.1,mobile safari 11.0,2208x1242,mobile,iOS Device
3030529,New,,,mobile safari 11.0,,mobile,
3034533,New,,iOS 10.3.1,mobile safari 10.0,2048x1536,mobile,iOS Device
3026939,New,,Windows 10,chrome 63.0,1366x768,desktop,Windows
3026900,Found,,Windows 10,chrome 63.0,1366x768,desktop,Windows
3026955,Found,,Windows 10,chrome 63.0,1366x768,desktop,Windows
3030803,Found,,,chrome 62.0 for android,,mobile,BLADE V8 SE Build/NRD90M
3030848,Unknown,,,mobile safari 11.0,,mobile,
3034846,Found,,Windows 10,chrome 62.0,1366x768,desktop,Windows
3030852,Unknown,,,mobile safari 11.0,,mobile,
3027316,Found,,Android 7.0,firefox,2672x1440,mobile,LG-H871
3027317,Found,,Android 7.0,firefox,2672x1440,mobile,LG-H871
3031067,Found,,,firefox 57.0,,desktop,
3035052,New,,iOS 10.3.3,mobile safari 10.0,2048x1536,mobile,iOS Device
3035077,New,,,chrome 62.0,,desktop,
3051675,Found,,Windows 10,chrome 62.0,1920x1080,desktop,Windows
3031394,New,,,chrome 62.0 for android,,mobile,LG-K500 Build/MMB29M
3031363,New,,,chrome 62.0 for android,,mobile,XT1032 Build/LPBS23.13-56-2
3031564,New,,,chrome,,mobile,LG-D693n Build/LRX22G
3031644,,,,,,,
3031684,New,,,chrome 52.0 for android,,mobile,SM-G532M Build/MMB29T
3031676,New,,,chrome 62.0,,desktop,Windows
3031677,Found,,,chrome 62.0,,desktop,Windows
3031722,Found,,,chrome 63.0,,desktop,Windows
3035649,Found,,Windows 10,edge 14.0,,desktop,Windows
3031748,New,,,chrome 62.0,,desktop,
3031770,New,,,chrome generic,,mobile,XT1032 Build/KXB21.14-L1.40
3031812,Found,,,chrome 62.0,,desktop,Windows
3031806,Unknown,,,mobile safari 11.0,,mobile,
3052360,Found,,Windows 10,edge 15.0,1280x1024,desktop,Windows
3039722,Unknown,,Windows 10,chrome 62.0,1920x1080,desktop,Windows
3035770,Found,,iOS 11.1.2,mobile safari generic,1334x750,mobile,iOS Device
3031872,Found,,,chrome 62.0,,desktop,
3031912,Found,,,chrome 62.0,,desktop,
3031870,Found,,,chrome 63.0,,desktop,Windows
3031988,New,,,edge 15.0,,desktop,Windows
3031985,Found,,,edge 16.0,,desktop,Windows
3040075,New,,iOS 11.1.2,mobile safari 11.0,2048x1536,mobile,iOS Device
3032204,Unknown,,,mobile safari 11.0,,mobile,
3040110,Found,,iOS 11.1.2,mobile safari 11.0,2048x1536,mobile,iOS Device
3052731,New,,iOS 11.1.2,mobile safari 11.0,1334x750,mobile,iOS Device
3032257,New,,,chrome 55.0,,desktop,
3040093,Found,,iOS 11.1.2,mobile safari 11.0,2048x1536,mobile,iOS Device
3032274,New,,,chrome 62.0 for android,,mobile,SM-J700M Build/LMY48B
3032262,New,,,chrome 62.0,,desktop,
3032264,Found,,,chrome 62.0,,desktop,
3032297,New,,,mobile safari 11.0,,mobile,
3032324,New,,,samsung browser 6.2,,mobile,SAMSUNG
3032294,Found,,,chrome 62.0,,desktop,Windows
3032304,Found,,,chrome 62.0,,desktop,Windows
3032371,Found,,,chrome 63.0,,desktop,Windows
3032328,Unknown,,,mobile safari 11.0,,mobile,
3032410,New,,,chrome 63.0,,desktop,Windows
3032452,Found,,,chrome 62.0,,desktop,Windows
3032458,New,,,chrome 62.0,,desktop,
3032479,Found,,,chrome generic,,mobile,Moto G (4) Build/NPJS25.93-14-10
3032549,Unknown,,,chrome 62.0 for ios,,mobile,
3032573,New,,,chrome generic,,mobile,Moto G (5) Plus Build/NPN25.137-72
3032587,Found,,,chrome generic,,mobile,Moto G (5) Plus Build/NPN25.137-72
3032588,Found,,,chrome generic,,mobile,Moto G (5) Plus Build/NPN25.137-72
3040904,New,,Mac OS X 10_13_1,safari generic,5120x2880,desktop,MacOS
3036845,Unknown,,Windows 7,chrome 62.0,1366x768,desktop,Windows
3053646,New,,,chrome 62.0 for android,,mobile,SM-G610M Build/MMB29K
3033202,Found,,,chrome 62.0,,desktop,Windows
3033444,Unknown,,,chrome 62.0 for android,,mobile,SM-T713 Build/NRD90M
3033471,New,,,chrome 61.0 for android,,mobile,HUAWEI VNS-L53 Build/HUAWEIVNS-L53
3033750,New,,,chrome 62.0 for android,,mobile,SM-G531H Build/LMY48B
3033791,New,,,chrome 62.0,,desktop,Windows
3033776,Found,,,chrome 62.0,,desktop,Windows
3033767,Found,,,chrome 62.0,,desktop,Windows
3033929,New,,,chrome 61.0 for android,,mobile,LG-X180g Build/LMY47I
3033892,New,,,chrome 62.0 for android,,mobile,HUAWEI VNS-L23 Build/HUAWEIVNS-L23
3034147,New,,,chrome 62.0,,desktop,
3034160,New,,,chrome 62.0 for android,,mobile,F3113 Build/33.3.A.1.97
3034252,New,,,chrome 62.0,,desktop,
3038133,New,,iOS 11.1.2,mobile safari 11.0,1334x750,mobile,iOS Device
3034202,New,,,chrome 62.0 for android,,mobile,Moto G Play Build/MPIS24.241-15.3-7
3038356,Found,,Windows 10,ie 11.0 for tablet,,desktop,Trident/7.0
3038390,Found,,Windows 10,ie 11.0 for tablet,,desktop,Trident/7.0
3030532,,,,,,,
3034593,New,,,chrome 63.0,,desktop,
3034537,New,,,chrome 62.0 for android,,mobile,E6853
3038564,New,,,chrome 60.0,,desktop,
3034679,New,,,chrome 62.0 for android,,mobile,HUAWEI TAG-L13 Build/HUAWEITAG-L13
3038556,Found,,,chrome 60.0,,desktop,
3034791,New,,,edge 16.0,,desktop,Windows
3034824,New,,,chrome 63.0 for android,,mobile,LG-M154
3038961,New,,Mac OS X 10_13_1,chrome 62.0,1440x900,desktop,MacOS
3035104,New,,,chrome 62.0,,desktop,Windows
3039043,Unknown,,,mobile safari 11.0,,mobile,
3039150,New,,iOS 11.1.2,mobile safari 11.0,1136x640,mobile,iOS Device
3039253,Found,,iOS 11.1.2,mobile safari 11.0,1136x640,mobile,iOS Device
3035373,,,,,,,
3035450,New,,,chrome 62.0,,desktop,Windows
3035501,New,,,chrome 62.0,,desktop,Windows
3035536,New,,,android webview 4.0,,mobile,es-us
3043766,Found,,Windows 10,chrome 62.0,1366x768,desktop,Windows
3035738,Found,,,chrome 62.0,,desktop,Windows
3035786,New,,,chrome 63.0 for android,,mobile,MotoG3 Build/MPI24.65-33.1-2
3039789,New,,iOS 11.1.2,mobile safari 11.0,1136x640,mobile,iOS Device
3048209,Found,,Windows 7,firefox 55.0,1366x768,desktop,rv:55.0
3035965,New,,,chrome 63.0,,desktop,Windows
3036093,Found,,,chrome 62.0,,desktop,Windows
3036118,New,,,chrome 62.0,,desktop,Windows
3040034,New,,iOS 10.3.3,mobile safari 10.0,1334x750,mobile,iOS Device
3036078,Found,,,chrome 63.0,,desktop,Windows
3036153,Found,,,chrome 62.0,,desktop,Windows
3036130,New,,,firefox 57.0,,desktop,rv:57.0
3036134,New,,,chrome 62.0 for android,,mobile,Moto G Play Build/MPIS24.241-15.3-26
3036188,New,,,chrome 63.0 for android,,mobile,Lenovo TB-7703X Build/S100
3036190,New,,,chrome 63.0,,desktop,Windows
3036230,New,,,chrome 62.0,,desktop,Windows
3036206,New,,,chrome 62.0,,desktop,Windows
3036248,New,,,chrome 62.0,,desktop,Windows
3040275,Found,,Windows 7,ie 11.0 for desktop,1600x900,desktop,Trident/7.0
3036268,New,,,chrome 50.0 for android,,mobile,LT30p
3036274,Found,,,chrome 62.0,,desktop,Windows
3032418,Found,,Windows 10,chrome 63.0,1920x1080,desktop,Windows
3040328,New,,iOS 11.0.3,mobile safari 11.0,2208x1242,mobile,iOS Device
3036346,New,,,safari generic,,desktop,
3036339,New,,,chrome 62.0 for android,,mobile,MHA-L09 Build/HUAWEIMHA-L09
3036334,Found,,,chrome 62.0,,desktop,Windows
3036385,Found,,,chrome 62.0 for android,,mobile,SM-G935F Build/NRD90M
3044700,New,,Windows 10,chrome 61.0,1366x768,desktop,Windows
3044701,Found,,Windows 10,chrome 61.0,1366x768,desktop,Windows
3036467,New,,,opera,,mobile,Mi A1 Build/N2G47H
3057440,Found,,Android 7.0,chrome 62.0 for android,1920x1080,mobile,SAMSUNG-SM-G935A Build/NRD90M
3036611,New,,,samsung browser 6.2,,mobile,SAMSUNG SM-J700M Build/MMB29K
3036598,New,,,chrome 50.0 for android,,mobile,LG-X220 Build/LMY47I
3036855,New,,,chrome 62.0,,desktop,Windows
3057975,Found,,,chrome 62.0 for android,,mobile,SM-G610M Build/MMB29K
3036952,New,,,chrome 62.0,,desktop,Windows
3037007,New,,,chrome 58.0 for android,,mobile,BLADE V8 Build/NRD90M
3041590,New,,Mac OS X 10_13_2,safari generic,2560x1600,desktop,MacOS
3037401,New,,,chrome 63.0,,desktop,Windows
3037430,New,,,chrome 62.0,,desktop,Windows
3041595,New,,iOS 11.1.2,mobile safari 11.0,1334x750,mobile,iOS Device
3037435,New,,,chrome 62.0,,desktop,Windows
3037484,Found,,,chrome 63.0,,desktop,Windows
3037550,Found,,,chrome 63.0,,desktop,Windows
3037749,New,,,chrome 62.0,,desktop,
3037770,Found,,,chrome 63.0 for android,,mobile,TA-1038
3037922,Found,,,chrome 61.0 for android,,mobile,SM-J700M Build/MMB29K
3037967,New,,Android 5.1.1,chrome 63.0 for android,801x480,mobile,SM-J100VPP Build/LMY48B
3037975,New,,,chrome 62.0,,desktop,Windows
3038159,New,,,chrome 63.0,,desktop,
3038207,New,,,firefox 57.0,,desktop,Linux x86_64
3038191,New,,,chrome 62.0,,desktop,Windows
3038212,New,,,chrome 62.0,,desktop,
3038298,New,,,chrome 63.0,,desktop,Windows
3038346,New,,,chrome 63.0,,desktop,Windows
3038456,Found,,,chrome 62.0,,desktop,Windows
3038366,New,,,chrome 63.0,,desktop,
3034574,,,,,,,
3038526,New,IP_PROXY:TRANSPARENT,,ie 11.0 for desktop,,desktop,rv:11.0
3034642,,,,,,,
3038767,Found,,,chrome 63.0,,desktop,Windows
3038862,Found,,,mobile safari generic,,mobile,
3038939,Found,,,edge 15.0,,desktop,Windows
3038926,New,,,chrome 63.0 for android,,mobile,CAM-L03 Build/HUAWEICAM-L03
3039031,New,,,chrome 62.0 for android,,mobile,SM-G610M Build/MMB29K
3038949,Found,,,chrome 63.0,,desktop,Windows
3039024,New,,,chrome 63.0 for android,,mobile,SM-G570M Build/MMB29K
3039106,New,,,chrome 62.0 for android,,mobile,SM-G570M Build/MMB29K
3039190,Found,,,mobile safari 10.0,,mobile,
3039573,Unknown,,,mobile safari 11.0,,mobile,
3039613,New,,,chrome 63.0,,desktop,Windows
3060995,New,,,chrome 62.0,,desktop,Windows
3039715,New,,,chrome 62.0,,desktop,Windows
3039772,New,,,chrome 62.0,,desktop,Windows
3039808,Found,,,chrome 62.0,,desktop,Windows
3039915,New,,,mobile safari generic,,mobile,
3039920,Unknown,,,firefox 57.0,,desktop,Windows
3039932,Found,,,chrome 60.0 for android,,mobile,SM-G531H Build/LMY48B
3039937,Unknown,,,mobile safari 11.0,,mobile,
3040017,Found,,,chrome 62.0,,desktop,Windows
3061540,Found,,,chrome 63.0 for android,,mobile,GT-I9500
3040063,New,,,chrome 62.0,,desktop,Windows
3039999,Unknown,,,mobile safari 11.0,,mobile,
3040051,Unknown,,,mobile safari 11.0,,mobile,
3040058,Unknown,,,mobile safari 11.0,,mobile,
3040094,Unknown,,,mobile safari 11.0,,mobile,
3040044,Unknown,,,mobile safari 11.0,,mobile,
3040089,New,,,chrome 62.0 for android,,mobile,SM-G935F Build/NRD90M
3040090,New,,,edge 14.0,,desktop,Windows
3040190,New,,,chrome 62.0,,desktop,Windows
3048631,New,,Windows 10,edge 16.0,,desktop,Windows
3040233,Unknown,,,mobile safari 11.0,,mobile,
3044449,New,,iOS 10.3.3,mobile safari 10.0,1334x750,mobile,iOS Device
3061752,Found,,Windows 10,firefox 57.0,1366x768,desktop,Windows
3040240,Unknown,,,mobile safari 11.0,,mobile,
3040284,New,,,chrome 63.0,,desktop,
3040310,Found,,,chrome 63.0 for android,,mobile,ALE-L23 Build/HuaweiALE-L23
3040341,Found,,,chrome 63.0,,desktop,Windows
3048750,Found,,Mac,firefox 48.0,1440x900,desktop,rv:48.0
3040452,New,,,chrome generic,,mobile,Moto G (5) Build/NPP25.137-82
3040446,New,,,chrome 62.0 for android,,mobile,ALE-L23 Build/HuaweiALE-L23
3040440,Found,,,chrome generic,,mobile,Moto G (5) Build/NPP25.137-82
3040475,Found,,,chrome generic,,mobile,Moto G (5) Build/NPP25.137-82
3040456,New,,,chrome generic,,mobile,Moto E (4) Plus Build/NMA26.42-69
3040476,Found,,,chrome generic,,mobile,Moto E (4) Plus Build/NMA26.42-69
3040469,Found,,,chrome generic,,mobile,Moto G (5) Build/NPP25.137-82
3040494,Unknown,,,mobile safari 11.0,,mobile,
3040548,Found,,,chrome generic,,mobile,Moto G (5) Build/NPP25.137-82
3040550,Found,,,chrome generic,,mobile,Moto G (5) Build/NPP25.137-82
3062197,Found,,,chrome 62.0 for android,,mobile,LG-K410 Build/LRX22G
3062201,Found,,,chrome 62.0 for android,,mobile,LG-K410 Build/LRX22G
3048987,Found,,Windows 10,edge 16.0,1920x1080,desktop,Windows
3040846,,,,,,,
3040884,Found,,,chrome 62.0,,desktop,
3040837,New,,,chrome 62.0,,desktop,Windows
3040952,Unknown,,,mobile safari 11.0,,mobile,
3049290,New,,Windows 7,ie 11.0 for desktop,1600x900,desktop,Trident/7.0
3045220,New,,Mac OS X 10_10_5,safari generic,2560x1440,desktop,MacOS
3041038,New,,,chrome 63.0,,desktop,Windows
3041085,Unknown,,,mobile safari 11.0,,mobile,
3041187,Found,,,chrome 60.0 for android,,mobile,Hisense L675 Build/MRA58K
3041140,Found,,,chrome 63.0,,desktop,
3041173,New,,,chrome 62.0,,desktop,
3041174,Found,,,chrome 63.0 for android,,mobile,ALE-L23 Build/HuaweiALE-L23
3041217,New,,,chrome 62.0,,desktop,Windows
3041275,Found,,,chrome 62.0,,desktop,Windows
3041255,Found,,,chrome 62.0,,desktop,Windows
3041308,New,,,chrome 63.0,,desktop,Windows
3041204,Found,,,chrome 63.0,,desktop,Windows
3041752,Found,,,firefox 57.0,,desktop,Windows
3063413,New,,Windows 10,ie 11.0 for desktop,1680x1050,desktop,Windows
3041760,New,,,firefox 52.0,,desktop,
3041800,New,,,chrome 62.0 for android,,mobile,SM-J730GM Build/NRD90M
3041882,New,,,chrome 62.0,,desktop,Windows
3042239,Unknown,,,firefox 57.0,,desktop,
3042313,New,,,chrome 63.0,,desktop,Windows
3042444,New,,,chrome 63.0,,desktop,Windows
3042525,Found,,,chrome 62.0,,desktop,Windows
3042624,Found,,,chrome 62.0,,desktop,Windows
3042627,New,,,chrome 59.0 for android,,mobile,Hisense L675 Build/MRA58K
3042697,Found,,,chrome 62.0 for android,,mobile,F3313 Build/37.0.A.2.108
3046908,Found,,Windows 7,chrome 62.0,1280x1024,desktop,Windows
3046957,New,,iOS 9.3.5,mobile safari 9.0,1136x640,mobile,iOS Device
3042754,New,,,chrome 63.0,,desktop,Windows
3038759,Found,,Windows Vista,chrome 49.0,1440x900,desktop,Windows
3043040,New,,,chrome 63.0,,desktop,Windows
3039032,New,,iOS 11.1.2,mobile safari 11.0,1136x640,mobile,iOS Device
3043232,New,,,chrome 62.0,,desktop,Windows
3043299,New,,,chrome 62.0,,desktop,Windows
3047555,New,,iOS 10.3.1,mobile safari 10.0,1334x750,mobile,iOS Device
3043321,New,,,chrome 63.0 for android,,mobile,TRT-L53 Build/HUAWEITRT-L53
3043601,New,,,firefox 57.0,,desktop,Windows
3043673,New,,,chrome 62.0 for android,,mobile,XT1032 Build/LPBS23.13-56-2
3043758,,,,,,,
3043889,New,,,chrome 62.0,,desktop,Windows
3043950,Found,,,chrome 62.0,,desktop,Windows
3052439,New,,Mac,chrome 63.0,1920x1080,desktop,MacOS
3044127,Found,,,chrome 62.0,,desktop,Windows
3044150,Found,,,firefox 57.0,,desktop,rv:57.0
3044177,New,,,chrome 62.0 for android,,mobile,Blade V6 Plus Build/MRA58K
3044186,New,,,chrome 63.0,,desktop,Windows
3044246,New,,,chrome 63.0 for android,,mobile,XT1635-02 Build/NPN26.118-22-2
3044262,Found,,,chrome 63.0 for android,,mobile,XT1635-02 Build/NPN26.118-22-2
3044241,New,,,chrome 63.0 for android,,mobile,Moto G Play Build/MPIS24.241-15.3-7
3044267,Found,,,chrome 63.0 for android,,mobile,Moto G Play Build/MPIS24.241-15.3-7
3052623,Found,,Windows 10,chrome 63.0,1366x768,desktop,Windows
3044325,Found,,,firefox 57.0,,desktop,rv:57.0
3044274,Found,,,chrome 62.0,,desktop,Windows
3044297,Found,,,firefox 57.0,,desktop,rv:57.0
3044266,New,,,chrome 62.0,,desktop,Windows
3044299,New,,,chrome 62.0,,desktop,Windows
3044391,New,,,chrome generic,,mobile,Moto G (4) Build/NPJ25.93-14.5
3044394,New,,,chrome 62.0 for android,,mobile,HUAWEI G7-L03 Build/HuaweiG7-L03
3044472,New,,,chrome 62.0,,desktop,
3044493,New,,,chrome 62.0,,desktop,Windows
3044495,Found,,,mobile safari 10.0,,mobile,
3044484,New,,,chrome 54.0 for android,,mobile,4027A Build/KOT49H
3044508,Found,,,mobile safari 10.0,,mobile,
3044586,New,,,chrome 62.0,,desktop,Windows
3044585,Found,,,chrome 62.0,,desktop,Windows
3044616,Found,,,chrome 50.0 for android,,mobile,SM-G610M Build/MMB29K
3044709,Found,,,chrome 62.0 for android,,mobile,SM-J700M Build/MMB29K
3044717,New,,,chrome 62.0 for android,,mobile,LG-H650 Build/MRA58K
3044718,Found,,,chrome 63.0 for android,,mobile,SM-E500M Build/KTU84P
3044785,Found,,,chrome 62.0 for android,,mobile,LG-H650 Build/MRA58K
3044807,Found,,,chrome 62.0 for android,,mobile,LG-H650 Build/MRA58K
3049065,New,,iOS 11.0.3,mobile safari 11.0,1334x750,mobile,iOS Device
3044958,New,,,chrome generic,,mobile,Moto E (4) Plus Build/NMA26.42-69
3049156,New,,iOS 10.3.1,mobile safari 10.0,2208x1242,mobile,iOS Device
3045065,Unknown,,,mobile safari 11.0,,mobile,
3045210,New,,,chrome 62.0,,desktop,
3049346,New,,Windows 10,edge 15.0,1280x1024,desktop,Windows
3045278,New,,,chrome 49.0,,desktop,
3045227,Unknown,,,chrome 63.0,,desktop,Windows
3045285,Found,,,chrome 63.0,,desktop,Windows
3045335,Found,,,chrome 62.0,,desktop,
3049599,New,,iOS 11.2.0,mobile safari 11.0,2436x1125,mobile,iOS Device
3045478,Found,,,chrome 63.0,,desktop,Windows
3045458,,,,,,,
3045404,Found,,,chrome 63.0,,desktop,Windows
3045620,New,,,chrome 62.0 for android,,mobile,Hisense F20 Build/MMB29M
3049656,New,,Windows 7,chrome 63.0,1440x900,desktop,Windows
3045623,Unknown,,,mobile safari 11.0,,mobile,
3045756,Found,,,firefox 57.0,,desktop,rv:57.0
3045894,New,,,chrome 63.0,,desktop,Windows
3045951,New,,,chrome 62.0 for android,,mobile,PRA-LX3 Build/HUAWEIPRA-LX3
3058980,Found,,Windows 10,chrome 63.0,1400x1050,desktop,Windows
3046015,New,IP_PROXY:ANONYMOUS,,ie 11.0 for desktop,,desktop,Trident/7.0
3046072,Found,,,chrome 63.0,,desktop,
3046217,Found,,,firefox 57.0,,desktop,rv:57.0
3041946,Found,,Windows 7,chrome 63.0,1600x900,desktop,Windows
3046423,New,,,chrome 63.0,,desktop,
3042227,New,,Windows 7,ie 11.0 for desktop,,desktop,Trident/7.0
3054974,Found,,Windows 10,chrome 63.0,2560x1080,desktop,Windows
3046483,New,,,chrome 62.0,,desktop,Windows
3046705,New,,,chrome 62.0,,desktop,Windows
3055125,Found,,iOS 11.1.2,mobile safari 11.0,1334x750,mobile,iOS Device
3055143,Found,,iOS 11.1.2,mobile safari 11.0,1334x750,mobile,iOS Device
3046726,Found,,,firefox 57.0,,desktop,Windows
3046722,New,,,chrome 63.0,,desktop,Windows
3046916,New,,,chrome 63.0,,desktop,
3046955,New,,,chrome 63.0,,desktop,Windows
3046938,New,,,firefox 57.0,,desktop,rv:57.0
3051240,New,,Android 7.0,chrome 63.0 for android,2560x1440,mobile,VS987 Build/NRD90U
3047134,New,,,chrome 62.0,,desktop,
3047206,Found,,,chrome 61.0 for android,,mobile,SM-J120H Build/LMY47V
3047279,Unknown,,,firefox 57.0,,desktop,Windows
3047482,Found,,,chrome 62.0,,desktop,Windows
3047540,New,,,chrome 62.0 for android,,mobile,SM-J320M Build/LMY47V
3047544,Unknown,,,chrome 63.0,,desktop,Windows
3047601,Unknown,,,chrome 63.0,,desktop,Windows
3047605,Found,,,safari generic,,desktop,
3047597,Found,,,chrome 63.0,,desktop,Windows
3047676,Found,,,chrome 63.0,,desktop,Windows
3047602,Unknown,,,firefox 57.0,,desktop,Windows
3047692,Found,,,chrome 63.0,,desktop,Windows
3047700,Found,,,chrome 63.0,,desktop,Windows
3047720,Found,,,chrome 63.0,,desktop,Windows
3047709,New,,,chrome 62.0 for android,,mobile,SM-J320M Build/LMY47V
3047606,Found,,,chrome 63.0,,desktop,Windows
3047734,Found,,,chrome 63.0,,desktop,Windows
3047655,New,,,chrome 56.0 for android,,mobile,HUAWEI Y625-U13 Build/HUAWEIY625-U13
3047724,New,,,chrome 63.0,,desktop,Windows
3047793,Found,,,chrome 56.0 for android,,mobile,HUAWEI Y625-U13 Build/HUAWEIY625-U13
3047835,Unknown,,,samsung browser 6.2,,mobile,SAMSUNG SM-G610M Build/MMB29K
3047878,Found,,,chrome 62.0,,desktop,
3047882,Found,,,chrome 56.0 for android,,mobile,HUAWEI Y625-U13 Build/HUAWEIY625-U13
3047807,Found,,,chrome 62.0 for android,,mobile,E6833
3047812,Found,,,chrome 56.0 for android,,mobile,HUAWEI Y625-U13 Build/HUAWEIY625-U13
3047873,Found,,,chrome 56.0 for android,,mobile,HUAWEI Y625-U13 Build/HUAWEIY625-U13
3056200,New,IP_PROXY:TRANSPARENT,iOS 11.1.2,mobile safari 11.0,2208x1242,mobile,iOS Device
3048131,New,,,chrome 62.0 for android,,mobile,LG-X210 Build/LMY47I
3048165,New,,,mobile safari generic,,mobile,
3048186,Found,,,chrome 62.0 for android,,mobile,LG-X210 Build/LMY47I
3048200,Found,,,chrome 62.0 for android,,mobile,LG-X210 Build/LMY47I
3048171,New,,,chrome 62.0 for android,,mobile,SM-J700M Build/LMY48B
3048161,Found,,,chrome 56.0 for android,,mobile,SM-G920T1
3048223,Unknown,,,mobile safari 11.0,,mobile,
3048176,New,,,ie 11.0 for desktop,,desktop,Trident/7.0
3048257,Found,,,ie 11.0 for desktop,,desktop,Trident/7.0
3048310,Found,,,chrome 63.0 for android,,mobile,SM-G935F Build/NRD90M
3048272,Found,,,chrome 63.0 for android,,mobile,SM-G935F Build/NRD90M
3048264,New,,,chrome 63.0,,desktop,Windows
3048436,New,,,ie 11.0 for desktop,,desktop,Trident/7.0
3048419,New,,,chrome 62.0,,desktop,Windows
3048524,Found,,,chrome 63.0,,desktop,Windows
3048491,Found,,,chrome 63.0,,desktop,Windows
3048440,New,,,chrome 62.0 for android,,mobile,SM-J700M Build/MMB29K
3052761,New,,Mac OS X 10_12_6,safari generic,1280x800,desktop,MacOS
3048515,Found,,,chrome 63.0,,desktop,Windows
3048538,New,,,mobile safari generic,,mobile,
3048576,Unknown,,,mobile safari 11.0,,mobile,
3048651,Unknown,,,safari generic,,desktop,
3048654,New,,,chrome generic,,mobile,Moto E (4) Build/NMA26.42-19
3048671,New,,,chrome 63.0,,desktop,Windows
3048687,Found,,,chrome 63.0,,desktop,Windows
3048701,Found,,,chrome 63.0,,desktop,
3048678,Found,,,chrome 63.0,,desktop,Windows
3048718,New,,,firefox 57.0,,desktop,Windows
3048763,Found,,,chrome 62.0,,desktop,Windows
3048783,New,,,chrome 63.0 for android,,mobile,SM-A320Y Build/NRD90M
3048778,Found,,,edge 16.0,,desktop,Windows
3048792,New,,,chrome 62.0 for android,,mobile,SM-J700M Build/MMB29K
3048834,Found,,,chrome 59.0 for android,,mobile,SM-J120H Build/LMY47V
3048832,New,,,chrome 63.0,,desktop,Windows
3053062,Unknown,,,mobile safari 10.0,,mobile,
3048885,Unknown,,,mobile safari 11.0,,mobile,
3053206,Unknown,,iOS 10.3.3,mobile safari 10.0,1136x640,mobile,iOS Device
3049059,New,,,chrome 63.0,,desktop,Windows
3057705,Found,,Android 7.0,chrome 63.0 for android,2560x1440,mobile,SAMSUNG-SM-G920A Build/NRD90M
3057813,New,,Windows 7,chrome 62.0,1920x1080,desktop,Windows
3053503,New,,Windows 10,chrome 63.0,1366x768,desktop,Windows
3045126,New,,Windows 7,firefox 57.0,1680x1050,desktop,Windows
3049398,Found,,,chrome 63.0,,desktop,Windows
3045247,Found,,Windows 7,firefox 57.0,1680x1050,desktop,Windows
3049530,New,,,chrome 63.0,,desktop,Windows
3053843,New,,Windows 10,ie 11.0 for desktop,1920x1080,desktop,Trident/7.0
3049644,New,,,chrome generic,,mobile,Moto E (4) Build/NMA26.42-69
3049879,New,,,ie 11.0 for desktop,,desktop,Trident/7.0
3063185,Found,,Windows 7,chrome 63.0,1920x1080,desktop,Windows
3049835,Unknown,,,mobile safari 11.0,,mobile,
3049959,New,,,ie 11.0 for tablet,,desktop,Trident/7.0
3054250,Found,,Windows 10,chrome 63.0,1920x1080,desktop,Windows
3054289,New,IP_PROXY:TRANSPARENT,Windows 7,chrome 63.0,1600x1200,desktop,Windows
3050096,New,,,chrome 63.0,,desktop,
3054407,New,,Windows 10,chrome 63.0,1366x768,desktop,Windows
3050147,New,,,chrome 63.0,,desktop,Windows
3050132,New,,,firefox,,desktop,
3050181,New,,,edge 15.0,,desktop,Windows
3050162,New,,,chrome 62.0 for android,,mobile,SM-J700M Build/MMB29K
3050291,New,,,chrome 62.0 for android,,mobile,ALE-L23 Build/HuaweiALE-L23
3050274,New,IP_PROXY:HIDDEN,,ie 11.0 for desktop,,desktop,rv:11.0
3050446,New,,,chrome 61.0 for android,,mobile,LG-H500 Build/LRX21Y
3050478,New,,,chrome 63.0,,desktop,Windows
3050436,New,,,chrome 63.0,,desktop,Windows
3050469,New,,,firefox 52.0,,desktop,
3050638,Found,,,chrome 61.0 for android,,mobile,LG-H500 Build/LRX21Y
3050677,New,,,chrome 62.0 for android,,mobile,CRO-L03 Build/HUAWEICRO-L03
3050656,New,,,chrome 63.0,,desktop,
3050706,New,,,firefox 52.0,,desktop,
3050704,Found,,,firefox 52.0,,desktop,
3050755,New,,,chrome 59.0 for android,,mobile,Moto C Plus Build/NRD90M.05.034
3050752,Found,,,chrome 62.0,,desktop,Windows
3050787,New,,,chrome 63.0,,desktop,Windows
3059739,Found,,Android 6.0.1,chrome 62.0 for android,1920x1080,mobile,SM-G900P Build/MMB29M
3050985,New,,,chrome 63.0 for android,,mobile,SM-A710M Build/LMY47X
3050914,Found,,,chrome 49.0,,desktop,
3050864,Found,,,firefox 52.0,,desktop,
3051044,New,,,chrome 59.0 for android,,mobile,8050G Build/LMY47I
3055361,,,,,,,
3051031,Found,,,firefox 52.0,,desktop,
3050977,Found,,,firefox 52.0,,desktop,
3055462,Found,,Mac OS X 10_10_5,chrome 63.0,1280x800,desktop,MacOS
3051129,New,,,chrome 63.0,,desktop,
3074803,New,,,chrome 63.0 for android,,mobile,LG-X210 Build/LMY47I
3051421,New,,,chrome 62.0 for android,,mobile,HUAWEI G7-L03 Build/HuaweiG7-L03
3051549,,,,,,,
3051540,New,,,chrome 62.0 for android,,mobile,SM-J700M Build/MMB29K
3051498,New,,,ie 11.0 for desktop,,desktop,Trident/7.0
3051632,Found,,,chrome 56.0 for android,,mobile,LG-H500 Build/LRX21Y
3055780,Found,IP_PROXY:ANONYMOUS,Windows 7,chrome 63.0,1366x768,desktop,Windows
3051568,New,IP_PROXY:TRANSPARENT,,chrome 63.0,,desktop,
3051718,Found,,,chrome 62.0 for android,,mobile,BLL-L23 Build/HUAWEIBLL-L23
3051653,New,,,chrome generic,,mobile,Moto G (4) Build/NPJS25.93-14-10
3051684,Found,,,chrome 62.0 for android,,mobile,BLL-L23 Build/HUAWEIBLL-L23
3051617,New,,,chrome 63.0 for android,,mobile,moto x4 Build/NPW26.83-18-2-0-4
3051807,Found,,,edge 16.0,,desktop,Windows
3051846,Found,,,chrome generic,,mobile,Moto G (4) Build/NPJ25.93-14.5
3051780,New,,,chrome 63.0 for android,,mobile,SM-J700M Build/MMB29K
3051830,Found,,,chrome 62.0 for android,,mobile,BLL-L23 Build/HUAWEIBLL-L23
3051796,Found,,,chrome generic,,mobile,Moto G (4) Build/NPJ25.93-14.5
3051797,Found,,,chrome generic,,mobile,Moto G (4) Build/NPJ25.93-14.5
3051805,Found,,,chrome generic,,mobile,Moto G (4) Build/NPJ25.93-14.5
3051907,New,,,chrome 63.0,,desktop,Windows
3051937,New,,,chrome 63.0,,desktop,Windows
3056361,,,,,,,
3052093,New,IP_PROXY:ANONYMOUS,,chrome 63.0,,desktop,Windows
3052212,New,,,chrome 63.0 for android,,mobile,Blade V6 Plus Build/MRA58K
3052258,Unknown,,,mobile safari 10.0,,mobile,
3056520,New,,Windows 10,chrome 63.0,1805x1015,desktop,Windows
3056534,Found,,Windows 10,chrome 63.0,1805x1015,desktop,Windows
3052349,New,,,chrome 63.0,,desktop,Windows
3052359,Unknown,,,chrome 63.0 for android,,mobile,Ilium X210 Build/LMY47I
3052351,New,,,chrome 63.0,,desktop,
3052310,Unknown,,,mobile safari uiwebview,,mobile,
3061425,New,,Android 4.4.2,chrome 63.0 for android,1920x1080,mobile,SM-S902L
3052596,Unknown,,,mobile safari 11.0,,mobile,
3052581,Unknown,,,mobile safari 11.0,,mobile,
3056914,Found,,Mac OS X 10_9_5,safari generic,2560x1600,desktop,MacOS
3052654,New,,,chrome 63.0,,desktop,Windows
3056994,Found,,Windows 10,chrome 63.0,1920x1080,desktop,Windows
3066479,New,,Mac OS X 10_10_5,safari generic,1280x800,desktop,MacOS
3052774,New,,,chrome 63.0,,desktop,Windows
3052746,Unknown,,,chrome 63.0 for ios,,mobile,
3061749,Found,,Windows 8.1,ie 11.0 for desktop,,desktop,Trident/7.0
3052801,Found,,,chrome 62.0,,desktop,
3052803,Found,,,chrome 52.0 for android,,mobile,5056A Build/MMB29M
3052843,New,,,chrome 63.0,,desktop,Windows
3052855,New,,,chrome 61.0 for android,,mobile,Blade A510 Build/MRA58K
3052851,Found,,,chrome 62.0 for android,,mobile,SM-J730GM Build/NRD90M
3052853,,,,,,,
3052878,,,,,,,
3052927,Unknown,,,mobile safari 11.0,,mobile,
3052929,Unknown,,,mobile safari 11.0,,mobile,
3052928,Unknown,,,mobile safari 10.0,,mobile,
3052938,Found,,,chrome 55.0 for android,,mobile,SM-J320M Build/LMY47V
3052968,New,,,firefox generic,,desktop,Windows
3053021,Found,,,chrome 56.0,,desktop,Windows
3053011,Found,,,firefox 47.0,,desktop,Linux i686
3071655,New,,iOS 11.1.2,mobile safari 11.0,1334x750,mobile,iOS Device
3062039,,,,,,,
3053040,New,,,chrome 63.0,,desktop,Windows
3053049,New,,,chrome 62.0 for android,,mobile,Redmi 4X Build/N2G47H
3053082,New,,,chrome generic,,mobile,Moto G (4) Build/NPJ25.93-14.5
3053104,Found,,,chrome 63.0,,desktop,
3053102,Found,,,chrome 63.0,,desktop,
3053226,New,,,chrome 62.0 for android,,mobile,SM-J700M Build/MMB29K
3053323,New,,,chrome 62.0 for android,,mobile,F3113 Build/33.2.A.3.81
3057817,New,,Android 7.0,samsung browser 6.2,2560x1440,mobile,SAMSUNG SM-G920P Build/NRD90M
3053454,New,,,chrome 63.0,,desktop,
3053510,Unknown,,,chrome 63.0,,desktop,
3062625,Found,,Mac OS X 10_11_6,safari generic,2560x1600,desktop,MacOS
3053586,New,,,chrome 62.0 for android,,mobile,LG-M250 Build/NRD90U
3053733,New,,,chrome 63.0,,desktop,Windows
3063032,New,,iOS 11.1.2,mobile safari 11.0,1334x750,mobile,iOS Device
3053867,New,,,chrome 63.0 for android,,mobile,Ilium X510 Build/MRA58K
3058338,Found,,Windows 10,chrome 63.0,1920x1080,desktop,Windows
3054051,New,,,chrome 63.0,,desktop,
3054177,Found,,,chrome 62.0,,desktop,
3054277,Found,,,chrome 62.0,,desktop,
3058874,Found,,Windows 7,chrome 63.0,1280x1024,desktop,Windows
3054338,Unknown,,,safari generic,,desktop,
3054393,New,,,chrome 61.0 for android,,mobile,LG-K373
3054598,New,,,chrome 63.0,,desktop,
3078870,Found,,,chrome 59.0 for android,,mobile,Ilium LT510 Build/MRA58K
3054739,New,,,chrome 63.0 for android,,mobile,HTC Desire 530 Build/MMB29M
3050502,New,,Mac OS X 10_12_6,safari generic,2880x1800,desktop,MacOS
3059499,Found,,Windows 10,chrome 63.0,1366x768,desktop,Windows
3054831,New,,,chrome 63.0,,desktop,Windows
3079235,New,,,chrome generic,,mobile,Moto E (4) Plus Build/NMA26.42-69
3059483,New,,Mac OS X 10_12_6,safari generic,2880x1800,desktop,MacOS
3059564,Found,,Mac OS X 10_12_6,safari generic,2880x1800,desktop,MacOS
3055153,Found,,,chrome 63.0,,desktop,Windows
3055283,New,,,chrome 63.0,,desktop,
3055411,Found,,,chrome 63.0,,desktop,
3055344,New,,,chrome 63.0,,desktop,Windows
3059882,New,,iOS 11.1.1,mobile safari 11.0,1334x750,mobile,iOS Device
3055362,New,,,chrome generic,,mobile,Moto E (4) Build/NMA26.42-69
3055343,Unknown,,,mobile safari 10.0,,mobile,
3064677,New,,Windows 10,chrome 63.0,1366x768,desktop,Windows
3055399,Found,,,chrome 63.0,,desktop,Windows
3055575,New,,,chrome 63.0 for android,,mobile,LG-H840 Build/NRD90U
3055632,Found,,,ie 11.0 for desktop,,desktop,Trident/7.0
3064986,New,,iOS 10.3.3,mobile safari 10.0,2048x1536,mobile,iOS Device
3055746,New,,,chrome 62.0 for android,,mobile,SM-J700M Build/MMB29K
3055798,New,,,chrome 63.0 for android,,mobile,F5121 Build/34.3.A.0.238
3055940,Found,,,chrome 62.0 for android,,mobile,LG-K500 Build/MMB29M
3055881,New,,,chrome 63.0 for android,,mobile,SM-T560 Build/KTU84P
3055999,New,,,chrome 62.0 for android,,mobile,LG-K410 Build/LRX22G
3055883,Unknown,,,chrome 62.0 for android,,mobile,SM-A500M Build/KTU84P
3055905,Unknown,,,mobile safari 9.0,,mobile,
3055958,Unknown,,,chrome 61.0,,desktop,
3055920,New,,,chrome 62.0 for android,,mobile,HUAWEI CUN-L03 Build/HUAWEICUN-L03
3056056,Found,,,chrome 61.0 for android,,mobile,SM-G531H Build/LMY48B
3056070,New,,,android webview 4.0,,mobile,es-us
3065571,New,,Windows 10,chrome 62.0,1366x768,desktop,Windows
3056172,Unknown,,,chrome 63.0,,desktop,Windows
3056175,New,,,chrome 63.0,,desktop,Windows
3051990,New,,iOS 11.2.0,mobile safari 11.0,2208x1242,mobile,iOS Device
3056288,New,,,ie 11.0 for desktop,,desktop,Trident/7.0
3061006,New,,iOS 10.3.1,mobile safari 10.0,2048x1536,mobile,iOS Device
3060902,Found,,iOS 10.3.1,mobile safari 10.0,2048x1536,mobile,iOS Device
3056406,Unknown,,,mobile safari 11.0,,mobile,
3056464,New,,,chrome 63.0,,desktop,Windows
3056562,New,,,chrome 63.0 for android,,mobile,SM-G950F Build/NRD90M
3081255,,,,,,,
3056500,Found,,,chrome 63.0 for android,,mobile,SM-G531H Build/LMY48B
3056526,New,,,chrome 63.0,,desktop,Windows
3056581,New,,,chrome 63.0,,desktop,
3056559,New,,,chrome 62.0 for android,,mobile,M4 SS4456 Build/LMY47V
3056600,New,,,chrome 63.0 for android,,mobile,LG-K580 Build/MRA58K
3061315,Found,,Android 7.0,chrome 63.0 for android,1920x1080,mobile,SAMSUNG-SM-G935A Build/NRD90M
3056583,New,,,chrome generic,,mobile,Moto G (5) Build/NPP25.137-72
3061385,New,,Mac OS X 10_12_3,safari generic,1440x900,desktop,MacOS
3056803,Found,,,chrome 62.0,,desktop,
3066323,New,,Windows 10,chrome 63.0,1920x1080,desktop,Windows
3056861,New,,,chrome generic,,mobile,Moto G (4) Build/NPJ25.93-14.5
3056794,New,,,android webview 4.0,,mobile,SM-A720F Build/MMB29K
3056906,New,,,chrome 63.0,,desktop,Windows
3056834,New,,,chrome 63.0,,desktop,
3056925,Found,,,chrome 63.0,,desktop,Windows
3056996,Found,,,chrome 63.0,,desktop,Windows
3056957,Unknown,,,mobile safari 11.0,,mobile,
3057031,Found,,,chrome 63.0,,desktop,Windows
3057123,Unknown,,,mobile safari 11.0,,mobile,
3057099,Found,,,chrome 63.0,,desktop,Windows
3057139,Found,,,chrome 63.0,,desktop,Windows
3061901,New,,Mac OS X 10_10_5,chrome 62.0,1280x800,desktop,MacOS
3057256,New,,,chrome 61.0 for android,,mobile,LG-K580 Build/MRA58K
3057262,New,,,chrome 63.0,,desktop,Windows
3057234,New,,,chrome 62.0 for android,,mobile,SM-G530H Build/LRX22G
3061972,New,,iOS 11.1.2,mobile safari generic,1334x750,mobile,iOS Device
3057359,New,,,chrome 58.0 for android,,mobile,HTC Desire 626s Build/LMY47O
3066870,New,,Android 7.0,android webview 4.0,1280x720,mobile,SAMSUNG-SM-G930A Build/NRD90M
3057370,New,,,chrome generic,,mobile,Moto G (4) Build/NPJ25.93-14.5
3057387,Found,,,chrome 63.0,,desktop,Windows
3057452,New,,,chrome 59.0 for android,,mobile,CHC-U03 Build/HuaweiCHC-U03
3057469,Found,,,chrome 63.0,,desktop,Windows
3057662,New,,,chrome 63.0,,desktop,
3072009,New,,Windows 10,chrome 63.0,1366x768,desktop,Windows
3057769,New,,,chrome 62.0 for android,,mobile,SM-J500M Build/MMB29M
3057775,Found,,,chrome 62.0 for android,,mobile,SM-J500M Build/MMB29M
3057845,Unknown,,,mobile safari 11.0,,mobile,
3057886,Unknown,,,mobile safari 11.0,,mobile,
3058030,Found,,,chrome 60.0 for android,,mobile,SM-G531H Build/LMY48B
3058143,New,,,chrome 63.0 for android,,mobile,XT1064
3083251,Found,,,chrome 63.0,,desktop,Windows
3058325,New,,,chrome 63.0 for android,,mobile,XT1635-02 Build/NPN26.118-22-2
3058340,Unknown,,,mobile safari 11.0,,mobile,
3058315,Found,,,chrome 63.0 for android,,mobile,XT1635-02 Build/NPN26.118-22-2
3068032,New,IP_PROXY:TRANSPARENT,iOS 11.1.2,mobile safari generic,1334x750,mobile,iOS Device
3058582,Found,,,chrome 63.0 for android,,mobile,Blade V6 Build/LRX22G
3068200,New,,iOS 11.1.2,mobile safari 11.0,2048x1536,mobile,iOS Device
3058724,New,,,chrome 62.0 for android,,mobile,SM-G610M Build/MMB29K
3063442,New,IP_PROXY:HIDDEN,Android 7.0,chrome 62.0 for android,,mobile,SM-G955U Build/NRD90M
3058779,New,,,chrome 62.0 for android,,mobile,SM-J700M Build/MMB29K
3068332,Found,,Windows 7,chrome 63.0,2048x1152,desktop,Windows
3058844,Found,,,chrome 63.0 for android,,mobile,LG-K500 Build/MMB29M
3059029,Found,,,chrome 63.0 for android,,mobile,LG-K500 Build/MMB29M
3054510,Found,,,safari generic,,desktop,
3054453,Found,,,safari generic,,desktop,
3054511,Found,,,safari generic,,desktop,
3054463,Found,,,safari generic,,desktop,
3054532,Found,,,safari generic,,desktop,
3068608,New,,,safari generic,,desktop,
3068640,Found,,,safari generic,,desktop,
3059117,New,,,chrome 63.0 for android,,mobile,SM-A300H Build/LRX22G
3059166,Found,,,safari generic,,desktop,
3059207,New,,,chrome 63.0,,desktop,Windows
3063925,New,,iOS 11.2.1,mobile safari 11.0,2208x1242,mobile,iOS Device
3059322,Found,,,chrome 56.0 for android,,mobile,SM-J120H Build/LMY47V
3059544,New,,,mobile safari generic,,mobile,
3059515,Found,,,samsung browser 6.2,,mobile,SAMSUNG SM-J700M Build/MMB29K
3059751,Found,,,chrome 62.0,,desktop,Windows
3064404,New,,Windows 10,chrome 63.0,2560x1080,desktop,Windows
3059800,Unknown,,,mobile safari 11.0,,mobile,
3059743,New,,,chrome 62.0 for android,,mobile,Lenovo K33b36 Build/MMB29M
3059868,Unknown,,,mobile safari 11.0,,mobile,
3064609,Found,,Mac OS X 10_10_5,chrome 62.0,1440x900,desktop,MacOS
3059961,Unknown,,,mobile safari 11.0,,mobile,
3060074,Found,,,chrome 63.0,,desktop,Windows
3059955,Found,,,chrome 63.0,,desktop,Windows
3060108,Found,,,chrome 63.0,,desktop,Windows
3064753,Found,,Windows 7,chrome 62.0,1366x768,desktop,Windows
3064709,Found,,Windows 7,chrome 62.0,1366x768,desktop,Windows
3060075,New,,,chrome 61.0 for android,,mobile,LG-H650 Build/MRA58K
3059987,Unknown,,,mobile safari 10.0,,mobile,
3060130,Unknown,,,mobile safari 11.0,,mobile,
3060123,Found,,,chrome 63.0,,desktop,Windows
3060071,Found,,,chrome 63.0,,desktop,Windows
3055624,Found,,Mac OS X 10_13_2,safari generic,1440x900,desktop,MacOS
3060177,New,,,chrome 63.0,,desktop,
3055687,Found,,Mac OS X 10_13_2,safari generic,1440x900,desktop,MacOS
3060353,New,,,chrome 63.0,,desktop,Windows
3060475,Found,,,chrome generic,,mobile,Moto G (4) Build/NPJ25.93-14.5
3065135,New,,Android 7.0,chrome 63.0 for android,2961x1442,mobile,SM-G955U Build/NRD90M
3060576,New,,,edge 15.0,,desktop,Windows
3060561,Found,,,chrome 56.0 for android,,mobile,LG-H500 Build/LRX21Y
3060623,Found,,,chrome 56.0 for android,,mobile,LG-H500 Build/LRX21Y
3060772,New,,,chrome 62.0 for android,,mobile,HTC One M9 Build/NRD90M
3060800,New,,,chrome 63.0,,desktop,Windows
3060790,New,,,chrome 63.0,,desktop,
3060807,Found,,,chrome 63.0,,desktop,
3060836,Found,,,chrome 63.0,,desktop,
3061060,New,,,chrome 63.0 for android,,mobile,PSPC550 Build/LMY47D
3060999,New,,iOS 11.1.2,mobile safari 11.0,1334x750,mobile,iOS Device
3061181,Unknown,,,mobile safari 11.0,,mobile,
3061210,Unknown,,,mobile safari 9.0,,mobile,
3061346,New,,,chrome generic,,mobile,Moto G (5) Build/NPPS25.137-15-11
3061335,New,,,chrome 60.0,,desktop,Windows
3061322,New,,,chrome 63.0,,desktop,Windows
3061461,New,,,chrome 63.0 for android,,mobile,Hisense F23 Build/NRD90M
3061474,New,,,chrome 63.0 for android,,mobile,LG-X240 Build/MRA58K
3076175,New,,Windows 10,chrome 63.0,4500x3000,desktop,Windows
3061440,New,,,chrome 62.0 for android,,mobile,SM-G610M Build/MMB29K
3061454,New,,,chrome 63.0,,desktop,Windows
3061515,Found,,,chrome generic,,mobile,Moto G (5) Plus Build/NPN25.137-72
3076305,,,,,,,
3061517,Unknown,,,mobile safari 9.0,,mobile,
3076269,,,,,,,
3061565,New,,,chrome 62.0,,desktop,Windows
3061607,New,,,chrome 61.0 for android,,mobile,SM-J100MU
3061556,New,,,firefox 57.0,,desktop,rv:57.0
3061601,New,,,chrome 61.0,,desktop,
3071209,Found,,Windows 10,firefox 57.0,1680x1050,desktop,Windows
3061660,New,,,other,,mobile,SAMSUNG SM-G530H Build/LRX22G
3061695,Found,,,other,,mobile,SAMSUNG SM-G530H Build/LRX22G
3061710,Found,,,other,,mobile,SAMSUNG SM-G530H Build/LRX22G
3061685,Unknown,,,mobile safari 11.0,,mobile,
3061712,Found,,,other,,mobile,SAMSUNG SM-G530H Build/LRX22G
3061765,New,,,chrome 63.0,,desktop,Windows
3061690,New,,,chrome 63.0,,desktop,Windows
3087548,New,,,chrome 60.0 for android,,mobile,ZTE Blade L5 Build/LMY47I
3087613,Found,,,chrome 60.0 for android,,mobile,ZTE Blade L5 Build/LMY47I
3087652,Found,,,chrome 60.0 for android,,mobile,ZTE Blade L5 Build/LMY47I
3087605,Found,,,chrome 60.0 for android,,mobile,ZTE Blade L5 Build/LMY47I
3061894,New,,,chrome 56.0 for android,,mobile,5011A Build/NRD90M
3087647,Found,,,chrome 60.0 for android,,mobile,ZTE Blade L5 Build/LMY47I
3087672,Found,,,chrome 60.0 for android,,mobile,ZTE Blade L5 Build/LMY47I
3087743,Found,,,chrome 60.0 for android,,mobile,ZTE Blade L5 Build/LMY47I
3062008,New,,,safari generic,,desktop,
3061983,Found,,,chrome 63.0,,desktop,
3062017,Unknown,,,mobile safari 11.0,,mobile,
3062014,New,,,chrome 63.0,,desktop,Windows
3062044,Found,,,chrome 63.0,,desktop,
3062068,Unknown,,,mobile safari 11.0,,mobile,
3062115,Found,,,chrome 63.0 for android,,mobile,F3113 Build/33.3.A.1.97
3067110,Found,,Windows 10,chrome 63.0,2560x1440,desktop,Windows
3067229,Unknown,,,mobile safari 11.0,,mobile,
3062410,Found,,,chrome 63.0 for android,,mobile,SM-T710 Build/NRD90M
3062402,Found,,,chrome 63.0 for android,,mobile,SM-T710 Build/NRD90M
3062488,New,,,mobile safari 11.0,,mobile,
3062424,Found,,,mobile safari 11.0,,mobile,
3077293,Found,,Windows 10,firefox 57.0,1920x1080,desktop,Windows
3062580,Found,,,chrome 63.0,,desktop,Windows
3062573,New,,,chrome 63.0,,desktop,Windows
3062655,New,,,chrome 63.0,,desktop,Windows
3067477,Found,,Windows 7,chrome 63.0,1366x768,desktop,Windows
3067550,Found,,Windows 7,firefox 57.0,1920x1080,desktop,Windows
3062683,New,,,chrome 63.0,,desktop,
3072382,New,,iOS 10.3.3,mobile safari 10.0,1334x750,mobile,iOS Device
3062749,New,,,chrome 63.0,,desktop,Windows
3062754,Unknown,IP_PROXY:ANONYMOUS,,mobile safari 11.0,,mobile,
3062808,Unknown,,,mobile safari 11.0,,mobile,
3088788,Found,,,chrome 60.0 for android,,mobile,ZTE Blade L5 Build/LMY47I
3062897,Found,,,chrome 63.0,,desktop,Windows
3062840,New,,,chrome 63.0,,desktop,Windows
3062912,Unknown,,,mobile safari 11.0,,mobile,
3062869,Found,,,chrome 63.0,,desktop,Windows
3088984,Found,,Windows 10,edge 15.0,1600x900,desktop,Windows
3063138,New,,,firefox 57.0,,desktop,rv:57.0
3063130,Found,,,firefox 57.0,,desktop,rv:57.0
3063061,Found,,,chrome 63.0,,desktop,Windows
3063284,New,,,chrome 63.0 for android,,mobile,BLADE L7 Build/MRA58K
3063173,Found,,,ie 11.0 for desktop,,desktop,Trident/7.0
3078147,New,,iOS 9.3.5,mobile safari 9.0,1024x768,mobile,iOS Device
3063202,New,,,chrome 63.0 for android,,mobile,SM-J701M Build/NRD90M
3063439,New,,,chrome 63.0,,desktop,
3063321,New,,,samsung browser 6.2,,mobile,SAMSUNG SM-G955U Build/NRD90M
3068338,New,,Windows 10,chrome 63.0,1920x1080,desktop,Windows
3058791,New,,iOS 11.0.3,mobile safari 11.0,1334x750,mobile,iOS Device
3063528,New,,,chrome 63.0,,desktop,Windows
3073400,Unknown,,,mobile safari 10.0,,mobile,
3063568,New,,,firefox 57.0,,desktop,Windows
3063676,Unknown,,,firefox 57.0,,desktop,Linux x86_64
3063757,Found,,,chrome 63.0,,desktop,Windows
3063653,New,,,chrome 63.0,,desktop,
3068609,New,,iOS 11.2.1,mobile safari 11.0,1334x750,mobile,iOS Device
3063863,Found,,,chrome 63.0,,desktop,
3063770,Found,,,chrome 63.0,,desktop,
3068734,Unknown,,,mobile safari 10.0,,mobile,
3063917,Found,,,chrome 63.0,,desktop,
3063880,New,,,other,,mobile,BLL-L23 Build/HUAWEIBLL-L23
3068616,Unknown,,,mobile safari 10.0,,mobile,
3063876,Found,,,chrome 63.0,,desktop,
3063987,Found,,,chrome 63.0,,desktop,
3063971,Found,,,chrome 63.0,,desktop,
3063835,Found,,,chrome 63.0,,desktop,
3063979,Found,,,chrome 63.0,,desktop,
3063981,Found,,,chrome 63.0,,desktop,
3063951,New,,,chrome 63.0 for android,,mobile,5010G Build/MRA58K
3068917,Found,,Android 7.0,samsung browser 6.2,2220x1080,mobile,SAMSUNG SM-G950U Build/NRD90M
3064084,New,,,chrome 63.0,,desktop,
3064160,New,,,chrome 63.0 for android,,mobile,SM-J700M Build/LMY48B
3064060,Found,,,chrome 63.0,,desktop,
3064120,Found,,,chrome 63.0,,desktop,
3064147,New,,,chrome 63.0,,desktop,
3064266,Found,,,chrome 63.0,,desktop,
3064152,Found,,,chrome 63.0,,desktop,
3064282,New,,,chrome 62.0 for android,,mobile,D5306 Build/19.4.A.0.182
3064164,Found,,,chrome 63.0,,desktop,
3064240,New,,,ie 11.0 for desktop,,desktop,Trident/7.0
3064302,Found,,,chrome 62.0 for android,,mobile,D5306 Build/19.4.A.0.182
3069119,Unknown,,,mobile safari 10.0,,mobile,
3064365,New,,,chrome 61.0 for android,,mobile,HTC Desire 626s Build/LMY47O
3064347,New,,,chrome 63.0 for android,,mobile,Moto X Play Build/NPD26.48-24-1
3069408,New,,Mac OS X 10_11_6,safari generic,1440x900,desktop,MacOS
3064585,New,,,chrome 62.0,,desktop,
3064655,New,,,chrome 63.0,,desktop,Windows
3064615,New,,,chrome 57.0 for android,,mobile,Ilium LT510 Build/MRA58K
3064629,New,,,chrome 63.0,,desktop,
3069495,New,,iOS 11.0.3,mobile safari 11.0,1334x750,mobile,iOS Device
3064692,Found,,,chrome 63.0,,desktop,Windows
3064663,Found,,,chrome 63.0,,desktop,Windows
3064761,Found,,,chrome 63.0,,desktop,Windows
3064772,New,,,chrome 63.0 for android,,mobile,SM-G610M Build/MMB29K
3064859,Found,,,chrome 63.0,,desktop,Windows
3064881,New,,,chrome 63.0,,desktop,Windows
3064894,Found,,,chrome 63.0,,desktop,Windows
3064958,Found,,,chrome 61.0 for android,,mobile,HTC Desire 626s Build/LMY47O
3080225,Found,,Windows 7,chrome 63.0,1360x768,desktop,Windows
3065010,Found,,,firefox 52.0,,desktop,
3065188,New,,,chrome 63.0,,desktop,Windows
3065174,New,,,chrome 63.0,,desktop,
3065167,Unknown,,,mobile safari 11.0,,mobile,
3065237,New,,,chrome 63.0,,desktop,Windows
3065234,New,,,chrome 63.0,,desktop,Windows
3065287,Found,,,chrome 63.0,,desktop,Windows
3065286,Found,,,chrome 63.0,,desktop,Windows
3065337,Found,,,chrome 63.0,,desktop,Windows
3060486,New,,Mac OS X 10.9,firefox 57.0,1920x1080,desktop,rv:57.0
3065290,Found,,,chrome 63.0 for android,,mobile,SM-G531H Build/LMY48B
3065397,Found,,,chrome 63.0,,desktop,Windows
3065312,Unknown,,,chrome 62.0,,desktop,Windows
3070381,Found,,Windows 7,chrome 63.0,1440x900,desktop,Windows
3065595,New,,,ie 11.0 for desktop,,desktop,Trident/7.0
3065670,New,,,chrome 63.0,,desktop,Windows
3065602,Found,,,chrome 63.0,,desktop,
3065699,New,,,chrome 63.0,,desktop,
3065566,Found,,,chrome 63.0,,desktop,
3065674,New,,,chrome 63.0,,desktop,
3092419,Found,,,chrome 63.0,,desktop,
3065736,New,,,chrome 63.0,,desktop,Windows
3065672,New,,,chrome 63.0,,desktop,Windows
3065683,Found,,,chrome 63.0,,desktop,Windows
3065784,New,,,chrome 63.0 for android,,mobile,LG-K200 Build/MXB48T
3065840,Found,,,chrome 63.0,,desktop,
3065851,Found,,,chrome 63.0,,desktop,
3065809,Found,,,chrome 63.0,,desktop,
3065839,New,,,ie 11.0 for desktop,,desktop,rv:11.0
3075757,Unknown,,iOS 11.1.2,mobile safari 11.0,2208x1242,mobile,iOS Device
3065980,New,,,chrome 63.0,,desktop,
3066120,New,,,chrome 63.0 for android,,mobile,SM-G531H Build/LMY48B
3066152,New,,,chrome 63.0,,desktop,Windows
3066182,Unknown,,,mobile safari 11.0,,mobile,
3066111,New,,,samsung browser 6.2,,mobile,SAMSUNG SM-J700M Build/MMB29K
3066167,Unknown,,,mobile safari 9.0,,mobile,
3081435,New,,iOS 10.2.0,mobile safari 10.0,2208x1242,mobile,iOS Device
3070866,Found,,Windows 10,chrome 63.0,1366x768,desktop,Windows
3066165,New,,,chrome 63.0,,desktop,
3066265,New,,,mobile safari generic,,mobile,
3066237,Found,,,chrome 62.0,,desktop,Windows
3066239,New,,,chrome 63.0,,desktop,Windows
3066266,New,,,chrome 61.0 for android,,mobile,SM-N9005 Build/LRX21V
3070986,New,,iOS 11.1.2,mobile safari 11.0,1334x750,mobile,iOS Device
3066400,Found,,,firefox 57.0,,desktop,Windows
3066440,New,,,chrome 63.0 for android,,mobile,SM-J700M Build/LMY48B
3066495,Found,,,chrome 63.0,,desktop,Windows
3066447,Unknown,,,mobile safari 11.0,,mobile,
3066575,Unknown,,,mobile safari 11.0,,mobile,
3066628,New,,,chrome 63.0 for android,,mobile,F3213 Build/36.1.A.1.86
3066591,New,,,chrome 63.0 for android,,mobile,SM-G531H Build/LMY48B
3066570,New,,,chrome 62.0,,desktop,
3066587,New,,,chrome 63.0,,desktop,Windows
3066588,New,,,firefox 57.0,,desktop,Windows
3066660,New,,,chrome 63.0,,desktop,Windows
3066627,Found,,,chrome 63.0,,desktop,Windows
3066626,Found,,,chrome 62.0,,desktop,
3066686,Found,,,chrome 63.0,,desktop,Windows
3071454,New,,Windows 7,chrome 63.0,1366x768,desktop,Windows
3066673,New,,,chrome 63.0,,desktop,Windows
3066685,New,,,chrome 63.0,,desktop,Windows
3066703,Found,,,chrome 63.0,,desktop,Windows
3066780,New,,,chrome 63.0,,desktop,Windows
3066784,Found,,,chrome 63.0,,desktop,Windows
3066762,Unknown,,,mobile safari 11.0,,mobile,
3066807,New,,,chrome 63.0,,desktop,Windows
3066797,Found,,,chrome 63.0,,desktop,Windows
3066839,Found,,,chrome 63.0,,desktop,Windows
3066809,New,,,chrome 63.0,,desktop,Windows
3066835,New,,,mobile safari generic,,mobile,
3066849,Found,,,chrome 63.0 for ios,,mobile,
3066840,Found,,,chrome 63.0,,desktop,Windows
3066887,New,,,chrome 63.0,,desktop,
3066917,New,,,chrome 59.0 for android,,mobile,Turbo C5 Build/LMY47I
3066927,New,,,chrome 63.0,,desktop,Windows
3071793,New,,iOS 11.2.1,mobile safari 11.0,2208x1242,mobile,iOS Device
3071798,New,,Windows 10,chrome 63.0,1366x768,desktop,Windows
3067027,Found,,,chrome 61.0 for android,,mobile,HUAWEI TAG-L13 Build/HUAWEITAG-L13
3071866,Found,,Windows 7,chrome 63.0,1920x1080,desktop,Windows
3067052,New,,,chrome 62.0 for android,,mobile,LG-K410 Build/LRX22G
3077016,New,,Android 7.0,firefox,2672x1440,mobile,LG-H871
3071907,,,,,,,
3071984,Found,,Windows 7,chrome 63.0,1600x900,desktop,Windows
3067178,New,,,chrome 63.0 for android,,mobile,LG-M700 Build/NMF26X
3067379,Unknown,,,mobile safari 11.0,,mobile,
3067460,Found,,,chrome 63.0,,desktop,Windows
3072305,New,,,ie 11.0 for desktop,,desktop,rv:11.0
3072433,Found,,Windows 7,chrome 63.0,1920x1080,desktop,Windows
3077473,Found,,Windows 7,chrome 63.0,1440x900,desktop,Windows
3067654,New,,,ie 11.0 for desktop,,desktop,Trident/7.0
3067668,New,,,chrome 63.0,,desktop,Windows
3067887,New,,,chrome 63.0,,desktop,Windows
3083538,Found,,Windows 10,chrome 63.0,3440x1440,desktop,Windows
3072987,New,,Android 7.0,chrome 63.0 for android,,mobile,SM-G955U Build/NRD90M
3072893,Found,,Android 7.0,chrome 63.0 for android,,mobile,SM-G955U Build/NRD90M
3072957,Found,,Android 7.0,chrome 63.0 for android,,mobile,SM-G955U Build/NRD90M
3068033,Found,,,chrome 63.0,,desktop,
3067964,Found,,,chrome 63.0,,desktop,Windows
3068241,Found,,,chrome 63.0 for android,,mobile,Blade V6 Plus Build/MRA58K
3063365,Found,,Windows 7,chrome 63.0,1280x1025,desktop,Windows
3083864,Found,,Windows 10,chrome 63.0,1920x1080,desktop,Windows
3068370,Unknown,,,mobile safari generic,,mobile,
3073313,New,,Windows 7,chrome 63.0,1920x1200,desktop,Windows
3083959,New,,Windows 10,chrome 63.0,1920x1080,desktop,Windows
3068861,New,,,chrome 63.0 for android,,mobile,2PYB2
3063943,New,,Windows 10,chrome 63.0,1920x1080,desktop,Windows
3068837,New,,,chrome 63.0 for android,,mobile,M4 SS4456 Build/LMY47V
3068859,New,,,ie 11.0 for desktop,,desktop,Trident/7.0
3068839,New,,,chrome 62.0,,desktop,Windows
3068935,New,,,ie 11.0 for desktop,,desktop,Trident/7.0
3068947,Found,,,ie 11.0 for desktop,,desktop,Trident/7.0
3064136,New,,Mac OS X 10_10_5,safari generic,1920x1080,desktop,MacOS
3079226,New,,Mac OS X 10_13_2,safari generic,2880x1800,desktop,MacOS
3069197,,,,,,,
3069218,New,,,chrome 63.0,,desktop,Windows
3069302,Found,,,chrome 63.0,,desktop,Windows
3074256,New,,Mac OS X 10_12_5,safari generic,2560x1440,desktop,MacOS
3069390,,,,,,,
3069231,Found,,,chrome 63.0 for android,,mobile,F5121 Build/34.3.A.0.238
3069485,New,,,chrome 63.0,,desktop,Windows
3097293,New,,,samsung browser 6.2,,mobile,SAMSUNG SM-J730GM Build/NRD90M
3074771,New,,Mac OS X 10_6_8,chrome 49.0,1920x1080,desktop,MacOS
3069839,New,,,chrome 63.0 for android,,mobile,CHC-U03 Build/HuaweiCHC-U03
3070022,New,,,firefox 57.0,,desktop,Windows
3070093,Unknown,,,chrome 63.0,,desktop,
3070240,Found,,,chrome 63.0 for android,,mobile,LG-X210 Build/LMY47I
3070295,New,,,chrome 63.0,,desktop,
3070232,New,,,chrome 63.0,,desktop,
3070256,New,,,chrome 63.0 for android,,mobile,HUAWEI VNS-L53 Build/HUAWEIVNS-L53
3070263,Found,,,chrome 63.0,,desktop,Windows
3070253,Found,,,safari generic,,desktop,
3070349,Found,,,chrome 63.0,,desktop,Windows
3070371,New,,,chrome 63.0,,desktop,Windows
3070414,New,,,chrome 63.0 for android,,mobile,SM-G610M Build/MMB29K
3065708,New,,Mac OS X 10.9,firefox 57.0,1920x1080,desktop,rv:57.0
3070520,New,,,firefox 57.0,,desktop,rv:57.0
3070547,Found,,,firefox 57.0,,desktop,rv:57.0
3070514,Found,,,ie 11.0 for desktop,,desktop,Trident/7.0
3070603,Found,,,chrome 63.0 for android,,mobile,SM-T820 Build/NRD90M
3070619,New,,,chrome 63.0,,desktop,Windows
3070668,New,,,chrome 63.0,,desktop,Windows
3070634,New,,,chrome 63.0,,desktop,Windows
3070710,Found,,,chrome 63.0,,desktop,Windows
3070766,New,,,firefox 57.0,,desktop,
3075894,New,,Windows 10,chrome 63.0,1366x768,desktop,Windows
3076019,Found,,Windows 10,chrome 63.0,1366x768,desktop,Windows
3071029,Unknown,,,mobile safari 11.0,,mobile,
3066356,New,,iOS 11.0.2,mobile safari 11.0,1334x750,mobile,iOS Device
3071061,Unknown,,,mobile safari 11.0,,mobile,
3071091,Unknown,,,mobile safari 11.0,,mobile,
3099130,,,,,,,
3071116,Unknown,,,mobile safari 11.0,,mobile,
3071085,New,,,chrome 63.0,,desktop,Windows
3071122,New,,,chrome 63.0,,desktop,Windows
3071143,New,,,chrome 63.0,,desktop,
3071140,New,,,chrome generic,,mobile,Moto Z (2
3081735,New,IP_PROXY:TRANSPARENT,Android 7.0,samsung browser 6.2,2220x1080,mobile,SAMSUNG SM-G950U Build/NRD90M
3071257,New,,,ie 11.0 for tablet,,desktop,Trident/7.0
3071197,Found,,,ie 11.0 for tablet,,desktop,Trident/7.0
3071201,New,,,chrome 62.0,,desktop,Windows
3071304,New,,,chrome 63.0,,desktop,Windows
3071280,Found,,,ie 11.0 for tablet,,desktop,Trident/7.0
3071310,New,,,chrome 63.0 for android,,mobile,HUAWEI VNS-L53 Build/HUAWEIVNS-L53
3071297,New,,,chrome 63.0 for android,,mobile,SM-G530H Build/LRX22G
3071309,New,,,chrome 63.0,,desktop,Windows
3071333,New,,,chrome 63.0,,desktop,Windows
3071443,New,,,chrome 63.0,,desktop,Windows
3071435,Unknown,,,mobile safari 11.0,,mobile,
3071401,Unknown,,,mobile safari 11.0,,mobile,
3071370,Found,,,chrome 63.0,,desktop,
3071400,Found,,,chrome 63.0,,desktop,Windows
3071449,Found,,,chrome 63.0,,desktop,Windows
3076551,,,,,,,
3071445,Found,,,chrome 63.0,,desktop,Windows
3071468,Found,,,firefox 57.0,,desktop,rv:57.0
3071471,Found,,,chrome 63.0,,desktop,Windows
3071520,Found,,,chrome 63.0,,desktop,Windows
3076610,,,,,,,
3071478,Found,,,chrome 63.0,,desktop,Windows
3071501,Found,,,chrome 63.0,,desktop,Windows
3071517,Found,,,chrome 63.0,,desktop,Windows
3071525,Found,,,chrome 63.0,,desktop,
3071533,Found,,,chrome 63.0,,desktop,Windows
3071551,New,,,chrome 63.0 for android,,mobile,M4 SS4453 Build/MMB29M
3076629,New,,iOS 11.1.1,mobile safari 11.0,1334x750,mobile,iOS Device
3071546,Found,,,chrome 63.0 for android,,mobile,M4 SS4453 Build/MMB29M
3071544,Found,,,chrome 63.0 for android,,mobile,M4 SS4453 Build/MMB29M
3071580,Found,,,chrome 63.0 for android,,mobile,M4 SS4453 Build/MMB29M
3076662,Found,,Mac OS X 10_10_5,safari generic,2880x1800,desktop,MacOS
3071567,New,,,chrome 63.0,,desktop,Windows
3071598,Found,,,chrome 63.0 for android,,mobile,M4 SS4453 Build/MMB29M
3071569,Found,,,chrome 63.0 for android,,mobile,M4 SS4453 Build/MMB29M
3076736,New,,iOS 11.2.1,mobile safari 11.0,1136x640,mobile,iOS Device
3071654,Unknown,,,mobile safari 11.0,,mobile,
3071683,New,,,chrome 61.0 for android,,mobile,LG-H650 Build/MRA58K
3082268,New,,iOS 11.2.1,mobile safari 11.0,1334x750,mobile,iOS Device
3071684,New,,,chrome 63.0,,desktop,
3071838,Found,,,chrome 63.0 for android,,mobile,Moto G Play Build/MPIS24.241-15.3-26
3071875,,,,,,,
3071896,,,,,,,
3071897,,,,,,,
3071891,,,,,,,
3067057,Found,,Windows 10,firefox 57.0,1366x768,desktop,Windows
3071923,New,,,chrome generic,,mobile,Moto G (4) Build/NPJ25.93-14.5
3071904,,,,,,,
3072045,New,,,samsung browser 6.2,,mobile,SAMSUNG SM-G532M Build/MMB29T
3072092,Found,,,samsung browser 6.2,,mobile,SAMSUNG SM-G532M Build/MMB29T
3072055,Found,,,samsung browser 6.2,,mobile,SAMSUNG SM-G532M Build/MMB29T
3072029,Found,,,samsung browser 6.2,,mobile,SAMSUNG SM-G532M Build/MMB29T
3072079,Found,,,chrome 51.0,,desktop,
3072089,New,,,chrome 63.0 for android,,mobile,SM-G950F Build/NRD90M
3082907,New,,Windows 8.1,firefox,1920x1080,desktop,rv:51.0
3072571,Found,,,chrome 62.0,,desktop,Windows
3072565,Found,,,chrome 62.0,,desktop,Windows
3072584,Found,IP_PROXY:ANONYMOUS,,chrome 63.0,,desktop,Windows
3072698,New,,,chrome 62.0,,desktop,Windows
3072694,New,,,firefox 52.0,,desktop,rv:52.0
3072833,Found,,,chrome 63.0,,desktop,Windows
3072836,Found,,,chrome 63.0,,desktop,Windows
3072949,New,,,ie 11.0 for desktop,,desktop,Trident/7.0
3077942,New,,iOS 11.0.0,mobile safari 11.0,1136x640,mobile,iOS Device
3089258,,,,,,,
3072894,Unknown,,,firefox,,desktop,rv:56.0
3072954,Unknown,,,mobile safari 11.0,,mobile,
3078052,New,,Windows 10,chrome 61.0,1920x1080,desktop,Windows
3073100,New,,,chrome generic,,mobile,Moto G (5) Build/NPP25.137-38
3073201,New,,,edge 16.0,,desktop,Windows
3073152,Found,,,edge 16.0,,desktop,Windows
3073184,Found,,,chrome 63.0,,desktop,
3073090,Found,,,chrome 63.0,,desktop,
3073285,Found,,,chrome 63.0,,desktop,
3073221,Unknown,,,mobile safari 11.0,,mobile,
3073315,Found,,,chrome 63.0,,desktop,Windows
3073389,New,IP_PROXY:ANONYMOUS,,chrome 63.0,,desktop,Windows
3078575,Found,,Mac,chrome 61.0,1440x900,desktop,MacOS
3095915,New,,Linux,chrome 63.0,,desktop,
3073471,New,,,chrome 63.0 for android,,mobile,ALE-L23 Build/HuaweiALE-L23
3073425,New,,,firefox 57.0,,desktop,Windows
3084267,Found,,Windows 7,chrome 62.0,1920x1080,desktop,Windows
3073452,New,,,chrome 63.0 for android,,mobile,M4 SS4457 Build/MRA58K
3073516,New,,,chrome 63.0,,desktop,Windows
3073621,New,,,chrome 63.0,,desktop,Windows
3073541,Found,,,chrome 63.0,,desktop,Windows
3073602,Found,,,chrome 63.0 for android,,mobile,5080A Build/MRA58K
3073548,Found,,,chrome 63.0,,desktop,Windows
3073724,New,,,chrome 63.0,,desktop,Windows
3073868,New,,,chrome 63.0,,desktop,
3074058,Found,,,chrome 63.0,,desktop,Windows
3074080,New,,,chrome 63.0 for android,,mobile,TRT-L53 Build/HUAWEITRT-L53
3074169,New,,,chrome 63.0 for android,,mobile,SM-T113 Build/KTU84P
3074193,Unknown,,,mobile safari 11.0,,mobile,
3079478,Found,,,ie 11.0 for desktop,,desktop,rv:11.0
3102555,New,,,chrome 63.0,,desktop,Windows
3074219,New,,,chrome 63.0,,desktop,Windows
3074287,New,,,chrome 63.0,,desktop,
3074187,Unknown,,,safari generic,,desktop,
3102514,Found,,Mac OS X 10_12_6,chrome 63.0,1440x900,desktop,MacOS
3074381,New,,,chrome 63.0,,desktop,
3079730,,,,,,,
3074504,Unknown,,,mobile safari 11.0,,mobile,
3074444,Unknown,,,mobile safari 11.0,,mobile,
3074459,New,,,chrome 63.0,,desktop,Windows
3074593,New,,,chrome 63.0,,desktop,
3102996,Found,,Windows 7,chrome 63.0,1920x1080,desktop,Windows
3074690,New,,,chrome 63.0,,desktop,Windows
3080055,New,,Windows 10,chrome 63.0,1600x900,desktop,Windows
3074837,New,,,chrome 63.0 for android,,mobile,SM-N950F Build/NMF26X
3074761,New,,,chrome 63.0,,desktop,
3074942,New,,,chrome 63.0,,desktop,Windows
3074848,Unknown,,,mobile safari 10.0,,mobile,
3085789,New,,iOS 11.2.0,mobile safari 11.0,1334x750,mobile,iOS Device
3085924,New,,iOS 10.2.1,mobile safari 10.0,1136x640,mobile,iOS Device
3074984,Found,,,firefox 52.0,,desktop,rv:52.0
3074953,Found,,,ie 11.0 for desktop,,desktop,Trident/7.0
3074997,Found,,,chrome 63.0,,desktop,Windows
3080524,Found,,iOS 11.1.2,mobile safari generic,1136x640,mobile,iOS Device
3075211,Found,,,ie 11.0 for desktop,,desktop,Trident/7.0
3075101,Found,,,ie 11.0 for desktop,,desktop,Trident/7.0
3075261,New,,,ie 11.0 for desktop,,desktop,Trident/7.0
3080605,Found,,iOS 11.1.2,mobile safari 11.0,2436x1125,mobile,iOS Device
3075242,New,,,chrome 63.0,,desktop,Windows
3075139,New,,,android browser 4.0,,mobile,Android 5.1
3075194,New,,,chrome 63.0,,desktop,Windows
3075172,Found,,,android browser 4.0,,mobile,Android 5.1
3075184,Found,,,android browser 4.0,,mobile,Android 5.1
3075180,Found,,,chrome 63.0,,desktop,Windows
3075210,Found,,,android browser 4.0,,mobile,Android 5.1
3075339,Found,,,android browser 4.0,,mobile,Android 5.1
3075257,New,,,chrome 63.0,,desktop,
3075266,Found,,,android browser 4.0,,mobile,Android 5.1
3075221,Found,,,android browser 4.0,,mobile,Android 5.1
3075272,New,,,chrome 63.0,,desktop,
3075284,Found,,,android browser 4.0,,mobile,Android 5.1
3075349,Found,,,chrome 63.0,,desktop,Windows
3075285,New,,,chrome 63.0,,desktop,Windows
3075299,Unknown,,,chrome 63.0 for ios,,mobile,
3075329,,,,,,,
3103726,New,,,chrome 63.0 for android,,mobile,5080A Build/MRA58K
3086389,Unknown,,Windows XP,firefox 47.0,1600x900,desktop,rv:47.0
3075566,New,,,ie 11.0 for desktop,,desktop,rv:11.0
3075590,Found,,,ie 11.0 for desktop,,desktop,rv:11.0
3075622,Found,,,ie 11.0 for desktop,,desktop,rv:11.0
3086726,Found,,Windows 10,chrome 63.0,1920x1080,desktop,Windows
3075650,Found,,,chrome 63.0 for android,,mobile,SM-J700M Build/MMB29K
3075888,New,,,samsung browser 6.2,,mobile,SAMSUNG SM-J700M Build/MMB29K
3075835,Found,,,chrome 63.0,,desktop,Windows
3075946,New,,,ie 11.0 for desktop,,desktop,Trident/7.0
3075974,New,,,chrome 63.0,,desktop,Windows
3075965,Unknown,,,mobile safari 10.0,,mobile,
3076082,Found,,,chrome 63.0,,desktop,
3087179,Found,,Mac OS X 10_13_2,chrome 63.0,2560x1600,desktop,MacOS
3076086,New,,,chrome 63.0,,desktop,Windows
3076159,,,,,,,
3076203,New,,,chrome generic,,mobile,SAMSUNG
3076158,Found,,,chrome 63.0,,desktop,Windows
3076283,Found,,,chrome 63.0,,desktop,Windows
3076238,Found,,,chrome 63.0,,desktop,
3076248,New,,,chrome 63.0 for android,,mobile,LG-K580 Build/MRA58K
3076349,New,,,chrome generic,,mobile,Moto E (4) Build/NMA26.42-69
3076328,Found,,,chrome 62.0 for android,,mobile,HUAWEI CUN-L03 Build/HUAWEICUN-L03
3087389,New,,iOS 11.2.1,mobile safari 11.0,2208x1242,mobile,iOS Device
3076437,New,,,chrome 62.0 for android,,mobile,Hisense U963 Build/MRA58K
3076372,Found,,,chrome generic,,mobile,SAMSUNG
3076487,New,,,mobile safari generic,,mobile,
3076507,Found,,,ie 11.0 for tablet,,desktop,Trident/7.0
3081952,Found,,Mac OS X 10_13_1,safari generic,2880x1800,desktop,MacOS
3076537,New,,,ie 11.0 for desktop,,desktop,Windows
3076567,New,,,chrome 63.0,,desktop,Windows
3076581,Found,,,chrome 63.0,,desktop,Windows
3076554,New,,,chrome generic,,mobile,Moto G (5) Build/NPPS25.137-15-11
3076597,Found,,,chrome 63.0,,desktop,Windows
3076550,New,,,chrome 61.0 for android,,mobile,Y635-L03 Build/HuaweiY635-L03
3076564,Found,,,chrome 63.0,,desktop,Windows
3076608,New,,,chrome 63.0,,desktop,Windows
3076624,Found,,,chrome 63.0,,desktop,Windows
3076619,New,,,chrome 62.0 for android,,mobile,SM-G531H Build/LMY48B
3076633,Found,,,chrome 63.0,,desktop,Windows
3076640,Found,,,chrome 63.0,,desktop,
3076611,Found,,,chrome 63.0,,desktop,Windows
3105031,Found,,,chrome 63.0 for android,,mobile,5080A Build/MRA58K
3076639,New,,,firefox 57.0,,desktop,Windows
3076634,Found,,,chrome 63.0,,desktop,Windows
3099578,New,,iOS 11.2.1,mobile safari 11.0,2048x1536,mobile,iOS Device
3076656,New,,,chrome generic,,mobile,SM-A300H Build/LRX22G
3076728,New,,,chrome 63.0 for android,,mobile,E6553
3076751,Unknown,,,mobile safari 11.0,,mobile,
3076738,Unknown,,,mobile safari 9.0,,mobile,
3076749,New,,,chrome 63.0 for android,,mobile,SM-G570M Build/MMB29K
3076768,Unknown,,,chrome 60.0 for android,,mobile,S57 Build/KTU84P
3076830,New,,,chrome 63.0 for android,,mobile,SM-T810 Build/NRD90M
3076857,New,,,chrome 62.0 for android,,mobile,HUAWEI CUN-L03 Build/HUAWEICUN-L03
3076889,New,,,chrome generic,,mobile,SAMSUNG SM-J111M Build/LMY47V
3082404,New,,iOS 11.2.0,mobile safari 11.0,2208x1242,mobile,iOS Device
3077116,New,,,chrome 58.0,,desktop,
3077171,New,,,edge 15.0,,desktop,Windows
3072040,New,,Windows 7,chrome 63.0,1600x900,desktop,Windows
3088334,Found,,Windows 10,chrome 63.0,1680x1050,desktop,Windows
3077189,New,,,chrome 63.0,,desktop,
3077219,New,,,chrome 63.0 for android,,mobile,SGH-I337M Build/LRX22C
3077255,New,,,chrome 63.0 for android,,mobile,Lenovo
3077296,New,,,chrome 62.0 for android,,mobile,AX920
3077410,New,,,chrome 62.0 for android,,mobile,LG-K220 Build/MXB48T
3077506,New,,,chrome 63.0,,desktop,Windows
3077441,Unknown,,,mobile safari 10.0,,mobile,
3077521,Found,,,firefox 57.0,,desktop,Windows
3083058,Unknown,,,,,,
3077540,,,,,,,
3077673,New,,,chrome 61.0 for android,,mobile,HTC Desire 626s Build/LMY47O
3077576,Found,,,chrome 61.0 for android,,mobile,HTC Desire 626s Build/LMY47O
3083173,New,IP_PROXY:TRANSPARENT,Windows 7,chrome 63.0,1920x1080,desktop,Windows
3077677,Found,,,chrome 63.0,,desktop,Windows
3077674,New,,,chrome 63.0,,desktop,Windows
3088949,New,,Mac OS X 10_11_6,safari generic,1440x900,desktop,MacOS
3077834,Found,,,chrome 63.0,,desktop,Windows
3072772,Found,,Windows 7,chrome 63.0,1680x1050,desktop,Windows
3077933,New,,,chrome 63.0,,desktop,Windows
3077912,Unknown,,,mobile safari 11.0,,mobile,
3083499,New,,iOS 11.2.1,mobile safari 11.0,1136x640,mobile,iOS Device
3089495,New,,iOS 11.2.1,mobile safari 11.0,1136x640,mobile,iOS Device
3078158,Unknown,,,firefox,,desktop,
3078259,Found,,,chrome 61.0 for android,,mobile,HTC Desire 626s Build/LMY47O
3078245,New,,,chrome 63.0 for android,,mobile,SM-G950F Build/NRD90M
3073111,New,,Windows 7,ie 11.0 for desktop,1680x1050,desktop,rv:11.0
3078167,Found,,,chrome 63.0,,desktop,Windows
3078484,Found,,,chrome 63.0,,desktop,Windows
3078536,Found,,,chrome 63.0,,desktop,
3078396,,,,,,,
3078581,Found,,,chrome 63.0,,desktop,Windows
3078563,,,,,,,
3078427,New,,,chrome 56.0,,desktop,Windows
3078455,New,,,chrome 63.0,,desktop,
3083990,New,IP_PROXY:TRANSPARENT,Windows 7,chrome 63.0,1920x1200,desktop,Windows
3084400,Found,,Windows 7,ie 11.0 for desktop,1920x1200,desktop,rv:11.0
3078908,New,,,chrome 63.0,,desktop,Windows
3078841,New,,,chrome 63.0,,desktop,Windows
3078822,Found,,,chrome 63.0,,desktop,Windows
3078811,New,,,chrome 63.0 for android,,mobile,SM-T230 Build/KOT49H
3078953,Unknown,,,firefox 57.0,,desktop,Windows
3090093,New,,iOS 11.2.1,mobile safari 11.0,2436x1125,mobile,iOS Device
3078995,Found,,,chrome 63.0,,desktop,Windows
3079184,New,,,chrome 63.0 for android,,mobile,Moto C Build/NRD90M.063
3079062,New,,,chrome 63.0,,desktop,Windows
3079172,New,,,edge 15.0,,desktop,Windows
3079133,New,,,firefox 57.0,,desktop,
3079170,New,,,chrome 63.0,,desktop,Windows
3079168,Unknown,,,mobile safari 11.0,,mobile,
3079292,Unknown,,,mobile safari 11.0,,mobile,
3079418,Unknown,,,mobile safari 11.0,,mobile,
3079415,New,,,chrome 63.0,,desktop,
3090659,New,,iOS 10.2.1,mobile safari 10.0,2208x1242,mobile,iOS Device
3079484,Found,,,chrome 63.0,,desktop,
3074143,,,,,,,
3079319,Found,,,chrome 62.0 for android,,mobile,SM-G531H Build/LMY48B
3090799,New,,Windows 10,edge 15.0,,desktop,Windows
3090826,New,,Windows 10,edge 15.0,1920x1080,desktop,Windows
3085066,New,IP_PROXY:TRANSPARENT,Android 7.0,chrome 63.0 for android,,mobile,SM-G955U Build/NRD90M
3079795,Unknown,,,mobile safari 11.0,,mobile,
3079747,New,,,chrome 60.0 for android,,mobile,LG-D331
3091082,Found,,Windows 10,edge 16.0,,desktop,Windows
3108164,New,,Windows 7,chrome 63.0,1366x768,desktop,Windows
3079800,Unknown,,,firefox 57.0,,desktop,Windows
3079825,New,,,chrome 59.0 for android,,mobile,GT-I9060M Build/KTU84P
3079844,New,,,chrome generic,,mobile,SAMSUNG
3085386,New,,Windows 7,firefox 57.0,1920x1080,desktop,rv:57.0
3085494,Found,,Windows 7,firefox 57.0,1920x1080,desktop,rv:57.0
3080112,Found,,,chrome 63.0,,desktop,Windows
3080181,New,,,chrome 63.0,,desktop,Windows
3080176,New,,,ie 11.0 for desktop,,desktop,Trident/7.0
3085785,Found,,Mac OS X 10_12_6,chrome 63.0,1920x1080,desktop,MacOS
3080244,Unknown,,,firefox 57.0,,desktop,Windows
3080300,New,,,chrome 63.0,,desktop,
3080350,New,,,chrome 63.0,,desktop,
3080484,New,,,chrome 63.0,,desktop,
3080385,New,,,chrome 63.0 for android,,mobile,LG-K500 Build/MMB29M
3080557,New,IP_PROXY:HIDDEN,,ie 11.0 for desktop,,desktop,Trident/7.0
3085963,New,,iOS 11.2.1,mobile safari 11.0,1136x640,mobile,iOS Device
3080518,New,,,chrome 63.0 for android,,mobile,Blade V6 Build/LRX22G
3080805,Unknown,,,mobile safari 11.0,,mobile,
3080886,New,,,chrome 63.0,,desktop,
3086438,Unknown,,,,,,
3080915,New,,,chrome 43.0 for android,,mobile,HUAWEI Y560-L03 Build/HUAWEIY560-L03
3080911,New,,,chrome 63.0,,desktop,Windows
3080912,New,,,chrome 63.0 for android,,mobile,ALE-L23 Build/HuaweiALE-L23
3081010,Found,,,chrome 63.0,,desktop,Windows
3081028,Found,,,chrome 62.0 for android,,mobile,MotoG3 Build/MPIS24.65-33.1-2-16
3081065,New,,,chrome 56.0 for android,,mobile,XT1580
3081070,,,,,,,
3081207,New,,,chrome 63.0,,desktop,Windows
3081097,Found,,,chrome 43.0 for android,,mobile,HUAWEI Y560-L03 Build/HUAWEIY560-L03
3081122,Found,,,chrome 63.0,,desktop,
3081191,Unknown,,,mobile safari 11.0,,mobile,
3081145,Found,,,chrome 63.0 for android,,mobile,SM-A300H Build/LRX22G
3081164,Found,,,chrome 63.0,,desktop,Windows
3081279,Found,,,chrome 63.0 for android,,mobile,F3213 Build/36.1.A.1.86
3081258,Found,,,chrome 63.0,,desktop,Windows
3081282,New,,Android 7.0,samsung browser 6.2,,mobile,SAMSUNG SM-G955U Build/NRD90M
3081252,Found,,,chrome 63.0,,desktop,Windows
3086856,Found,,,ie 11.0 for desktop,,desktop,rv:11.0
3081302,Found,,,chrome 63.0,,desktop,Windows
3081311,Unknown,,,mobile safari 11.0,,mobile,
3081398,New,,,chrome 63.0,,desktop,
3081458,New,,,chrome 63.0,,desktop,Windows
3081399,Found,,,firefox 57.0,,desktop,Windows
3081517,Found,,,chrome 63.0 for android,,mobile,SM-A300H Build/LRX22G
3081514,New,,,chrome 63.0,,desktop,Windows
3081582,Unknown,,,mobile safari 11.0,,mobile,
3081578,New,,,firefox,,desktop,Windows
3081518,New,,,safari generic,,desktop,
3081617,Found,,,chrome 63.0 for android,,mobile,SM-G530H Build/LRX22G
3081607,New,,,chrome,,mobile,GT-I9060M Build/KTU84P
3081703,Found,,,chrome,,mobile,GT-I9060M Build/KTU84P
3081651,New,,,chrome generic,,mobile,Moto G (4) Build/NPJS25.93-14-10
3087296,New,,Windows 10,chrome 63.0,3440x1440,desktop,Windows
3081706,Found,,,chrome,,mobile,GT-I9060M Build/KTU84P
3081724,New,IP_PROXY:TRANSPARENT,,ie 11.0 for desktop,,desktop,Trident/7.0
3081726,Found,,,chrome 63.0,,desktop,
3081748,New,,,chrome 63.0 for android,,mobile,HTC Desire 10 lifestyle Build/MMB29M
3081797,New,,,chrome 63.0 for android,,mobile,SM-J700M Build/MMB29K
3081801,Found,,,chrome 63.0,,desktop,
3081768,Found,,,chrome 63.0,,desktop,
3081817,New,,,mobile safari 10.0,,mobile,
3081774,New,,,chrome 63.0,,desktop,Windows
3081872,New,,,chrome 63.0,,desktop,Windows
3081883,Found,,,chrome 63.0,,desktop,
3081902,New,,,chrome 63.0,,desktop,Windows
3087486,New,,iOS 11.2.1,mobile safari 11.0,2436x1125,mobile,iOS Device
3081814,Found,,,chrome 63.0,,desktop,Windows
3081919,New,,,chrome 63.0,,desktop,Windows
3081916,Found,,,chrome 63.0,,desktop,
3081951,Found,,,chrome 63.0,,desktop,
3081898,New,,,chrome 58.0 for android,,mobile,SM-A520F Build/NRD90M
3081933,New,,,chrome 62.0,,desktop,
3081956,Unknown,,,mobile safari 11.0,,mobile,
3093654,New,,iOS 10.0.2,mobile safari 10.0,1334x750,mobile,iOS Device
3082052,Found,,,chrome 63.0,,desktop,Windows
3082073,Found,,,chrome 63.0,,desktop,Windows
3082030,New,,,chrome 63.0 for android,,mobile,Lenovo K33b36 Build/MMB29M
3082059,Found,,,chrome 63.0,,desktop,Windows
3082110,New,,,chrome 63.0 for android,,mobile,SM-J700M Build/MMB29K
3087754,New,,Android 7.0,samsung browser 6.2,,mobile,SAMSUNG SM-G955U Build/NRD90M
3087748,Found,,Android 7.0,samsung browser 6.2,,mobile,SAMSUNG SM-G955U Build/NRD90M
3087790,Found,,Android 7.0,samsung browser 6.2,,mobile,SAMSUNG SM-G955U Build/NRD90M
3082135,Found,,,chrome 63.0 for android,,mobile,SM-J700M Build/MMB29K
3082161,New,,,chrome 63.0 for android,,mobile,MotoG3-TE Build/MPDS24.65-33-1-30
3082149,New,,,edge 15.0,,desktop,Windows
3082172,New,,,chrome 63.0 for android,,mobile,F3213 Build/36.1.A.1.86
3082186,New,,,chrome 50.0 for android,,mobile,SM-J105B Build/LMY47V
3082168,New,,,chrome 63.0,,desktop,Windows
3082232,Found,,,chrome 63.0 for android,,mobile,F3213 Build/36.1.A.1.86
3082198,Found,,,chrome 63.0 for android,,mobile,F3213 Build/36.1.A.1.86
3082209,Found,,,chrome 63.0 for android,,mobile,F3213 Build/36.1.A.1.86
3082219,Found,,,chrome 63.0 for android,,mobile,F3213 Build/36.1.A.1.86
3082242,Unknown,,,mobile safari 11.0,,mobile,
3082260,Unknown,,,mobile safari 11.0,,mobile,
3082235,Unknown,,,mobile safari 11.0,,mobile,
3099750,New,,Windows 10,ie 11.0 for desktop,1366x768,desktop,Trident/7.0
3082274,Found,,,chrome 63.0 for android,,mobile,SM-G950F Build/NRD90M
3082304,New,,,chrome 63.0,,desktop,Windows
3082305,New,,,chrome 63.0,,desktop,
3082306,Found,,,chrome 63.0,,desktop,
3082341,Found,,,chrome 63.0,,desktop,Windows
3082346,New,,,chrome 61.0 for android,,mobile,LG-D693n Build/LRX22G
3099865,New,,,chrome 63.0,,desktop,Windows
3082369,New,,,ie 11.0 for desktop,,desktop,Trident/7.0
3082376,New,,,chrome 61.0 for android,,mobile,LG-X230 Build/MRA58K
3088073,New,,iOS 11.2.1,mobile safari 11.0,1334x750,mobile,iOS Device
3094118,Found,,Mac OS X 10_11_4,safari generic,1280x800,desktop,MacOS
3088133,New,,Windows 7,chrome 63.0,1920x1080,desktop,Windows
3082562,New,,Windows 7,chrome 63.0,1920x1080,desktop,Windows
3082542,New,,,chrome generic,,mobile,Moto G (4) Build/NPJS25.93-14-10
3088208,Found,,Windows 7,ie 11.0 for desktop,1920x1200,desktop,rv:11.0
3088197,New,,Windows 10,chrome 63.0,1920x1080,desktop,Windows
3088316,New,,iOS 11.2.1,mobile safari 11.0,1334x750,mobile,iOS Device
3082680,Found,,,chrome 63.0,,desktop,Windows
3082697,New,,Windows 7,ie 11.0 for desktop,1440x900,desktop,Windows
3082675,Found,,Windows 7,ie 11.0 for desktop,1440x900,desktop,Windows
3094387,New,,iOS 11.1.1,mobile safari 11.0,2001x1125,mobile,iOS Device
3088321,New,,iOS 11.1.2,mobile safari 11.0,2048x1536,mobile,iOS Device
3082758,,,,,,,
3094479,New,,iOS 11.2.1,mobile safari 11.0,2001x1125,mobile,iOS Device
3082817,Found,,,chrome 63.0,,desktop,Windows
3088580,New,,iOS 11.2.1,mobile safari 11.0,1334x750,mobile,iOS Device
3082967,New,,,chrome 58.0 for android,,mobile,moto x4 Build/NPW26.83-18-2-0-4
3083036,Unknown,,,mobile safari 11.0,,mobile,
3083142,New,,,ie 11.0 for desktop,,desktop,Trident/7.0
3083090,New,,,chrome 50.0 for android,,mobile,Moto G Play Build/MPIS24.241-15.3-7
3083157,New,,,chrome 63.0 for android,,mobile,LG-K580 Build/MRA58K
3088852,New,,Windows 10,chrome 63.0,3440x1440,desktop,Windows
3083364,Unknown,,,mobile safari 10.0,,mobile,
3083402,Found,,,chrome 63.0,,desktop,Windows
3089093,Found,,Windows 7,chrome 63.0,1920x1080,desktop,Windows
3083325,New,,,chrome 63.0,,desktop,Windows
3089162,New,,Windows 10,chrome 63.0,1920x1080,desktop,Windows
3089131,Found,,Mac OS X 10_10_5,chrome 63.0,1366x768,desktop,MacOS
3089129,Found,,Windows 7,ie 11.0 for desktop,1280x1024,desktop,Trident/7.0
3089345,Found,,Mac OS X 10_12_6,chrome 63.0,1920x1080,desktop,MacOS
3083515,New,,,chrome 63.0,,desktop,
3083619,Found,,,chrome 63.0,,desktop,Windows
3083695,Found,,,edge 16.0,,desktop,Windows
3089435,New,,iOS 11.1.2,mobile safari 11.0,2208x1242,mobile,iOS Device
3083631,Found,,,chrome 63.0 for android,,mobile,HUAWEI TAG-L13 Build/HUAWEITAG-L13
3083640,Found,,,chrome 63.0 for android,,mobile,LG-K580 Build/MRA58K
3083585,Found,,,chrome 63.0,,desktop,Windows
3083679,Found,,,chrome 63.0,,desktop,Windows
3083665,Found,,,chrome 63.0,,desktop,Windows
3083805,Found,,,chrome 63.0 for android,,mobile,LG-K580 Build/MRA58K
3083759,Unknown,,,mobile safari 11.0,,mobile,
3089612,New,IP_PROXY:TRANSPARENT,Windows 7,ie 11.0 for desktop,,desktop,Trident/7.0
3083880,Found,,,chrome 63.0,,desktop,Windows
3083933,Unknown,,,mobile safari 10.0,,mobile,
3083954,New,,,chrome 49.0,,desktop,
3083994,New,,,chrome 63.0,,desktop,
3083967,Found,,,chrome 63.0,,desktop,Windows
3112405,New,,,chrome 63.0,,desktop,Windows
3083998,Found,,,chrome 63.0,,desktop,
3089786,New,,iOS 11.2.1,mobile safari 11.0,1334x750,mobile,iOS Device
3084064,New,,,chrome 63.0 for android,,mobile,G3223 Build/42.0.A.4.101
3084209,Found,,,chrome 63.0,,desktop,
3084112,Found,,,chrome 63.0,,desktop,
3084149,New,,,chrome 63.0,,desktop,Windows
3084094,New,,,chrome 62.0,,desktop,Windows
3084252,New,,,chrome 63.0 for android,,mobile,F3213 Build/36.1.A.1.86
3084229,New,,,chrome 62.0,,desktop,
3084237,Found,,,chrome 63.0 for android,,mobile,SM-T710 Build/NRD90M
3084473,Found,,,chrome 63.0,,desktop,
3084329,Found,,,chrome 63.0,,desktop,
3084550,Found,,,chrome 63.0,,desktop,Windows
3090208,New,,,chrome 63.0,,desktop,Windows
3084561,New,,,chrome 63.0,,desktop,Windows
3084483,New,,,chrome 63.0,,desktop,Windows
3084630,New,,,chrome 63.0,,desktop,Windows
3084606,Found,,,chrome 63.0,,desktop,Windows
3090419,New,IP_PROXY:ANONYMOUS,Windows 7,ie 11.0 for desktop,3440x1440,desktop,rv:11.0
3096556,Found,,Windows 7,ie 11.0 for desktop,1024x768,desktop,MDDRJS
3084709,Found,,,ie 11.0 for desktop,,desktop,rv:11.0
3112869,Found,,Windows 7,firefox 57.0,1920x1080,desktop,Windows
3084617,Found,,,chrome 63.0,,desktop,Windows
3084828,Found,,,chrome 62.0 for android,,mobile,Hisense F23 Build/NRD90M
3084876,Found,,,chrome 62.0 for android,,mobile,Hisense F23 Build/NRD90M
3079253,New,,iOS 11.1.1,mobile safari 11.0,2436x1125,mobile,iOS Device
3084776,Found,,,chrome 62.0 for android,,mobile,Hisense F23 Build/NRD90M
3084805,Found,,,chrome 63.0,,desktop,Windows
3096635,New,,iOS 11.2.1,mobile safari generic,2208x1242,mobile,iOS Device
3084935,Found,,,chrome 49.0,,desktop,
3090769,Found,,Mac OS X 10_12_6,chrome 63.0,2880x1800,desktop,MacOS
3084923,Found,,,mobile safari 11.0,,mobile,
3084952,New,,,chrome 63.0 for android,,mobile,Lenovo K33b36 Build/MMB29M
3084977,New,,,chrome 63.0,,desktop,
3084863,New,,,chrome 63.0,,desktop,Windows
3085010,Unknown,,,android webview 4.0,,mobile,Moto E (4) Build/NMA26.42-69
3107995,New,IP_PROXY:TRANSPARENT,iOS 11.2.1,mobile safari 11.0,2208x1242,mobile,iOS Device
3084991,Found,,,chrome 63.0,,desktop,Windows
3084992,Found,,,chrome 63.0,,desktop,Windows
3096883,New,,Windows 10,chrome 63.0,1920x1080,desktop,Windows
3085041,New,,,chrome 63.0 for android,,mobile,XT1563 Build/MPD24.107-52
3085127,Found,,,chrome 63.0 for android,,mobile,XT1563 Build/MPD24.107-52
3085196,Found,,,chrome 63.0 for android,,mobile,XT1563 Build/MPD24.107-52
3113247,New,,,chrome 63.0,,desktop,Windows
3097116,New,,iOS 11.2.1,mobile safari 11.0,1334x750,mobile,iOS Device
3085224,New,,,chrome 63.0,,desktop,Windows
3091131,Found,,Mac OS X 10_12_6,safari generic,2880x1800,desktop,MacOS
3085236,New,,,chrome 63.0 for android,,mobile,Studio
3085285,New,,,chrome 63.0,,desktop,Windows
3091208,New,,Windows 7,firefox 57.0,1920x1080,desktop,rv:57.0
3085338,,,,,,,
3091325,New,,Mac OS X 10_11_5,safari generic,1920x1080,desktop,MacOS
3097357,New,,Windows 10,edge 16.0,1920x1200,desktop,Windows
3085405,Found,,,chrome 63.0,,desktop,Windows
3085554,Found,,,chrome 63.0,,desktop,Windows
3085478,Found,,,chrome 63.0,,desktop,Windows
3085563,New,,,chrome 63.0,,desktop,
3085652,New,,,chrome 63.0,,desktop,
3085753,New,,,chrome 63.0,,desktop,Windows
3080252,New,,Mac OS X 10_12_6,safari generic,1440x900,desktop,MacOS
3103282,Found,,Windows 10,firefox 57.0,1920x1080,desktop,Windows
3085870,Unknown,,,mobile safari 11.0,,mobile,
3097870,Found,,Mac OS X 10_9_5,chrome 63.0,2560x1600,desktop,MacOS
3085943,New,,,chrome 63.0,,desktop,Windows
3085912,New,,,ie 11.0 for desktop,,desktop,Trident/7.0
3086004,Found,,,chrome 63.0,,desktop,Windows
3091950,New,,iOS 11.2.1,mobile safari 11.0,2436x1125,mobile,iOS Device
3086037,Found,,,chrome 63.0,,desktop,Windows
3085923,New,,,chrome 63.0 for android,,mobile,SM-A720F Build/NRD90M
3085968,Found,,,chrome 63.0,,desktop,Windows
3085931,New,,,chrome 63.0,,desktop,
3086058,Found,,,chrome 63.0,,desktop,Windows
3086123,Unknown,,,mobile safari 11.0,,mobile,
3097999,Found,,Mac OS X 10_11_6,chrome 63.0,2880x1800,desktop,MacOS
3085992,Found,,,chrome 63.0,,desktop,
3086047,New,,,chrome 63.0,,desktop,Windows
3086106,New,,,chrome 56.0 for android,,mobile,Moto C Build/NRD90M.046
3086297,New,,,chrome 63.0,,desktop,Windows
3086239,Found,,,chrome 63.0,,desktop,
3086433,New,,,chrome 60.0 for android,,mobile,HUAWEI VNS-L53 Build/HUAWEIVNS-L53
3092325,New,,iOS 11.2.1,mobile safari 11.0,1334x750,mobile,iOS Device
3092401,Found,,iOS 11.2.1,mobile safari 11.0,1334x750,mobile,iOS Device
3086321,New,,,chrome 63.0,,desktop,
3086482,New,,,chrome 63.0,,desktop,Windows
3086492,Unknown,,,mobile safari 11.0,,mobile,
3092462,New,,Windows 10,firefox 57.0,,desktop,Windows
3086652,Found,,,chrome 63.0 for android,,mobile,F5121 Build/34.3.A.0.252
3092620,Found,,Windows 10,chrome 63.0,1600x900,desktop,Windows
3098788,Found,,Android 7.1.1,samsung browser 6.2,,mobile,SAMSUNG SM-N950U Build/NMF26X
3092815,New,,Android 6.0.1,chrome 63.0 for android,1920x1080,mobile,Z981 Build/MMB29M
3092823,Found,,Android 6.0.1,chrome 63.0 for android,1920x1080,mobile,Z981 Build/MMB29M
3092746,Found,,Android 6.0.1,chrome 63.0 for android,1920x1080,mobile,Z981 Build/MMB29M
3092706,Found,,Android 6.0.1,chrome 63.0 for android,1920x1080,mobile,Z981 Build/MMB29M
3092749,Found,,Android 6.0.1,chrome 63.0 for android,1920x1080,mobile,Z981 Build/MMB29M
3086887,New,,,chrome 63.0,,desktop,Windows
3086899,Found,,,chrome 63.0,,desktop,Windows
3086994,Found,,,chrome 63.0,,desktop,Windows
3087033,New,,,chrome 63.0 for android,,mobile,D5803 Build/23.5.A.1.291
3086976,Found,,,chrome 63.0,,desktop,Windows
3086995,New,,,chrome 62.0 for android,,mobile,LG-H650 Build/MRA58K
3087002,Unknown,,,mobile safari 11.0,,mobile,
3087049,Found,,,chrome 63.0 for android,,mobile,SM-J700M Build/MMB29K
3087043,Found,,,chrome 63.0 for android,,mobile,SM-J700M Build/MMB29K
3087114,New,,,chrome 63.0 for android,,mobile,ALE-L23 Build/HuaweiALE-L23
3087170,Found,,,chrome 63.0,,desktop,
3087276,New,,,chrome 63.0 for android,,mobile,Moto X Play Build/NPD26.48-24-1
3087210,Unknown,,,mobile safari 11.0,,mobile,
3081583,Found,,Windows 7,firefox 57.0,1600x900,desktop,Windows
3087233,New,,,chrome 63.0,,desktop,
3087309,New,,,chrome 63.0,,desktop,Windows
3099197,New,,Android 7.0,chrome 63.0 for android,1920x1080,mobile,SAMSUNG-SM-G930A Build/NRD90M
3087351,Found,,,chrome 63.0 for android,,mobile,Moto X Play Build/NPD26.48-24-1
3087386,Unknown,,,mobile safari 10.0,,mobile,
3087450,New,,,chrome 63.0 for android,,mobile,Hisense F20 Build/MMB29M
3087555,New,,,chrome 63.0,,desktop,Windows
3087571,Found,,,chrome 63.0,,desktop,Windows
3087535,Found,,,chrome 63.0,,desktop,Windows
3099423,New,,,mobile safari 11.0,,mobile,
3087616,Unknown,,,firefox 57.0,,desktop,Windows
3087654,New,,,chrome 63.0,,desktop,Windows
3087718,New,,,chrome generic,,desktop,Windows
3087653,Found,,,chrome 63.0 for android,,mobile,Moto X Play Build/NPD26.48-24-1
3087684,New,,,opera 49.0,,desktop,Windows
3087716,New,,,firefox 57.0,,desktop,Windows
3087662,Found,,,opera 49.0,,desktop,Windows
3087762,Found,,,opera 49.0,,desktop,Windows
3087709,Found,,,opera 49.0,,desktop,Windows
3087690,New,,,ie 11.0 for desktop,,desktop,Trident/7.0
3087707,New,,,chrome generic,,mobile,Moto G (5S
3087696,Found,,,opera 49.0,,desktop,Windows
3087763,New,,,chrome 63.0,,desktop,Windows
3087722,New,,,firefox 57.0,,desktop,Windows
3087755,New,,,chrome 55.0 for android,,mobile,LG-D693n Build/LRX22G
3087757,New,,,chrome 63.0,,desktop,Windows
3087821,Unknown,,,firefox 57.0,,desktop,Windows
3087830,Found,,,safari generic,,desktop,
3087842,Unknown,,,mobile safari 11.0,,mobile,
3087803,Unknown,,,mobile safari 10.0,,mobile,
3087851,Found,,,chrome 63.0 for android,,mobile,SM-A300H Build/LRX22G
3087867,New,,,ie 11.0 for desktop,,desktop,Trident/7.0
3087859,Unknown,,,mobile safari 9.0,,mobile,
3087863,New,,,chrome 63.0,,desktop,Windows
3105149,New,,,chrome 63.0,,desktop,Windows
3087899,New,,,chrome 63.0,,desktop,Windows
3087880,New,,,chrome 63.0 for android,,mobile,Hisense F20 Build/MMB29M
3087903,New,,,chrome generic,,mobile,Moto E (4) Build/NMA26.42-19
3087896,Unknown,,,mobile safari 10.0,,mobile,
3087901,Unknown,,,mobile safari 11.0,,mobile,
3087924,Unknown,,,mobile safari generic,,mobile,
3099850,Found,,Windows 10,chrome 63.0,,desktop,Windows
3099852,New,,iOS 10.2.1,mobile safari 10.0,2048x1536,mobile,iOS Device
3087965,New,,,chrome generic,,mobile,Moto E (4) Plus Build/NMA26.42-69
3088149,New,,,chrome 63.0 for android,,mobile,Lenovo K33b36 Build/MMB29M
3088141,New,,Windows 10,chrome 63.0,1920x1080,desktop,Windows
3088212,Found,,,chrome 63.0 for android,,mobile,Lenovo K33b36 Build/MMB29M
3088175,New,,,chrome 63.0,,desktop,
3088250,Found,,,chrome 63.0 for android,,mobile,Lenovo K33b36 Build/MMB29M
3088344,Found,,,chrome 63.0 for android,,mobile,Lenovo K33b36 Build/MMB29M
3100192,New,,iOS 10.3.3,mobile safari 10.0,2048x1536,mobile,iOS Device
3088280,Found,,,chrome 63.0,,desktop,
3088335,New,,,chrome 61.0 for android,,mobile,MotoG3-TE Build/MPDS24.65-33-1-3
3094391,New,,iOS 10.2.1,mobile safari 10.0,1334x750,mobile,iOS Device
3088449,New,,,chrome 63.0,,desktop,Windows
3088384,New,,,chrome 62.0,,desktop,
3088497,New,,,chrome 63.0,,desktop,Windows
3100333,New,,Windows 8.1,ie 11.0 for desktop,1920x1080,desktop,Trident/7.0
3094568,New,,iOS 11.0.2,mobile safari 11.0,1334x750,mobile,iOS Device
3088388,Found,,,chrome 63.0 for android,,mobile,HTC One_M8 Build/MRA58K
3088601,New,,,chrome 63.0,,desktop,Windows
3100379,New,,iOS 10.3.3,mobile safari 10.0,1334x750,mobile,iOS Device
3088629,New,,,chrome 58.0 for android,,mobile,Moto C Plus Build/NRD90M.05.034
3088692,New,,,chrome 62.0 for android,,mobile,Moto G Play Build/MPIS24.241-15.3-7
3088585,New,,,chrome 63.0,,desktop,Windows
3088715,Found,,,chrome 63.0 for android,,mobile,Blade V6 Plus Build/MRA58K
3088624,Unknown,,,mobile safari generic,,mobile,
3094730,Found,,Mac OS X 10_12_6,safari generic,1440x900,desktop,MacOS
3088726,New,,,chrome 63.0,,desktop,
3088837,New,,,chrome 61.0 for android,,mobile,Ilium LT510 Build/MRA58K
3094862,New,,iOS 11.2.1,mobile safari 11.0,1136x640,mobile,iOS Device
3088779,New,,,chrome 63.0 for android,,mobile,SM-J700M Build/MMB29K
3088907,Found,,,chrome 63.0 for android,,mobile,SM-G530H Build/LRX22G
3094979,New,,iOS 10.1.1,mobile safari 10.0,1334x750,mobile,iOS Device
3088979,New,,,chrome 63.0 for android,,mobile,SM-N910V Build/MMB29M
3100832,New,,Mac OS X 10_13_1,safari generic,1440x900,desktop,MacOS
3089196,Found,,,chrome 63.0 for android,,mobile,SM-G570M Build/MMB29K
3089402,Unknown,,,mobile safari 11.0,,mobile,
3089538,New,,,chrome 63.0 for android,,mobile,F5121 Build/34.3.A.0.238
3089387,New,,,chrome 63.0,,desktop,Windows
3089585,New,,,chrome generic,,mobile,SAMSUNG SM-G900M Build/LRX21T
3089705,Unknown,,,safari generic,,desktop,
3089559,Unknown,,,,,mobile,
3095803,New,,Mac OS X 10_9_5,safari generic,2560x1600,desktop,MacOS
3089571,New,,,chrome 63.0,,desktop,
3089737,Found,,,chrome 63.0,,desktop,Windows
3089773,New,,,,,mobile,Build/OPR6.170623.013
3095701,New,,Mac OS X 10_11_6,safari generic,1920x1200,desktop,MacOS
3089794,Found,,,ie 11.0 for desktop,,desktop,Trident/7.0
3089901,New,,,chrome 60.0 for android,,mobile,ALE-L23 Build/HuaweiALE-L23
3089871,New,,,mobile safari 11.0,,mobile,
3101852,Found,,Linux,chrome 62.0,1366x768,desktop,
3101847,Found,,Linux,chrome 62.0,1366x768,desktop,
3090237,New,,,chrome 62.0 for android,,mobile,Moto
3096223,New,,Windows 10,firefox 57.0,1920x1080,desktop,Windows
3090287,Found,,,chrome 58.0 for android,,mobile,Moto C Plus Build/NRD90M.05.034
3090221,Found,,,chrome 58.0 for android,,mobile,Moto C Plus Build/NRD90M.05.034
3090366,New,,,chrome 63.0 for android,,mobile,SM-G570M Build/MMB29K
3090426,Found,,,chrome 43.0 for android,,mobile,ALE-L23 Build/HuaweiALE-L23
3090567,New,,,chrome 63.0,,desktop,
3090589,Unknown,,,mobile safari 11.0,,mobile,
3090715,New,,,ie 11.0 for desktop,,desktop,Trident/7.0
3102639,New,,iOS 10.2.0,mobile safari 10.0,1334x750,mobile,iOS Device
3090941,New,,,chrome 63.0,,desktop,Windows
3096915,New,,Windows 8.1,ie 11.0 for desktop,1366x768,desktop,Trident/7.0
3097127,Unknown,,Mac OS X 10_13_1,chrome 63.0,2880x1800,desktop,MacOS
3091084,New,,,chrome 62.0,,desktop,Windows
3097185,Found,,Windows 10,chrome 63.0,1920x1080,desktop,Windows
3091272,New,,,chrome 63.0,,desktop,Windows
3097300,Found,,Mac OS X 10_11_6,chrome 62.0,1280x800,desktop,MacOS
3091231,New,,,chrome 63.0 for android,,mobile,ALE-L23 Build/HuaweiALE-L23
3091220,Found,IP_PROXY:TRANSPARENT,Android 7.0,chrome 63.0 for android,2220x1080,mobile,SM-G955U Build/NRD90M
3091295,New,,,chrome 63.0,,desktop,
3091243,New,,,chrome 63.0,,desktop,Windows
3091245,Found,,,chrome 63.0,,desktop,Windows
3103012,Found,,Linux,chrome 62.0,1366x768,desktop,
3091267,Found,,,chrome 63.0,,desktop,Windows
3091495,Found,,,chrome 63.0,,desktop,Windows
3103066,Found,,Windows 7,ie 11.0 for desktop,,desktop,Trident/7.0
3091502,New,,,chrome 63.0,,desktop,
3097519,New,,Mac OS X 10_12_2,safari generic,1280x800,desktop,MacOS
3091327,Found,,,chrome 63.0,,desktop,Windows
3103105,New,,Windows 10,edge 16.0,1366x768,desktop,Windows
3091420,Found,,,chrome 63.0,,desktop,Windows
3091529,Found,,,chrome 63.0,,desktop,
3091676,New,,,mobile safari generic,,mobile,
3085777,Found,,Windows 7,chrome 63.0,1920x1200,desktop,Windows
3085799,Found,,Windows 7,chrome 63.0,1920x1200,desktop,Windows
3092057,Found,,,chrome 63.0 for android,,mobile,Moto C Build/NRD90M.063
3092021,New,,,chrome 63.0,,desktop,
3092095,New,,,chrome 63.0,,desktop,
3092062,Found,,,chrome 63.0,,desktop,
3092171,Found,,,chrome 63.0,,desktop,
3092024,New,,,samsung browser 6.2,,mobile,SAMSUNG SM-G610M Build/MMB29K
3092049,Found,,,chrome 63.0,,desktop,
3092200,Found,,,chrome 63.0,,desktop,
3092104,Found,,,chrome 63.0,,desktop,
3092211,Found,,,chrome 63.0,,desktop,
3092109,Found,,,chrome 63.0,,desktop,
3092203,Found,,,chrome 63.0,,desktop,
3092244,Found,,,chrome 63.0,,desktop,
3092268,New,,,ie 11.0 for desktop,,desktop,Trident/7.0
3092205,Found,,,chrome 63.0,,desktop,
3092253,Found,,,chrome 63.0,,desktop,
3092251,Found,,,chrome 63.0,,desktop,
3092179,Found,,,chrome 63.0,,desktop,
3092274,Found,,,chrome 63.0,,desktop,
3103853,Found,,Mac OS X 10_11_6,safari generic,1366x768,desktop,MacOS
3092267,New,,,chrome 63.0 for android,,mobile,SM-J730GM Build/NRD90M
3103759,New,,Windows 10,edge 15.0,,desktop,Windows
3092348,Found,,,chrome 63.0,,desktop,
3092347,Found,,,chrome 63.0,,desktop,
3092277,Found,,,chrome 63.0,,desktop,
3092204,New,,,chrome 63.0,,desktop,Windows
3092355,Found,,,chrome 63.0,,desktop,
3092289,Found,,,chrome 63.0,,desktop,
3092342,Found,,,chrome 62.0 for android,,mobile,Moto C Plus Build/NRD90M.05.034
3092389,Found,,,chrome 63.0,,desktop,Windows
3092505,New,,,chrome 63.0 for android,,mobile,LG-H840 Build/NRD90U
3092547,New,,,chrome 63.0,,desktop,Windows
3086802,Found,,Mac OS X 10_10_5,chrome 63.0,1280x800,desktop,MacOS
3092699,New,,,Samsung/SM-G532M,,mobile,SAMSUNG SM-G532M Build/MMB29T
3086825,Found,,Windows 10,ie 11.0 for desktop,1920x1080,desktop,Trident/7.0
3098796,Found,,iOS 11.2.1,mobile safari 11.0,2732x2048,mobile,iOS Device
3092860,Unknown,,,mobile safari 11.0,,mobile,
3098937,New,,iOS 11.2.1,mobile safari 11.0,2208x1242,mobile,iOS Device
3109837,New,,Mac,chrome 62.0,1920x1080,desktop,MacOS
3099140,Found,,Windows 10,chrome 63.0,1600x900,desktop,Windows
3104707,New,,Windows 7,chrome 63.0,1280x1024,desktop,Windows
3093472,Found,,,chrome 63.0,,desktop,Windows
3093488,New,,,mobile safari 11.0,,mobile,
3093456,Found,,,mobile safari 11.0,,mobile,
3093477,Found,,,edge 16.0,,desktop,Windows
3119655,,,,,,,
3093607,New,,,chrome generic,,mobile,Moto G (4) Build/NPJS25.93-14-10
3119793,Unknown,,,mobile safari 11.0,,mobile,
3093668,Unknown,,,firefox,,desktop,rv:57.0
3093686,Found,,,chrome 63.0,,desktop,
3093704,Unknown,,,mobile safari 10.0,,mobile,
3093732,New,,,chrome 63.0 for android,,mobile,HUAWEI CUN-L03 Build/HUAWEICUN-L03
3093734,Unknown,,,mobile safari 11.0,,mobile,
3087822,New,,Mac OS X 10_10_5,safari generic,1280x800,desktop,MacOS
3093720,New,,,chrome 63.0 for android,,mobile,SM-A520F Build/NRD90M
3093780,New,,,chrome 62.0 for android,,mobile,Moto C Build/NRD90M.046
3093821,New,,,chrome 63.0 for android,,mobile,5010G Build/MRA58K
3105137,New,,iOS 11.1.2,mobile safari 11.0,2048x1536,mobile,iOS Device
3093887,New,,,chrome generic,,mobile,Moto G (5) Plus Build/NPN25.137-72
3093891,Found,,,chrome generic,,mobile,Moto G (5) Plus Build/NPN25.137-72
3093900,Found,,,chrome generic,,mobile,Moto G (5) Plus Build/NPN25.137-72
3093880,New,,,chrome 63.0 for android,,mobile,Ilium X510 Build/MRA58K
3093967,New,,,chrome 63.0,,desktop,Windows
3093971,New,,,chrome 62.0 for android,,mobile,SM-J700M Build/MMB29K
3094059,Unknown,,,mobile safari 11.0,,mobile,
3094088,New,,Linux,chrome 63.0,2560x1440,desktop,
3099976,Found,,iOS 11.2.1,mobile safari 11.0,2208x1242,mobile,iOS Device
3100007,New,,Windows 10,chrome 63.0,1366x768,desktop,Windows
3094302,New,,,chrome 63.0 for android,,mobile,SM-J701M Build/NRD90M
3094276,New,,,chrome 63.0,,desktop,Windows
3094313,Found,,,chrome 63.0,,desktop,Windows
3100144,Found,,Mac OS X 10_9_5,safari generic,1440x900,desktop,MacOS
3094400,New,,,chrome 63.0 for android,,mobile,AX920
3100262,New,,Windows 7,ie 11.0 for desktop,,desktop,rv:11.0
3094487,New,,,chrome 63.0 for android,,mobile,SM-J105B Build/LMY47V
3094515,New,,,chrome 60.0 for android,,mobile,SM-G531H Build/LMY48B
3094623,,,,,,,
3100455,Found,,Windows 10,chrome 63.0,1366x768,desktop,Windows
3105854,Found,,Windows 7,chrome 63.0,1366x768,desktop,Windows
3100600,New,,Android 8.1.0,chrome 63.0 for android,2562x1442,mobile,Pixel XL Build/OPM1.171019.011
3094792,Found,,,chrome 63.0 for android,,mobile,SM-A720F Build/NRD90M
3094971,Found,,,chrome 62.0 for android,,mobile,F8331 Build/41.2.A.7.76
3100649,New,,iOS 11.2.1,mobile safari 11.0,2436x1125,mobile,iOS Device
3095124,Found,,,chrome 58.0 for android,,mobile,LGMS550 Build/MXB48T
3095062,New,,,chrome 63.0 for android,,mobile,SM-A520F Build/MMB29K
3095166,New,,,firefox 57.0,,desktop,Windows
3095300,New,,,opera 49.0,,desktop,
3095240,Found,,,chrome 63.0 for android,,mobile,SM-A520F Build/MMB29K
3095337,Found,,,chrome 63.0 for android,,mobile,SM-A520F Build/MMB29K
3095151,Found,,,chrome 63.0 for android,,mobile,SM-A520F Build/MMB29K
3095160,Found,,,chrome 63.0 for android,,mobile,SM-A520F Build/MMB29K
3101191,New,IP_PROXY:TRANSPARENT,Windows 7,chrome 63.0,1366x768,desktop,Windows
3106504,New,,Windows 10,edge 16.0,2736x1824,desktop,Windows
3095252,New,,,chrome 49.0,,desktop,
3095471,New,,,chrome 62.0 for android,,mobile,SM-A710M Build/LMY47X
3106627,New,,Windows 7,chrome 63.0,1366x768,desktop,Windows
3106718,Found,,Windows 10,edge 16.0,2736x1824,desktop,Windows
3106732,Found,,Windows 10,edge 16.0,2736x1824,desktop,Windows
3101183,Found,,Android 7.0,chrome 62.0 for android,1920x1080,mobile,SM-G935T Build/NRD90M
3101397,New,,iOS 11.2.5,mobile safari 11.0,1334x750,mobile,iOS Device
3095496,New,,,chrome 63.0 for android,,mobile,Moto Z2 Play Build/NPSS26.118-19-6
3101308,Found,,Windows 10,firefox,1600x900,desktop,rv:52.0
3095716,New,,,chrome 63.0,,desktop,
3095754,New,,,chrome generic,,mobile,Moto G (4) Build/NPJS25.93-14-10
3095769,New,,,chrome 63.0,,desktop,
3107111,Found,,Windows 10,chrome 63.0,1366x768,desktop,Windows
3107117,Found,,Windows 10,chrome 63.0,1366x768,desktop,Windows
3096120,New,,,chrome 63.0 for android,,mobile,LG-X240 Build/MRA58K
3095953,New,,,chrome 63.0 for android,,mobile,E5506 Build/29.2.A.0.166
3096205,New,,,chrome 63.0 for android,,mobile,SM-T710 Build/NRD90M
3090128,Found,,Windows 7,chrome 63.0,1920x1080,desktop,Windows
3107314,New,IP_PROXY:TRANSPARENT,Android 6.0.1,chrome 63.0 for android,1280x720,mobile,LG-K450 Build/MXB48T
3096279,New,,,chrome 63.0,,desktop,
3096493,Found,,,chrome 63.0 for android,,mobile,SM-G925I Build/NRD90M
3096500,Found,,,chrome 63.0 for android,,mobile,SM-J700M Build/MMB29K
3107561,Found,,Windows 10,chrome 62.0,1920x1080,desktop,Windows
3096597,Unknown,,,safari generic,,desktop,
3102202,Found,,Windows 10,chrome 63.0,1920x1080,desktop,Windows
3102333,New,,Windows 8.1,ie 11.0 for desktop,1280x1024,desktop,Trident/7.0
3102330,Found,,Windows 7,chrome 63.0,1920x1080,desktop,Windows
3107712,New,,iOS 11.2.1,mobile safari 11.0,1334x750,mobile,iOS Device
3096727,Found,,,chrome 63.0 for android,,mobile,LG-M250 Build/NRD90U
3102374,Found,,Android 7.0,chrome 63.0 for android,2220x1080,mobile,SM-G950U Build/NRD90M
3107869,New,,Android 8.1.0,chrome 63.0 for android,,mobile,Pixel 2 XL Build/OPM1.171019.011
3102452,New,,Windows 10,edge 15.0,1920x1080,desktop,Windows
3096649,New,,,chrome 63.0 for android,,mobile,LG-X210 Build/LMY47I
3096812,New,,,chrome 63.0,,desktop,Windows
3096814,New,,,chrome 62.0 for android,,mobile,Blade V6 Max Build/MRA58K
3102418,New,,Windows 10,chrome 63.0,1920x1080,desktop,Windows
3096786,,,,,,,
3102540,Found,,Windows 10,chrome 63.0,1920x1080,desktop,Windows
3102546,Found,,Windows 10,chrome 63.0,1920x1080,desktop,Windows
3096860,Unknown,,,mobile safari 10.0,,mobile,
3108054,New,,iOS 11.2.1,mobile safari 11.0,2001x1125,mobile,iOS Device
3102590,Found,,iOS 11.1.0,mobile safari 11.0,1334x750,mobile,iOS Device
3108035,Found,,iOS 10.3.2,mobile safari generic,2048x1536,mobile,iOS Device
3108041,Found,,iOS 10.3.2,mobile safari generic,2048x1536,mobile,iOS Device
3096974,Unknown,,,mobile safari 10.0,,mobile,
3096910,Found,,,chrome 63.0,,desktop,Windows
3096994,Found,,,mobile safari generic,,mobile,
3108224,New,,iOS 10.2.0,mobile safari 10.0,1334x750,mobile,iOS Device
3097117,Found,,,mobile safari generic,,mobile,
3097066,Found,,,mobile safari generic,,mobile,
3097112,Unknown,,,mobile safari 11.0,,mobile,
3097321,Found,,,chrome 63.0,,desktop,Windows
3097219,Found,,,firefox 57.0,,desktop,Windows
3097353,Found,,,chrome 63.0 for android,,mobile,SM-G925I Build/NRD90M
3097311,Found,,,chrome 63.0 for android,,mobile,SM-G925I Build/NRD90M
3097376,New,,,chrome 63.0,,desktop,Windows
3097451,Found,,,chrome 63.0 for android,,mobile,SM-G925I Build/NRD90M
3097470,New,,,chrome 63.0 for android,,mobile,5095I Build/MRA58K
3097484,New,,,chrome generic,,mobile,Moto G (4) Build/NPJ25.93-14.5
3097318,Unknown,,,mobile safari 11.0,,mobile,
3102956,New,,Android 5.0,chrome 63.0 for android,1920x1080,mobile,SAMSUNG-SM-G900A Build/LRX21T
3097508,New,,,edge 16.0,,desktop,Windows
3097490,New,,,chrome 63.0,,desktop,
3097594,Found,,,chrome 63.0,,desktop,
3108741,New,,iOS 11.2.1,mobile safari 11.0,1136x640,mobile,iOS Device
3103287,New,,Android 7.0,chrome 63.0 for android,1920x1080,mobile,SM-G930P Build/NRD90M
3097754,Unknown,,,mobile safari 11.0,,mobile,
3097882,New,,,chrome 63.0,,desktop,Windows
3097936,New,,,chrome 63.0,,desktop,
3097985,Found,,,chrome 63.0,,desktop,
3097892,Found,,,chrome 63.0,,desktop,
3098009,Found,,,chrome 63.0 for android,,mobile,M4 SS4456 Build/LMY47V
3109023,New,,iOS 11.2.1,mobile safari 11.0,2208x1242,mobile,iOS Device
3098040,New,,,chrome 59.0 for android,,mobile,HTC Desire 626s Build/LMY47O
3098094,Unknown,,,mobile safari 11.0,,mobile,
3098125,Unknown,,,mobile safari 11.0,,mobile,
3098118,Unknown,,,mobile safari 11.0,,mobile,
3098034,Unknown,,,mobile safari 11.0,,mobile,
3098142,Unknown,,,mobile safari 11.0,,mobile,
3098137,Unknown,,,mobile safari 11.0,,mobile,
3098078,Found,,,chrome 63.0 for android,,mobile,M4 SS4456 Build/LMY47V
3098127,Found,,,chrome 63.0 for android,,mobile,M4 SS4456 Build/LMY47V
3098185,New,,,chrome 62.0 for android,,mobile,Y635-L03 Build/HuaweiY635-L03
3098221,Unknown,,,mobile safari 11.0,,mobile,
3098326,Found,,,chrome 63.0,,desktop,Windows
3098290,Unknown,,,mobile safari 11.0,,mobile,
3114222,Found,,Windows 7,chrome 63.0,1360x768,desktop,Windows
3122967,Found,,,chrome 63.0 for android,,mobile,LG-K410 Build/LRX22G
3123023,Found,,,chrome 63.0 for android,,mobile,LG-K410 Build/LRX22G
3098451,New,,,chrome 55.0 for android,,mobile,LG-D693n Build/LRX22G
3103899,New,,iOS 10.2.0,mobile safari 10.0,2208x1242,mobile,iOS Device
3098370,Found,,,chrome 63.0 for android,,mobile,SM-G925I Build/NRD90M
3103897,New,,iOS 11.1.0,mobile safari 11.0,2208x1242,mobile,iOS Device
3098559,Found,,,chrome 55.0 for android,,mobile,LG-D693n Build/LRX22G
3098589,New,,,edge 16.0,,desktop,Windows
3104098,New,,iOS 11.1.1,mobile safari 11.0,1334x750,mobile,iOS Device
3109491,New,,iOS 10.3.3,mobile safari 10.0,1334x750,mobile,iOS Device
3098657,Found,,,chrome 63.0,,desktop,Windows
3109545,Found,,iOS 10.3.3,mobile safari 10.0,1334x750,mobile,iOS Device
3098678,Unknown,,,mobile safari 10.0,,mobile,
3104106,New,,iOS 10.3.3,mobile safari 10.0,1334x750,mobile,iOS Device
3123156,New,,Windows 10,edge 16.0,,desktop,Windows
3098754,New,,,chrome 63.0,,desktop,Windows
3104220,Found,,Android 8.1.0,chrome 63.0 for android,2562x1442,mobile,Pixel XL Build/OPM1.171019.011
3092793,New,,iOS 11.2.1,mobile safari 11.0,2224x1668,mobile,iOS Device
3104386,New,,Mac,firefox 48.0,1920x1080,desktop,rv:48.0
3104430,Found,,iOS 11.0.3,mobile safari 11.0,1334x750,mobile,iOS Device
3104462,Found,,iOS 11.0.3,mobile safari 11.0,1334x750,mobile,iOS Device
3098923,New,,,chrome 63.0 for android,,mobile,MYA-L13 Build/HUAWEIMYA-L13
3099031,Unknown,,,mobile safari 9.0,,mobile,
3099029,New,,,chrome generic,,mobile,Moto E (4) Build/NMA26.42-69
3123396,New,,Android 7.0,chrome 63.0 for android,2560x1440,mobile,LG-LS997 Build/NRD90M
3104604,Found,,iOS 11.2.1,mobile safari 11.0,2048x1536,mobile,iOS Device
3104539,Found,,iOS 11.2.1,mobile safari 11.0,2048x1536,mobile,iOS Device
3099170,New,,,chrome 63.0 for android,,mobile,M4 SS4453 Build/MMB29M
3109973,Found,,Mac OS X 10_11_6,chrome 63.0,2560x1440,desktop,MacOS
3099205,Unknown,,,mobile safari 11.0,,mobile,
3099189,Unknown,,,mobile safari 11.0,,mobile,
3099222,New,,,firefox 57.0,,desktop,Windows
3123571,New,,iOS 11.2.1,mobile safari 11.0,1136x640,mobile,iOS Device
3110128,Found,,Android 7.0,chrome 61.0 for android,1280x720,mobile,LG-TP260 Build/NRD90U
3104723,New,,iOS 10.3.3,mobile safari 10.0,2208x1242,mobile,iOS Device
3104735,New,,Mac,chrome 63.0,1440x900,desktop,MacOS
3104815,New,,iOS 11.1.2,mobile safari 11.0,1334x750,mobile,iOS Device
3104882,New,,iOS 11.2.1,mobile safari 11.0,1334x750,mobile,iOS Device
3104821,New,,iOS 11.2.1,mobile safari 11.0,2208x1242,mobile,iOS Device
3099452,New,,,chrome 63.0,,desktop,Windows
3099479,Unknown,,,mobile safari 11.0,,mobile,
3099490,New,,,chrome 43.0 for android,,mobile,Android 5.1
3110470,New,,Windows 10,chrome 63.0,1366x768,desktop,Windows
3099629,Found,,,other,,mobile,TA-1039 Build/NMF26F
3105115,New,,iOS 11.1.1,mobile safari 11.0,2208x1242,mobile,iOS Device
3105125,Found,,iOS 11.1.1,mobile safari 11.0,2208x1242,mobile,iOS Device
3099727,New,,Mac,chrome 63.0,1440x900,desktop,MacOS
3119975,New,,Windows 7,chrome 63.0,1366x768,desktop,Windows
3105213,New,,Windows 7,firefox 57.0,1600x900,desktop,Windows
3099794,Unknown,,,mobile safari 11.0,,mobile,
3105218,New,,Android 7.0,samsung browser 6.2,2560x1440,mobile,SAMSUNG
3099858,New,,,chrome 61.0 for android,,mobile,ALE-L23 Build/HuaweiALE-L23
3099868,Unknown,,,mobile safari 10.0,,mobile,
3099857,Unknown,,,mobile safari 10.0,,mobile,
3110770,New,,Windows 10,chrome 63.0,1920x1080,desktop,Windows
3099886,Found,,,chrome 62.0,,desktop,
3105402,Found,,Windows 10,chrome 62.0,1366x768,desktop,Windows
3100035,New,,,chrome 58.0 for android,,mobile,Blade V6 Max Build/MRA58K
3100006,Found,,,chrome 58.0 for android,,mobile,Blade V6 Max Build/MRA58K
3100025,Found,,,chrome 58.0 for android,,mobile,Blade V6 Max Build/MRA58K
3105489,New,,iOS 10.3.3,mobile safari 10.0,1334x750,mobile,iOS Device
3110968,New,,Android 7.0,chrome 62.0 for android,2220x1080,mobile,SM-G950U Build/NRD90M
3105527,Found,,Windows 7,chrome 63.0,1920x1080,desktop,Windows
3111053,Found,,Mac OS X 10_13_2,chrome 63.0,2880x1800,desktop,MacOS
3116058,Found,,,ie 11.0 for desktop,,desktop,rv:11.0
3111298,Found,,Windows 10,ie 11.0 for desktop,,desktop,Trident/7.0
3111262,New,,Android 6.0.1,chrome 62.0 for android,1280x720,mobile,SM-G550T1 Build/MMB29K
3100434,New,,,chrome 54.0 for android,,mobile,CAM-L03 Build/HUAWEICAM-L03
3100406,New,,,chrome 63.0 for android,,mobile,Blade V6 Plus Build/MRA58K
3111394,New,,iOS 11.2.5,mobile safari 11.0,2208x1242,mobile,iOS Device
3100475,New,,,edge 15.0,,desktop,Windows
3105936,New,,Mac OS X 10_12_3,safari generic,1366x768,desktop,MacOS
3106120,New,,iOS 11.2.1,mobile safari 11.0,2208x1242,mobile,iOS Device
3100659,New,,,chrome 63.0,,desktop,
3100651,New,,,chrome 63.0,,desktop,
3106203,New,,iOS 11.2.1,mobile safari 11.0,1334x750,mobile,iOS Device
3106210,Found,,iOS 11.2.1,mobile safari 11.0,1334x750,mobile,iOS Device
3106276,New,,iOS 11.2.1,mobile safari 11.0,1334x750,mobile,iOS Device
3106136,New,,iOS 10.3.3,chrome 63.0 for ios,2048x1536,mobile,iOS Device
3100802,New,,iOS 11.2.1,mobile safari 11.0,1334x750,mobile,iOS Device
3111542,Found,,Windows 7,chrome 63.0,1366x768,desktop,Windows
3106231,Found,,iOS,mobile safari 10.0,1334x750,mobile,iOS Device
3111620,New,,Windows 10,edge 14.0,1920x1080,desktop,Windows
3116388,,,,,,,
3111659,New,IP_PROXY:TRANSPARENT,iOS 11.2.1,mobile safari generic,1136x640,mobile,iOS Device
3106301,Found,,Windows 10,chrome 62.0,1920x1080,desktop,Windows
3111782,New,,Android 7.0,chrome 62.0 for android,1920x1080,mobile,SAMSUNG-SM-G891A Build/NRD90M
3111796,Found,,Android 7.0,chrome 62.0 for android,1920x1080,mobile,SAMSUNG-SM-G891A Build/NRD90M
3111692,Found,,Android 7.0,chrome 62.0 for android,1920x1080,mobile,SAMSUNG-SM-G891A Build/NRD90M
3106418,New,,Mac OS X 10_12_6,safari generic,1920x1080,desktop,MacOS
3100963,Found,,,chrome 63.0 for android,,mobile,SM-A720F Build/NRD90M
3101088,New,,,chrome 63.0,,desktop,
3106555,New,,iOS 9.3.5,mobile safari 9.0,2048x1536,mobile,iOS Device
3106487,Found,,Mac OS X 10_11_6,chrome 63.0,2560x1600,desktop,MacOS
3106558,Found,,iOS 9.3.5,mobile safari 9.0,2048x1536,mobile,iOS Device
3101160,Unknown,,,mobile safari 11.0,,mobile,
3101304,New,,,chrome 50.0 for android,,mobile,SGH-I337M Build/LRX22C
3101151,New,,,chrome generic,,mobile,Moto G (4) Build/NPJ25.93-14.5
3106691,,,,,,,
3106821,New,,iOS 11.2.1,mobile safari 11.0,1136x640,mobile,iOS Device
3101329,Found,,,chrome 63.0,,desktop,Windows
3125210,Found,,,chrome 63.0 for android,,mobile,LG-K410 Build/LRX22G
3125214,Found,,,chrome 63.0 for android,,mobile,LG-K410 Build/LRX22G
3106917,New,,Windows 10,chrome 63.0,,desktop,Windows
3101410,New,,,chrome 63.0,,desktop,
3101518,New,,,chrome 62.0 for android,,mobile,LG-K410 Build/LRX22G
3106997,,,,,,,
3101699,New,,,chrome 63.0,,desktop,Windows
3117007,New,,iOS 11.2.1,mobile safari 11.0,1334x750,mobile,iOS Device
3107289,New,,Android 6.0.1,chrome 59.0 for android,855x480,mobile,Z831
3101765,New,,,chrome 63.0,,desktop,
3107322,Found,,Mac OS X 10_12_6,chrome 61.0,2880x1800,desktop,MacOS
3101940,New,,,chrome 63.0,,desktop,Windows
3101914,Unknown,,,safari generic,,desktop,
3096343,New,,iOS 10.2.0,mobile safari 10.0,1334x750,mobile,iOS Device
3101967,Unknown,,,mobile safari 11.0,,mobile,
3102152,New,,,chrome 62.0,,desktop,Windows
3102121,New,,,chrome 63.0 for android,,mobile,LG-M700 Build/NMF26X
3107578,Found,,Android 7.0,chrome 63.0 for android,,mobile,SM-G955U Build/NRD90M
3102095,New,,,chrome 63.0,,desktop,
3102257,Unknown,,,safari generic,,desktop,
3102266,Found,,,chrome 63.0,,desktop,
3102127,Found,,,chrome 61.0 for android,,mobile,LG-X230 Build/MRA58K
3107780,Found,,Mac OS X 10_11_6,chrome 61.0,2560x1600,desktop,MacOS
3102235,Found,,,chrome 63.0,,desktop,
3102241,Found,,,chrome 63.0,,desktop,
3102309,New,,,chrome 63.0 for android,,mobile,HUAWEI VNS-L53 Build/HUAWEIVNS-L53
3102340,New,,,chrome 63.0,,desktop,
3102413,Unknown,,,mobile safari 11.0,,mobile,
3102447,Found,,,chrome 63.0,,desktop,
3102398,Unknown,,,safari generic,,desktop,
3102411,Unknown,,,mobile safari 11.0,,mobile,
3102601,Unknown,,,mobile safari 11.0,,mobile,
3108025,New,,iOS 11.2.1,mobile safari 11.0,2001x1125,mobile,iOS Device
3102622,Found,,,chrome 63.0,,desktop,Windows
3102656,New,,,chrome 61.0 for android,,mobile,SM-A720F Build/MMB29K
3102733,Unknown,,,mobile safari 11.0,,mobile,
3108074,New,,iOS,mobile safari 9.0,1024x768,mobile,iOS Device
3102758,New,,,chrome 63.0,,desktop,Windows
3102650,New,,,chrome 63.0,,desktop,Windows
3102821,Found,,,chrome 63.0,,desktop,Windows
3102692,New,,,chrome 63.0,,desktop,
3097142,New,,iOS 11.2.0,mobile safari 11.0,2208x1242,mobile,iOS Device
3113337,New,,Windows 10,chrome 63.0,1600x900,desktop,Windows
3102922,New,,,chrome 58.0 for android,,mobile,SM-G930F Build/NRD90M
3102964,Unknown,,,firefox 57.0,,desktop,rv:57.0
3102916,Found,,,chrome 63.0,,desktop,
3102954,Found,,,chrome 63.0,,desktop,Windows
3103023,New,,,chrome 63.0 for android,,mobile,SM-G610M Build/MMB29K
3102949,New,,,chrome 63.0 for android,,mobile,LG-K500 Build/MMB29M
3102931,Found,,,chrome 63.0 for ios,,mobile,
3103074,New,,,chrome 63.0,,desktop,Windows
3102926,New,,,chrome 63.0,,desktop,Windows
3102965,New,,,chrome 63.0 for android,,mobile,LG-H500 Build/LRX21Y
3103002,Found,,,ie 11.0 for desktop,,desktop,Trident/7.0
3103102,New,,,chrome generic,,mobile,Moto E (4) Build/NMA26.42-19
3103128,Found,,,chrome generic,,mobile,Moto G (4) Build/NPJ25.93-14.5
3103273,New,,,chrome 63.0,,desktop,Windows
3108754,New,,iOS 11.2.1,mobile safari 11.0,1334x750,mobile,iOS Device
3103219,New,,,chrome 63.0 for android,,mobile,SM-G800M Build/KOT49H
3108671,New,IP_PROXY:TRANSPARENT,iOS 11.2.1,mobile safari 11.0,1334x750,mobile,iOS Device
3103251,New,,,chrome 61.0 for android,,mobile,SM-G531H Build/LMY48B
3103344,,,,,,,
3108695,New,,Windows 7,chrome 63.0,1280x800,desktop,Windows
3103224,New,,,chrome 63.0 for android,,mobile,SM-J700M Build/MMB29K
3103295,New,,,chrome 63.0 for android,,mobile,Moto C Plus Build/NRD90M.05.034
3103402,New,,,samsung browser 6.2,,mobile,SAMSUNG
3103319,Found,,,chrome 63.0 for android,,mobile,Moto C Plus Build/NRD90M.05.034
3103428,Found,,,chrome 60.0 for android,,mobile,SM-J700M Build/LMY48B
3103454,New,,,chrome 63.0,,desktop,
3103450,Found,,,chrome 63.0 for android,,mobile,Moto C Plus Build/NRD90M.05.034
3103478,Found,,,chrome 60.0 for android,,mobile,SM-J700M Build/LMY48B
3103462,Found,,,chrome 60.0 for android,,mobile,SM-J700M Build/LMY48B
3108904,New,,iOS 11.2.1,mobile safari 11.0,1334x750,mobile,iOS Device
3108859,New,,iOS 11.2.1,mobile safari 11.0,2208x1242,mobile,iOS Device
3108976,Found,,iOS 11.2.1,mobile safari 11.0,2208x1242,mobile,iOS Device
3109006,New,,Android 6.0.1,samsung browser 6.2,2560x1440,mobile,SAMSUNG
3103632,New,,,chrome 59.0 for android,,mobile,SM-J700M Build/MMB29K
3103767,New,,,chrome 63.0,,desktop,
3103741,Found,,,chrome 63.0,,desktop,Windows
3103659,New,,,chrome 63.0,,desktop,Windows
3103750,Unknown,,,mobile safari 11.0,,mobile,
3103792,New,,,chrome 63.0 for android,,mobile,SM-N950F Build/NMF26X
3103802,New,,,chrome 61.0 for android,,mobile,MotoG3 Build/MPIS24.65-33.1-2-16
3103883,New,,,mobile safari generic,,mobile,
3103823,New,,,chrome 63.0 for android,,mobile,E5506 Build/29.2.A.0.166
3103840,Found,,,chrome 63.0,,desktop,Windows
3103854,Found,,,chrome 63.0,,desktop,Windows
3103946,Found,,,firefox 57.0,,desktop,Windows
3118964,New,,Mac OS X 10_13_2,safari generic,2560x1440,desktop,MacOS
3104253,New,,,safari generic,,desktop,
3104302,New,,,chrome 63.0,,desktop,Windows
3104254,Found,,,firefox 57.0,,desktop,Windows
3104316,New,,,chrome generic,,mobile,Moto E (4) Plus Build/NMA26.42-69
3104290,New,,,chrome 63.0,,desktop,
3104458,New,,,mobile safari 9.0,,mobile,
3104541,New,,,chrome 63.0,,desktop,
3104490,Found,,,chrome 63.0,,desktop,Windows
3104568,New,,,chrome 63.0 for android,,mobile,HTC Desire 10 lifestyle Build/MMB29M
3104582,Found,,,chrome 63.0,,desktop,Windows
3104543,Found,,,chrome 63.0,,desktop,Windows
3104634,Found,,,chrome 63.0,,desktop,Windows
3104626,New,,,chrome 63.0 for android,,mobile,SAMSUNG-SGH-I337
3104605,Found,,,chrome 63.0 for android,,mobile,F3113 Build/33.3.A.1.97
3104618,New,,,chrome 63.0,,desktop,
3104667,Found,,,chrome 63.0,,desktop,Windows
3104713,New,,,chrome 63.0 for android,,mobile,SM-G935F Build/NRD90M
3110119,New,,iOS 11.0.3,mobile safari 11.0,2208x1242,mobile,iOS Device
3104805,New,,,chrome 63.0,,desktop,Windows
3110222,Found,,Windows 10,chrome 63.0,1600x900,desktop,Windows
3127535,New,,,chrome 63.0,,desktop,Windows
3104848,,,,,,,
3104907,Unknown,,,mobile safari 11.0,,mobile,
3104925,Found,,,chrome 63.0 for android,,mobile,SM-G930U Build/NRD90M
3104957,Found,,,chrome 61.0 for android,,mobile,LG-D693n Build/LRX22G
3104955,,,,,,,
3104985,Found,,,chrome 63.0,,desktop,Windows
3099575,New,,Windows 10,ie 11.0 for desktop,,desktop,Trident/7.0
3105061,Found,,,chrome 63.0,,desktop,Windows
3105052,Found,,,chrome 63.0,,desktop,Windows
3105001,Found,,,chrome 63.0,,desktop,Windows
3127681,New,,,chrome 63.0,,desktop,Windows
3105015,Found,,,samsung browser 6.2,,mobile,SAMSUNG SM-G928G Build/NRD90M
3105060,Found,,,chrome 62.0 for android,,mobile,Hisense U963 Build/MRA58K
3105036,Found,,,chrome 62.0 for android,,mobile,Hisense U963 Build/MRA58K
3105042,Found,,,chrome 63.0,,desktop,Windows
3105153,New,,,chrome 51.0 for android,,mobile,HTC Desire 10 lifestyle Build/MMB29M
3115414,New,,Android 8.1.0,chrome 63.0 for android,,mobile,Pixel 2 Build/OPM1.171019.011
3105185,Found,,,chrome 63.0,,desktop,
3105184,New,,,mobile safari generic,,mobile,
3105207,Found,,,chrome 62.0,,desktop,
3105239,Found,,,chrome 63.0,,desktop,
3105221,Found,,,chrome 63.0,,desktop,
3105229,Found,,,chrome 63.0,,desktop,
3105307,Found,,,chrome 63.0 for android,,mobile,SM-G925I Build/NRD90M
3105353,New,,Windows 10,chrome 63.0,1280x1024,desktop,Windows
3105538,New,,,chrome 63.0 for android,,mobile,G3223 Build/42.0.A.4.101
3105592,New,,,chrome 59.0 for android,,mobile,SM-J320M Build/LMY47V
3105578,Found,,,chrome 59.0 for android,,mobile,SM-J320M Build/LMY47V
3115823,Found,,Windows 10,chrome 63.0,1920x1080,desktop,Windows
3105658,Found,,,chrome 59.0 for android,,mobile,SM-J320M Build/LMY47V
3105687,New,,,chrome 63.0,,desktop,Windows
3105915,Found,,,chrome 63.0,,desktop,
3105821,Found,,,chrome 63.0,,desktop,
3105876,New,,,chrome 63.0 for android,,mobile,G3223 Build/42.0.A.4.101
3128139,Found,,Windows 10,firefox 57.0,1920x1080,desktop,Windows
3128166,Found,,Windows 10,firefox 57.0,1920x1080,desktop,Windows
3106057,,,,,,,
3106037,New,,,chrome 63.0 for android,,mobile,CAM-L03 Build/HUAWEICAM-L03
3106322,New,,,chrome 63.0,,desktop,Windows
3106486,Unknown,,,mobile safari 11.0,,mobile,
3106489,Found,,,chrome 63.0,,desktop,Windows
3106575,Found,,,chrome 63.0,,desktop,Windows
3128474,Found,,,chrome 63.0 for android,,mobile,Lenovo K33b36 Build/NRD90N
3106608,New,,,chrome 63.0,,desktop,
3106733,New,,,chrome 63.0,,desktop,Windows
3106646,New,,,chrome 63.0 for android,,mobile,MYA-L13 Build/HUAWEIMYA-L13
3106796,New,,,chrome 63.0,,desktop,Windows
3106804,Found,,Mac OS X 10_10_5,chrome 63.0,1440x900,desktop,MacOS
3106888,Found,,,chrome generic,,mobile,Moto G (4) Build/NPJ25.93-14.5
3106838,New,,,chrome 63.0,,desktop,Windows
3106925,New,,,chrome 63.0,,desktop,Windows
3107021,Found,,,chrome 63.0 for android,,mobile,Moto G Play Build/MPIS24.241-15.3-7
3106999,Found,,,chrome 63.0,,desktop,Windows
3107169,Found,,,chrome 63.0 for android,,mobile,Moto G Play Build/MPIS24.241-15.3-7
3107197,Found,,,chrome 63.0,,desktop,Windows
3107119,Found,,,chrome 63.0,,desktop,
3107170,Found,,,chrome 63.0,,desktop,
3107103,Unknown,,,mobile safari 11.0,,mobile,
3107291,Found,,,chrome 63.0,,desktop,Windows
3107190,Found,,,chrome 61.0 for android,,mobile,F3313 Build/37.0.A.2.108
3107164,Found,,,chrome 63.0,,desktop,Windows
3107272,Unknown,,,mobile safari 11.0,,mobile,
3107251,New,IP_PROXY:ANONYMOUS,,chrome 63.0,,desktop,
3107371,New,,,chrome 63.0 for android,,mobile,SM-G532M Build/MMB29T
3107222,Unknown,,,mobile safari 11.0,,mobile,
3107312,Found,,,chrome 63.0,,desktop,Windows
3107340,Found,,,chrome 63.0,,desktop,Windows
3107410,,,,,,,
3112777,Found,,Windows 10,chrome 63.0,1600x900,desktop,Windows
3112632,Found,,Windows 10,chrome 63.0,1600x900,desktop,Windows
3107587,New,,,chrome 63.0,,desktop,
3107494,New,,,chrome 63.0 for android,,mobile,Moto G Play Build/MPIS24.241-15.3-26
3121740,New,,Windows 10,chrome 60.0,1600x900,desktop,Windows
3107676,New,,,chrome 62.0,,desktop,
3121653,Found,,Windows 10,chrome 60.0,1600x900,desktop,Windows
3121765,Found,,Windows 10,chrome 60.0,1600x900,desktop,Windows
3107571,New,,,Samsung/SM-G531H,,mobile,SAMSUNG SM-G531H Build/LMY48B
3107573,Unknown,,,mobile safari 11.0,,mobile,
3121654,Found,,Windows 10,chrome 60.0,1600x900,desktop,Windows
3107836,Found,,,chrome 63.0,,desktop,Windows
3107821,Found,,,chrome 63.0,,desktop,
3121778,Found,,Windows 10,chrome 60.0,1600x900,desktop,Windows
3113095,New,,iOS 9.3.5,mobile safari 9.0,2048x1536,mobile,iOS Device
3107913,Unknown,,,mobile safari 11.0,,mobile,
3108109,New,,,firefox 57.0,,desktop,Windows
3108020,New,,,edge 14.0,,desktop,Windows
3108110,New,,,chrome 63.0 for android,,mobile,Hisense F23 Build/NRD90M
3108201,Found,,,chrome 63.0,,desktop,Windows
3108287,Found,,,edge 15.0,,desktop,Windows
3108386,Unknown,,,mobile safari 11.0,,mobile,
3108327,Unknown,,,mobile safari 11.0,,mobile,
3108347,Unknown,,,mobile safari 11.0,,mobile,
3108469,Unknown,,,mobile safari 11.0,,mobile,
3108481,Unknown,,,mobile safari 11.0,,mobile,
3108478,Unknown,,,mobile safari 11.0,,mobile,
3108473,Unknown,,,mobile safari 11.0,,mobile,
3108426,Unknown,,,mobile safari 11.0,,mobile,
3108502,Found,,,chrome 63.0,,desktop,Windows
3108414,Unknown,,,mobile safari 11.0,,mobile,
3108407,New,,,mobile safari generic,,mobile,
3108504,New,,,chrome 63.0 for android,,mobile,SM-A510M Build/NRD90M
3108485,New,,,mobile safari 11.0,,mobile,
3108559,Unknown,,,mobile safari 11.0,,mobile,
3108730,Found,,,chrome 63.0 for android,,mobile,SM-G720AX
3108725,New,,,chrome 63.0 for android,,mobile,PRA-LX3 Build/HUAWEIPRA-LX3
3108704,Found,,,chrome 63.0,,desktop,
3108850,Unknown,,,mobile safari 11.0,,mobile,
3108807,New,,,chrome 63.0 for android,,mobile,G3313 Build/43.0.A.5.79
3108930,New,,,chrome 49.0 for android,,mobile,SM-G900M Build/MMB29M
3108969,New,,,chrome 62.0 for android,,mobile,MotoG3 Build/MPI24.65-33.1-2
3108889,Found,,,chrome 62.0 for android,,mobile,MotoG3 Build/MPI24.65-33.1-2
3108981,Found,,,chrome 63.0,,desktop,Windows
3108926,Found,,,chrome 62.0 for android,,mobile,MotoG3 Build/MPI24.65-33.1-2
3108919,Found,,,chrome 62.0 for android,,mobile,MotoG3 Build/MPI24.65-33.1-2
3109028,New,,,chrome 61.0 for android,,mobile,HTC Desire 10 lifestyle Build/MMB29M
3108943,Found,,,chrome 62.0 for android,,mobile,MotoG3 Build/MPI24.65-33.1-2
3109000,New,,,chrome 63.0 for android,,mobile,SM-G935F Build/NRD90M
3109049,Found,,,chrome 62.0 for android,,mobile,MotoG3 Build/MPI24.65-33.1-2
3109002,Found,,,chrome 62.0 for android,,mobile,MotoG3 Build/MPI24.65-33.1-2
3108970,Found,,,chrome 62.0,,desktop,Windows
3109064,New,,iOS 11.2.1,mobile safari 11.0,2048x1536,mobile,iOS Device
3109089,Found,,,edge 14.0,,desktop,Windows
3109096,New,,,chrome 63.0,,desktop,
3109252,New,,,chrome generic,,mobile,Moto G (4) Build/NPJ25.93-14.5
3114278,New,,Mac OS X 10_12_6,safari generic,2880x1800,desktop,MacOS
3109495,New,,,chrome 63.0 for android,,mobile,LG-H840 Build/NRD90U
3109580,Found,,,chrome 63.0 for android,,mobile,TRT-L53 Build/HUAWEITRT-L53
3109594,Found,,,chrome 63.0,,desktop,Windows
3109589,New,,,chrome 63.0,,desktop,
3109652,New,,,chrome 63.0,,desktop,Windows
3109720,Found,,,chrome 63.0,,desktop,
3109758,Unknown,,,mobile safari 11.0,,mobile,
3109721,New,,,chrome 63.0,,desktop,
3109735,Found,,,chrome 62.0,,desktop,
3114774,New,,iOS 11.2.1,mobile safari 11.0,2436x1125,mobile,iOS Device
3109775,New,,,chrome 63.0 for android,,mobile,SM-G610M Build/MMB29K
3109804,Found,,,edge 15.0,,desktop,Windows
3109841,Unknown,,,mobile safari generic,,mobile,
3109890,New,,,chrome 63.0,,desktop,Windows
3109921,New,,,chrome 63.0,,desktop,Windows
3109994,Found,,,firefox,,desktop,rv:56.0
3110002,Found,,,firefox,,desktop,rv:56.0
3109990,Found,,,firefox,,desktop,rv:56.0
3109949,Found,,,firefox,,desktop,rv:56.0
3110009,Found,,,chrome generic,,mobile,Moto G (5) Plus Build/NPN25.137-72
3110055,New,,,chrome 63.0,,desktop,Windows
3110102,Found,,,chrome 63.0 for android,,mobile,SM-J700M Build/LMY48B
3110106,Found,,,chrome 63.0 for android,,mobile,SM-T530
3110154,Found,,,chrome 61.0 for android,,mobile,LG-D693n Build/LRX22G
3110093,New,,,chrome 63.0 for android,,mobile,ALE-L23 Build/HuaweiALE-L23
3110139,New,,,chrome 63.0,,desktop,Windows
3130906,Found,,,chrome 63.0,,desktop,Windows
3110200,New,,,chrome 62.0 for android,,mobile,SM-J110M Build/LMY48B
3110238,New,,,chrome 63.0 for android,,mobile,ALE-L23 Build/HuaweiALE-L23
3110237,Unknown,,,mobile safari 11.0,,mobile,
3110267,New,,,chrome 63.0,,desktop,
3110175,New,,,chrome 61.0 for android,,mobile,HTC One M9 Build/NRD90M
3110301,New,,,chrome 63.0,,desktop,
3110242,Unknown,,,chrome 63.0 for android,,mobile,SM-A510M Build/NRD90M
3110254,New,,,chrome 63.0,,desktop,Windows
3104922,,,,,,,
3110318,New,,,chrome 61.0 for android,,mobile,LG-D213
3110285,New,,,chrome 63.0,,desktop,
3110300,Found,,,chrome 63.0,,desktop,
3110363,Unknown,,,safari generic,,desktop,
3110382,Found,,,chrome 59.0,,desktop,
3110399,New,,,chrome 63.0,,desktop,Windows
3110423,New,,,chrome 63.0,,desktop,Windows
3110503,New,,,chrome 63.0 for android,,mobile,XT1635-02
3110513,New,,,chrome 63.0,,desktop,Windows
3110518,New,,,chrome 63.0 for android,,mobile,SM-G610M Build/MMB29K
3110516,,,,,,,
3110512,Found,,,chrome 61.0 for android,,mobile,LG-D213
3110534,Found,,,chrome 63.0 for android,,mobile,SM-G610M Build/MMB29K
3110562,Found,,,chrome 63.0 for android,,mobile,5015A Build/LMY47I
3110524,,,,,,,
3110537,New,,Android 5.1.1,chrome 62.0 for android,960x540,mobile,KYOCERA-C6742A Build/LMY47V
3110550,New,,,chrome 63.0,,desktop,Windows
3110577,,,,,,,
3110591,,,,,,,
3110565,Found,,,chrome 63.0,,desktop,Windows
3110578,Found,,,chrome 63.0,,desktop,Windows
3110592,Found,,,chrome 63.0,,desktop,Windows
3110559,,,,,,,
3110576,Found,,,chrome 63.0,,desktop,Windows
3110572,Found,,,chrome 63.0,,desktop,Windows
3110629,Found,,,chrome 63.0,,desktop,Windows
3110630,Found,,,chrome 63.0,,desktop,Windows
3110674,Unknown,,,mobile safari 11.0,,mobile,
3110688,Found,,,chrome 63.0 for android,,mobile,LG-K410 Build/LRX22G
3110695,Found,,,chrome 63.0 for android,,mobile,SM-G955F Build/NRD90M
3110705,Found,,,chrome 63.0 for android,,mobile,SM-G955F Build/NRD90M
3110708,Found,,,chrome 63.0 for android,,mobile,SM-G955F Build/NRD90M
3110718,New,,,firefox 57.0,,desktop,Windows
3110707,Found,,,chrome 63.0 for android,,mobile,LG-K410 Build/LRX22G
3110740,New,,,ie 11.0 for tablet,,desktop,Trident/7.0
3110763,Found,,,edge 16.0,,desktop,Windows
3110820,Unknown,,,mobile safari 11.0,,mobile,
3131271,New,,Linux,chrome 63.0,,desktop,
3110891,Unknown,,,mobile safari 11.0,,mobile,
3105761,Found,,Windows 7,chrome 63.0,1360x768,desktop,Windows
3111345,New,,,chrome 63.0,,desktop,Windows
3111372,Found,,,chrome 63.0,,desktop,Windows
3111441,New,,,chrome 63.0,,desktop,Windows
3111538,New,,,chrome 63.0,,desktop,Windows
3111618,New,,,firefox 57.0,,desktop,Windows
3111705,Unknown,,,firefox 57.0,,desktop,Windows
3111691,New,,,chrome 63.0,,desktop,Windows
3111843,Found,,,firefox 57.0,,desktop,rv:57.0
3111741,Found,,,chrome 62.0,,desktop,Windows
3111751,Unknown,,,mobile safari 11.0,,mobile,
3112154,New,,,samsung browser 6.2,,mobile,SAMSUNG SM-G610M Build/MMB29K
3112024,Unknown,,,mobile safari 11.0,,mobile,
3112167,Unknown,,,mobile safari 11.0,,mobile,
3112155,Unknown,,,mobile safari 11.0,,mobile,
3112149,Found,,,chrome 63.0,,desktop,Windows
3112247,New,,,chrome 63.0 for android,,mobile,XT1635-02 Build/NPN26.118-22-2
3112202,Found,,,chrome 63.0 for android,,mobile,6039A Build/LRX22G
3112222,New,,,chrome 63.0,,desktop,
3116941,Found,,Android 7.1.1,chrome 63.0 for android,,mobile,SM-N950U Build/NMF26X
3112358,New,,,chrome 62.0 for android,,mobile,LG-K410 Build/LRX22G
3112266,New,,,chrome 63.0 for android,,mobile,SM-G925I Build/NRD90M
3112433,Found,,,chrome 63.0 for android,,mobile,SM-T230 Build/KOT49H
3112443,Found,,,chrome 63.0,,desktop,Windows
3112469,Found,,,chrome 63.0,,desktop,Windows
3112541,New,,,chrome 63.0,,desktop,Windows
3112505,Found,,,chrome 62.0,,desktop,Windows
3112527,Unknown,,,mobile safari 11.0,,mobile,
3112454,Unknown,,,mobile safari 11.0,,mobile,
3112492,Unknown,,,safari generic,,desktop,
3112568,Found,,,chrome 63.0,,desktop,Windows
3112619,Unknown,,,mobile safari 11.0,,mobile,
3112633,Unknown,,,mobile safari 11.0,,mobile,
3112620,New,,,chrome 63.0,,desktop,
3112675,New,,,chrome 63.0 for android,,mobile,SGH-I337M Build/LRX22C
3112722,Found,,,chrome 63.0 for android,,mobile,SM-G925I Build/NRD90M
3112608,New,,,safari generic,,desktop,
3112745,Found,,,chrome 63.0 for android,,mobile,SM-G925I Build/NRD90M
3112634,Found,,,chrome 63.0 for android,,mobile,SM-G925I Build/NRD90M
3112618,Found,,,chrome 63.0 for android,,mobile,SM-G925I Build/NRD90M
3112689,New,,,chrome 63.0 for android,,mobile,Ilium L620 Build/NRD90M
3112686,Found,,,chrome 63.0,,desktop,Windows
3112814,Found,,,chrome 63.0,,desktop,Windows
3112819,New,,,chrome 63.0,,desktop,
3112821,Found,,,chrome 63.0 for android,,mobile,Ilium L620 Build/NRD90M
3112715,,,,,,,
3112870,Found,,,chrome 63.0 for android,,mobile,SM-G925I Build/NRD90M
3112944,New,,,chrome 60.0 for android,,mobile,XT1032 Build/KXB21.14-L1.40
3112947,New,,,chrome 63.0 for android,,mobile,HTC Desire 650 Build/MMB29M
3113037,New,,,chrome 63.0 for android,,mobile,SM-A510M Build/NRD90M
3121891,New,,iOS 11.2.1,mobile safari 11.0,2208x1242,mobile,iOS Device
3113011,New,IP_PROXY:ANONYMOUS,,chrome 63.0,,desktop,Windows
3113129,New,,,chrome generic,,mobile,Moto Z (2
3113207,New,,,chrome 63.0,,desktop,
3113064,Unknown,,,mobile safari 11.0,,mobile,
3113289,Found,,,samsung browser 6.2,,mobile,SAMSUNG SM-J700M Build/MMB29K
3113211,New,,,ie 11.0 for desktop,,desktop,Trident/7.0
3113304,New,,,chrome 63.0 for android,,mobile,SM-G531H Build/LMY48B
3113199,Found,,,samsung browser 6.2,,mobile,SAMSUNG SM-J700M Build/MMB29K
3113262,Unknown,,,firefox,,mobile,rv:57.0
3132793,New,,,chrome 63.0,,desktop,Windows
3113324,Found,,,chrome 63.0 for android,,mobile,SM-N920C Build/NRD90M
3113384,New,,,chrome 63.0 for android,,mobile,BAC-L03 Build/HUAWEIBAC-L03
3113288,Found,,,chrome 58.0 for android,,mobile,XT1040
3113415,Found,,,chrome 63.0 for android,,mobile,SM-N920C Build/NRD90M
3113406,Found,,,chrome 63.0 for android,,mobile,SM-N920C Build/NRD90M
3132891,Found,,,chrome 63.0,,desktop,Windows
3113375,New,,,chrome 63.0,,desktop,Windows
3132877,Found,,,chrome 63.0,,desktop,Windows
3132995,Found,,,chrome 63.0,,desktop,Windows
3113567,Found,,,chrome 61.0 for android,,mobile,F3313 Build/37.0.A.2.108
3113538,Unknown,,,mobile safari 11.0,,mobile,
3113602,New,,,chrome 63.0,,desktop,Windows
3113585,Found,,,chrome 63.0,,desktop,Windows
3113530,Found,,,chrome 63.0 for android,,mobile,F3113 Build/33.2.A.3.81
3113678,New,,,chrome 63.0,,desktop,
3133203,Found,,,chrome 63.0,,desktop,Windows
3113701,New,,,chrome 63.0,,desktop,
3113763,New,,,chrome 63.0,,desktop,Windows
3113882,New,,,chrome 63.0 for android,,mobile,LG-K530 Build/MMB29M
3113853,Found,,,chrome 63.0,,desktop,
3113940,Found,,,chrome 63.0 for android,,mobile,CAM-L03 Build/HUAWEICAM-L03
3114044,Found,,,chrome 63.0,,desktop,
3114035,Unknown,,,mobile safari 11.0,,mobile,
3114056,New,,,chrome 63.0,,desktop,
3114218,Found,,,edge 15.0,,desktop,Windows
3114223,New,,,chrome 63.0,,desktop,Windows
3114226,New,,,chrome 63.0,,desktop,
3114318,New,,,chrome 63.0 for android,,mobile,F3113 Build/33.3.A.1.97
3118906,New,,Mac OS X 10_10_5,safari generic,1280x800,desktop,MacOS
3114396,Found,,,edge 14.0,,desktop,Windows
3114414,Found,,,chrome 63.0,,desktop,Windows
3114477,New,,,opera 49.0,,desktop,
3114484,New,,,chrome 63.0 for android,,mobile,LG-M400 Build/NRD90U
3114536,Found,,,chrome 63.0,,desktop,Windows
3114554,New,,,chrome 63.0 for android,,mobile,SM-J700M Build/MMB29K
3114642,New,,,chrome 55.0 for android,,mobile,LG-D693n Build/LRX22G
3114677,New,,,chrome 63.0,,desktop,Windows
3114744,New,,,chrome 63.0,,desktop,
3114822,New,,,chrome 63.0,,desktop,Windows
3114840,New,,,chrome 63.0,,desktop,Windows
3114875,New,,,chrome 52.0 for android,,mobile,M4 SS4450 Build/MRA58K
3114906,Found,,,chrome 52.0 for android,,mobile,M4 SS4450 Build/MRA58K
3114858,Found,,,chrome 52.0 for android,,mobile,M4 SS4450 Build/MRA58K
3115000,Found,,,chrome 63.0,,desktop,
3115057,New,,,chrome 63.0 for android,,mobile,SM-A720F Build/NRD90M
3114998,Found,,,chrome 63.0 for android,,mobile,SM-J701M Build/NRD90M
3115079,Unknown,,,mobile safari 11.0,,mobile,
3115215,New,IP_PROXY:TRANSPARENT,iOS 11.2.0,mobile safari 11.0,2436x1125,mobile,iOS Device
3115185,Unknown,,,mobile safari 9.0,,mobile,
3115270,Found,,,chrome 63.0,,desktop,Windows
3115326,New,,,chrome 63.0,,desktop,Windows
3115283,New,,,chrome 62.0,,desktop,Windows
3115345,Found,,,chrome 63.0,,desktop,Windows
3115330,Found,,,chrome 63.0,,desktop,Windows
3115350,New,,,chrome generic,,mobile,Moto G (5) Plus Build/NPNS25.137-15-11
3115374,New,,,chrome 63.0,,desktop,Windows
3115368,Found,,,chrome generic,,mobile,Moto G (5) Plus Build/NPNS25.137-15-11
3115477,New,,,chrome 61.0 for android,,mobile,SM-J700M Build/MMB29K
3115512,New,,,chrome 63.0 for ios,,mobile,
3115541,New,,,chrome 63.0,,desktop,
3115533,Found,,,chrome 62.0,,desktop,
3115540,Found,,,chrome 63.0,,desktop,
3115556,Found,,,chrome 63.0,,desktop,
3115790,Found,,,chrome 63.0,,desktop,Windows
3115910,Found,,,firefox 57.0,,desktop,Windows
3115917,New,,,chrome 63.0,,desktop,
3115948,Found,,,firefox 57.0,,desktop,Windows
3120406,New,,Windows 7,chrome 63.0,1280x1024,desktop,Windows
3116074,Found,,,chrome 63.0,,desktop,Windows
3116023,New,,,firefox,,desktop,rv:38.0
3116008,Found,,,chrome 63.0,,desktop,Windows
3116006,Unknown,,,mobile safari 10.0,,mobile,
3116078,New,,,chrome 63.0,,desktop,Windows
3116160,New,,,ie 11.0 for desktop,,desktop,Trident/7.0
3116276,Found,,,chrome 63.0,,desktop,Windows
3116371,Unknown,,,safari generic,,desktop,
3116413,Unknown,,,mobile safari 11.0,,mobile,
3135068,Found,,,chrome 63.0,,desktop,Windows
3120853,Found,,Windows 10,chrome 63.0,1920x1080,desktop,Windows
3116469,New,,,chrome 63.0,,desktop,
3116598,Found,,,chrome 52.0 for android,,mobile,5056A Build/MMB29M
3125057,New,IP_PROXY:TRANSPARENT,iOS 11.2.0,mobile safari 11.0,2208x1242,mobile,iOS Device
3116633,Found,,,chrome 52.0 for android,,mobile,5056A Build/MMB29M
3116752,New,,,chrome 63.0,,desktop,Windows
3116741,New,,,chrome 63.0 for android,,mobile,ALE-L23 Build/HuaweiALE-L23
3116728,New,,,chrome 63.0,,desktop,Windows
3116846,New,,,chrome 63.0 for android,,mobile,ASTRO
3116871,New,,,chrome 63.0,,desktop,Windows
3116872,Found,,,chrome 63.0,,desktop,Windows
3116960,New,,,chrome 63.0,,desktop,Windows
3128905,New,,,chrome 63.0,,desktop,Windows
3117061,New,,,chrome 63.0,,desktop,Windows
3117013,New,,,chrome 63.0,,desktop,Windows
3117036,New,,,firefox 57.0,,desktop,Windows
3117203,Found,,,chrome 63.0 for android,,mobile,SM-G531H Build/LMY48B
3117184,New,,,chrome 63.0,,desktop,
3121617,New,IP_PROXY:TRANSPARENT,iOS 11.2.1,mobile safari 11.0,2436x1125,mobile,iOS Device
3117333,Found,,,chrome 63.0,,desktop,Windows
3117311,New,,,chrome 63.0,,desktop,Windows
3117429,New,,,chrome 63.0,,desktop,Windows
3117607,Unknown,,,mobile safari 11.0,,mobile,
3117585,Found,,,chrome 63.0 for android,,mobile,SM-A510M Build/NRD90M
3125940,Found,,Windows 10,chrome 63.0,1440x900,desktop,Windows
3117807,New,,,chrome generic,,mobile,Android 4.4.2
3117799,New,,,chrome 63.0,,desktop,Windows
3117978,Unknown,,,mobile safari 9.0,,mobile,
3117972,New,,,chrome 49.0,,desktop,
3126309,New,,Windows 7,ie 11.0 for desktop,1920x1080,desktop,Trident/7.0
3118070,New,,,chrome 63.0,,desktop,Windows
3118165,New,,,chrome 63.0,,desktop,Windows
3118198,New,,,chrome 62.0 for android,,mobile,SM-J700M Build/LMY48B
3118218,New,,,chrome 63.0,,desktop,Windows
3118130,New,,,chrome 63.0,,desktop,Windows
3136399,New,,iOS 11.2.1,mobile safari 11.0,1334x750,mobile,iOS Device
3126369,New,,iOS 11.2.1,mobile safari 11.0,1334x750,mobile,iOS Device
3126433,New,,iOS 11.2.1,mobile safari 11.0,1334x750,mobile,iOS Device
3113745,New,,iOS 11.2.1,mobile safari 11.0,2208x1242,mobile,iOS Device
3118261,New,,,firefox 57.0,,desktop,Windows
3118363,New,,,chrome 56.0,,desktop,
3118348,New,,,chrome 62.0 for android,,mobile,XT1021 Build/KXC21.5-40
3118302,Found,,,firefox 57.0,,desktop,Windows
3118298,Found,,,firefox 57.0,,desktop,Windows
3118399,Found,,,chrome 63.0,,desktop,Windows
3118409,Found,,,chrome 63.0,,desktop,Windows
3118328,Found,,,chrome 63.0,,desktop,Windows
3118428,Found,,,firefox 57.0,,desktop,Windows
3118468,Found,,,firefox 57.0,,desktop,Windows
3118342,Found,,,chrome 63.0,,desktop,Windows
3118423,Found,,,firefox 57.0,,desktop,Windows
3118383,Found,,,chrome 63.0,,desktop,
3118456,Found,,,firefox 57.0,,desktop,Windows
3118460,Found,,,firefox 57.0,,desktop,Windows
3118400,Found,,,chrome 63.0,,desktop,Windows
3118458,Found,,,firefox 57.0,,desktop,Windows
3122609,Found,,Windows 10,chrome 63.0,1600x900,desktop,Windows
3118522,New,,,chrome 62.0 for android,,mobile,LG-D693n
3118489,New,,,chrome 63.0,,desktop,
3118553,Found,,,chrome 63.0,,desktop,Windows
3118711,New,,,chrome 63.0,,desktop,
3118721,New,,,chrome 63.0,,desktop,
3118757,New,,,chrome 63.0,,desktop,Windows
3118844,New,,,chrome 63.0,,desktop,
3118868,New,,,chrome 63.0 for android,,mobile,SM-A710M Build/LMY47X
3118958,Found,,,firefox 57.0,,desktop,Windows
3119075,Found,,,chrome 62.0 for android,,mobile,LG-H870 Build/NRD90U
3119135,New,,,chrome 63.0,,desktop,Windows
3119108,,,,,,,
3119058,New,,,chrome 63.0,,desktop,Windows
3119069,Unknown,,,mobile safari 11.0,,mobile,
3119142,New,,,chrome 63.0 for android,,mobile,LG-K220 Build/MXB48T
3119182,New,,,chrome 63.0,,desktop,Windows
3119164,New,,,chrome 63.0,,desktop,
3119224,New,,,chrome 62.0 for android,,mobile,XT1032 Build/LPBS23.13-56-2
3119274,Found,,,chrome generic,,mobile,Moto G (5) Plus Build/NPN25.137-72
3119289,New,,,firefox,,desktop,rv:57.0
3119340,Found,,,chrome 63.0,,desktop,Windows
3119438,Unknown,,,mobile safari 11.0,,mobile,
3119369,New,,,mobile safari generic,,mobile,
3119548,Unknown,,,mobile safari 11.0,,mobile,
3119541,Found,,,chrome 61.0 for android,,mobile,LG-H870 Build/NRD90U
3119578,Unknown,,,mobile safari 11.0,,mobile,
3119611,Unknown,,,mobile safari 11.0,,mobile,
3119563,New,,,chrome 63.0,,desktop,Windows
3119593,New,,,chrome 63.0,,desktop,Windows
3119621,New,,,chrome 63.0,,desktop,Windows
3119652,Found,,,chrome 63.0 for android,,mobile,CAM-L03 Build/HUAWEICAM-L03
3119650,Found,,,chrome 63.0 for android,,mobile,CAM-L03 Build/HUAWEICAM-L03
3119638,New,,,chrome 63.0,,desktop,Windows
3119624,New,,,chrome 63.0 for android,,mobile,PRA-LX3 Build/HUAWEIPRA-LX3
3119710,Unknown,,,mobile safari 11.0,,mobile,
3119707,Unknown,,,mobile safari 11.0,,mobile,
3119639,Found,,,chrome 63.0,,desktop,
3119668,New,,,chrome 53.0 for android,,mobile,LG-K530 Build/NRD90U
3119688,Found,,,chrome 63.0 for android,,mobile,LG-TP450 Build/NRD90U
3119702,Found,,,chrome 63.0,,desktop,Windows
3119705,Found,,,chrome 63.0,,desktop,Windows
3119679,Found,,,chrome 63.0,,desktop,Windows
3119724,Unknown,,,mobile safari 10.0,,mobile,
3119777,Found,,,chrome 63.0,,desktop,Windows
3119739,New,,,chrome 62.0,,desktop,Windows
3119747,New,,,chrome 63.0,,desktop,Windows
3119783,New,,,edge 14.0,,desktop,Windows
3119827,Found,,Windows 10,edge 15.0,1366x768,desktop,Windows
3119839,New,,iOS 11.2.1,mobile safari 11.0,2208x1242,mobile,iOS Device
3119850,Found,,,chrome,,desktop,Windows
3119866,Unknown,,,mobile safari 10.0,,mobile,
3119896,Unknown,,,mobile safari 10.0,,mobile,
3119892,Found,,,chrome 63.0 for android,,mobile,Blade V6 Plus Build/MRA58K
3119886,New,,,chrome 63.0,,desktop,
3119867,Unknown,,,firefox 57.0,,desktop,Windows
3119923,New,,,firefox 57.0,,desktop,Windows
3119972,Found,,,chrome 62.0,,desktop,Windows
3119962,Found,,,chrome 62.0,,desktop,Windows
3120017,Found,,,chrome 63.0,,desktop,Windows
3120012,New,,,chrome generic,,mobile,Moto G (4) Build/NPJ25.93-14.5
3120009,New,,,chrome 63.0 for android,,mobile,SM-N950F Build/NMF26X
3120039,Found,,,chrome 63.0,,desktop,Windows
3120046,Found,,,chrome 63.0,,desktop,Windows
3120048,Found,,,chrome 63.0,,desktop,Windows
3120054,Found,,,chrome 63.0,,desktop,Windows
3120050,Found,,,chrome 63.0,,desktop,Windows
3120105,New,,,chrome 63.0 for android,,mobile,5015A Build/LMY47I
3120107,Found,,,chrome 63.0,,desktop,Windows
3120108,Found,,,chrome 63.0,,desktop,Windows
3120113,Found,,,chrome 63.0,,desktop,Windows
3120120,Found,,,chrome 63.0,,desktop,Windows
3120121,Found,,,chrome 63.0,,desktop,Windows
3124248,New,,iOS 11.2.1,mobile safari generic,2436x1125,mobile,iOS Device
3120270,Found,,Android,chrome 63.0 for android,1024x600,mobile,SM-T110 Build/JDQ39
3120276,New,,,chrome 63.0 for android,,mobile,XT1563 Build/MPDS24.107-52-5
3120359,Unknown,,,mobile safari 11.0,,mobile,
3124512,New,,iOS 11.2.1,mobile safari 11.0,2436x1125,mobile,iOS Device
3120578,New,,,chrome 63.0 for android,,mobile,SM-G531H Build/LMY48B
3124636,Found,,iOS 11.2.1,mobile safari generic,1334x750,mobile,iOS Device
3120715,Found,,,ie 11.0 for desktop,,desktop,Trident/7.0
3120711,New,,,firefox 57.0,,desktop,Windows
3120734,New,,,chrome 63.0,,desktop,Windows
3128409,New,,Windows 10,ie 11.0 for desktop,1366x768,desktop,Trident/7.0
3128457,Found,,Windows 10,ie 11.0 for desktop,1366x768,desktop,Trident/7.0
3120948,New,,,chrome 63.0,,desktop,
3120868,New,,,chrome 63.0,,desktop,
3120909,New,,,chrome 49.0,,desktop,
3120848,New,,,chrome 63.0 for android,,mobile,SM-A310M Build/LMY47X
3120961,New,,,chrome 63.0,,desktop,
3125016,New,IP_PROXY:TRANSPARENT,Android 7.0,chrome 63.0 for android,2220x1080,mobile,SM-G950U Build/NRD90M
3121067,New,,,chrome 63.0,,desktop,
3121054,Found,,,firefox 57.0,,desktop,Windows
3121098,Found,,,firefox 57.0,,desktop,Windows
3121085,New,,,chrome 63.0,,desktop,Windows
3121095,New,,,chrome 63.0,,desktop,Windows
3121072,Found,,,firefox 57.0,,desktop,Windows
3121167,Found,,,chrome 63.0,,desktop,Windows
3121117,Found,,,chrome 63.0,,desktop,Windows
3121199,New,,,chrome 63.0,,desktop,
3125207,New,,Windows 10,chrome 63.0,1920x1080,desktop,Windows
3121260,Found,,,chrome 57.0 for android,,mobile,Moto X Play Build/NPD26.48-24-1
3121302,New,,,chrome 63.0 for android,,mobile,LG-H840 Build/NRD90U
3121371,Found,,,chrome 63.0,,desktop,
3121353,Found,,,chrome 57.0 for android,,mobile,Moto X Play Build/NPD26.48-24-1
3121314,Found,,,chrome 57.0 for android,,mobile,Moto X Play Build/NPD26.48-24-1
3121335,Found,,,chrome 57.0 for android,,mobile,Moto X Play Build/NPD26.48-24-1
3121422,New,,,chrome 63.0,,desktop,Windows
3121448,New,,,chrome 62.0,,desktop,
3125430,New,,Windows 7,chrome 60.0,1440x900,desktop,Windows
3121671,New,,,chrome 63.0,,desktop,
3121580,New,,,safari generic,,desktop,
3121702,New,,,chrome 63.0 for android,,mobile,SM-A300H Build/LRX22G
3125592,New,,iOS 11.2.1,mobile safari 11.0,1334x750,mobile,iOS Device
3121749,Found,,,chrome 63.0,,desktop,
3121803,Found,,,safari generic,,desktop,
3121836,Found,,,safari generic,,desktop,
3121800,New,,,chrome 63.0,,desktop,
3121827,New,,,chrome 63.0,,desktop,Windows
3121936,Found,,,safari generic,,desktop,
3121880,Found,,,chrome 57.0 for android,,mobile,Moto X Play Build/NPD26.48-24-1
3121870,New,,,chrome 63.0,,desktop,Windows
3122002,Found,,,chrome 63.0,,desktop,
3121888,New,,,safari generic,,desktop,
3122020,New,,,mobile safari 11.0,,mobile,
3122013,Unknown,,,mobile safari 11.0,,mobile,
3122014,New,,,chrome 63.0 for android,,mobile,SM-J730GM Build/NRD90M
3139552,Unknown,,,mobile safari 11.0,,mobile,
3125962,Found,,Windows 7,ie 11.0 for desktop,1920x1080,desktop,Trident/7.0
3122131,New,IP_PROXY:HIDDEN,,ie 11.0 for desktop,,desktop,Trident/7.0
3122035,New,,,chrome 63.0,,desktop,Windows
3129566,Found,IP_PROXY:TRANSPARENT,Windows 7,chrome 63.0,1600x900,desktop,Windows
3122103,New,,,chrome 63.0,,desktop,Windows
3122222,Found,,,firefox 57.0,,desktop,Windows
3122179,Found,,,firefox 57.0,,desktop,Windows
3122230,Found,,,chrome 63.0,,desktop,Windows
3122163,Unknown,,,mobile safari 11.0,,mobile,
3122268,Unknown,,,mobile safari 11.0,,mobile,
3122175,Found,,,firefox 57.0,,desktop,Windows
3122270,Unknown,,,mobile safari 11.0,,mobile,
3122169,,,,,,,
3122289,New,,,chrome 63.0,,desktop,
3122440,Unknown,,,mobile safari 9.0,,mobile,
3122484,Unknown,,,firefox 57.0,,desktop,Windows
3122519,Unknown,,,mobile safari 10.0,,mobile,
3122596,New,,,chrome generic,,mobile,es-mx
3122480,Unknown,,,mobile safari 11.0,,mobile,
3122525,Found,,,chrome 63.0,,desktop,Windows
3126477,Found,,,samsung browser 6.2,,mobile,SAMSUNG SM-N910A Build/MMB29M
3122492,New,,,chrome 63.0,,desktop,Windows
3126506,Found,,,samsung browser 6.2,,mobile,SAMSUNG SM-N910A Build/MMB29M
3122505,New,,,chrome 61.0 for android,,mobile,SM-G531H Build/LMY48B
3122627,,,,,,,
3122603,New,,,ie 11.0 for desktop,,desktop,Trident/7.0
3122583,Found,,,chrome 63.0,,desktop,Windows
3122711,New,,,ie 11.0 for desktop,,desktop,Trident/7.0
3122699,New,,,ie 11.0 for desktop,,desktop,Trident/7.0
3130044,New,,iOS 11.2.1,mobile safari 11.0,1136x640,mobile,iOS Device
3122789,New,,,chrome 63.0,,desktop,Windows
3122804,New,,,chrome 63.0,,desktop,Windows
3122730,Found,,,chrome 63.0,,desktop,Windows
3122782,New,,,chrome 63.0,,desktop,Windows
3122814,New,,,chrome 63.0,,desktop,
3122858,Found,,,chrome 63.0,,desktop,
3122880,Found,,,ie 11.0 for desktop,,desktop,Trident/7.0
3122913,New,,,chrome 63.0,,desktop,Windows
3122863,New,,,chrome 63.0,,desktop,Windows
3122954,Found,,,chrome 63.0,,desktop,
3122897,New,,,chrome 63.0,,desktop,Windows
3122940,New,,,chrome,,mobile,4013M Build/KOT49H
3127009,Found,,,chrome 63.0,,desktop,
3123060,Found,,,edge 15.0,,desktop,Windows
3140508,New,,iOS 11.1.0,mobile safari 11.0,2208x1242,mobile,iOS Device
3123154,Unknown,,,mobile safari 11.0,,mobile,
3123149,Found,,,chrome 49.0,,desktop,
3123257,New,,,chrome 63.0,,desktop,Windows
3127275,New,,Android 6.0.1,chrome 59.0 for android,1280x800,mobile,SM-T560NU Build/MMB29M
3123320,Found,,,chrome 63.0,,desktop,Windows
3123321,Found,,,chrome 63.0,,desktop,Windows
3123331,Found,,,chrome 63.0,,desktop,Windows
3123380,New,,,chrome 63.0,,desktop,Windows
3123447,New,,,edge 15.0,,desktop,Windows
3123499,Unknown,,,mobile safari generic,,mobile,
3123506,Found,,,chrome generic,,mobile,es-us
3123503,New,,,samsung browser 5.4,,mobile,SAMSUNG SM-J510MN Build/MMB29M
3123598,New,,,chrome 63.0 for android,,mobile,SM-G610M Build/MMB29K
3123662,New,,,chrome 63.0 for android,,mobile,SM-T813 Build/NRD90M
3123680,New,,,chrome 63.0,,desktop,Windows
3123651,New,,,chrome generic,,mobile,Moto G (5) Build/NPP25.137-38
3123646,Found,,,chrome 63.0,,desktop,Windows
3123713,New,,,chrome 63.0,,desktop,Windows
3123733,New,,,chrome 63.0 for android,,mobile,SM-A520F Build/NRD90M
3123767,Found,,,ie 11.0 for desktop,,desktop,Trident/7.0
3123799,Found,,,chrome 63.0,,desktop,Windows
3123793,Found,,,chrome 63.0,,desktop,Windows
3123836,New,,,chrome 63.0,,desktop,Windows
3123863,Found,,,chrome 63.0 for android,,mobile,Blade V6 Plus Build/MRA58K
3123837,Found,,,chrome 63.0 for android,,mobile,Blade V6 Plus Build/MRA58K
3123855,Found,,,chrome 63.0 for android,,mobile,Blade V6 Plus Build/MRA58K
3123898,Unknown,,,mobile safari 11.0,,mobile,
3123910,Unknown,,,mobile safari 10.0,,mobile,
3127792,New,,iOS 11.2.1,mobile safari 11.0,1334x750,mobile,iOS Device
3123933,Found,,,samsung browser 6.2,,mobile,SAMSUNG SM-J700M Build/MMB29K
3123995,New,,,chrome 63.0 for android,,mobile,SM-G935F Build/NRD90M
3124057,New,,,ie 11.0 for desktop,,desktop,Trident/7.0
3124062,Found,,,ie 11.0 for desktop,,desktop,Trident/7.0
3124103,Unknown,,,mobile safari 11.0,,mobile,
3124401,New,,,samsung browser 6.2,,mobile,SAMSUNG SM-G950F Build/NRD90M
3124468,Unknown,,,mobile safari 11.0,,mobile,
3124502,New,,,mobile safari 11.0,,mobile,
3124520,New,,,chrome generic,,mobile,Moto E (4) Build/NMA26.42-19
3124517,New,,,chrome generic,,mobile,Moto G (4) Build/NPJ25.93-14.5
3128235,New,,iOS 11.1.2,mobile safari 11.0,2208x1242,mobile,iOS Device
3124553,New,,,chrome 62.0 for android,,mobile,Lenovo A2016b30 Build/MRA58K
3124639,New,,,chrome 63.0,,desktop,Windows
3124791,New,,,mobile safari generic,,mobile,
3124704,Found,,,mobile safari generic,,mobile,
3124815,Found,,,mobile safari generic,,mobile,
3124971,New,,,chrome 63.0,,desktop,Windows
3135192,Unknown,,Mac OS X 10_12_6,chrome 63.0,2880x1800,desktop,MacOS
3125013,Unknown,,,mobile safari 11.0,,mobile,
3120994,Found,,Windows 7,ie 11.0 for desktop,,desktop,Trident/7.0
3125081,Found,,,chrome 61.0 for android,,mobile,LG-X230 Build/MRA58K
3125324,New,,,chrome 63.0,,desktop,
3128868,New,,func,chrome 58.0,1280x1024,desktop,
3128825,Found,,Windows 10,chrome 58.0,1280x1024,desktop,Windows
3125415,Unknown,,,mobile safari 10.0,,mobile,
3125683,Found,,,chrome 63.0,,desktop,Windows
3125789,Found,,,samsung browser 6.2,,mobile,SAMSUNG SM-J700M Build/MMB29K
3125864,Found,,,chrome 63.0,,desktop,
3125791,Found,,,chrome 63.0 for android,,mobile,LG-M700 Build/NMF26X
3125923,Found,,,chrome 63.0,,desktop,Windows
3125944,Unknown,,,mobile safari generic,,mobile,
3125889,New,,,chrome 63.0 for android,,mobile,ALE-L23 Build/HuaweiALE-L23
3125939,Unknown,,,mobile safari 11.0,,mobile,
3126037,Found,,,chrome 60.0,,desktop,
3126124,New,,,chrome 62.0 for android,,mobile,SM-G570M Build/MMB29K
3126134,New,,,chrome 63.0 for android,,mobile,F3113 Build/33.2.A.4.70
3126216,New,,,chrome 59.0 for android,,mobile,GT-I9060L Build/JDQ39
3126209,Unknown,,,chrome 63.0,,desktop,Windows
3126275,New,,,chrome 56.0 for android,,mobile,SM-A520F Build/MMB29K
3126395,New,,,chrome 63.0,,desktop,Windows
3126462,New,,,chrome 63.0,,desktop,Windows
3126430,Found,,,chrome 63.0,,desktop,Windows
3126444,New,,,chrome 63.0,,desktop,Windows
3126443,New,,,chrome 56.0 for android,,mobile,SM-J500M Build/LMY48B
3126570,Found,,,chrome 63.0,,desktop,Windows
3126630,Found,,,chrome 63.0,,desktop,Windows
3126750,,,,,,,
3126778,New,,,chrome generic,,mobile,Moto E (4) Build/NMA26.42-69
3126772,Unknown,,,mobile safari 11.0,,mobile,
3126749,New,,,chrome 63.0 for android,,mobile,SM-J700M Build/MMB29K
3126947,New,,,edge 16.0,,desktop,Windows
3126978,New,,,edge 16.0,,desktop,Windows
3127011,Found,,,edge 16.0,,desktop,Windows
3127044,Unknown,,,mobile safari 9.0,,mobile,
3127170,Unknown,,,mobile safari 10.0,,mobile,
3127193,New,,,chrome 62.0 for android,,mobile,LG-X230 Build/MRA58K
3127204,Unknown,,,mobile safari generic,,mobile,
3127277,New,,,chrome 63.0,,desktop,Windows
3127349,New,,,chrome 63.0,,desktop,Windows
3127309,New,,,chrome 63.0 for android,,mobile,SM-G935F Build/NRD90M
3127310,New,,,chrome 63.0 for android,,mobile,SM-A520F Build/NRD90M
3127347,New,,,chrome 63.0,,desktop,Windows
3127385,Found,,,chrome 63.0,,desktop,Windows
3127432,Unknown,,,mobile safari 11.0,,mobile,
3127498,Found,,,ie 11.0 for desktop,,desktop,Trident/7.0
3127567,New,,,chrome generic,,mobile,Moto G (5) Build/NPPS25.137-15-11
3127546,New,,,chrome 63.0 for android,,mobile,SM-G925I Build/NRD90M
3127595,Found,,,chrome generic,,mobile,Moto G (5) Build/NPPS25.137-15-11
3127616,Found,,,chrome 63.0 for android,,mobile,SM-J700H Build/MMB29K
3127593,Unknown,,,mobile safari 11.0,,mobile,
3127649,Found,,,chrome 63.0,,desktop,Windows
3127746,New,,,chrome 61.0 for android,,mobile,SM-A300H Build/LRX22G
3127761,Unknown,,,mobile safari 10.0,,mobile,
3127748,New,,,chrome 63.0 for android,,mobile,ALE-L23 Build/HuaweiALE-L23
3127810,Found,,,chrome 61.0 for android,,mobile,SM-N920A Build/MMB29K
3134487,New,,,samsung browser 6.2,,mobile,SAMSUNG SM-G935T Build/NRD90M
3127840,Unknown,,,mobile safari 11.0,,mobile,
3127874,New,,,chrome 63.0 for android,,mobile,SM-A300H Build/LRX22G
3127879,Found,,,chrome 63.0,,desktop,
3137978,New,,iOS 11.2.1,mobile safari 11.0,2208x1242,mobile,iOS Device
3127936,New,,,other,,mobile,SAMSUNG SM-G530H Build/LRX22G
3127959,Found,,,chrome 63.0 for android,,mobile,E6603
3127994,New,,,samsung browser 6.2,,mobile,SAMSUNG SM-A520F Build/NRD90M
3128123,Found,,,samsung browser 5.4,,mobile,SAMSUNG SM-G532M Build/MMB29T
3128179,New,,,chrome generic,,mobile,Moto E (4) Plus Build/NMA26.42-69
3138351,New,,iOS 9.3.5,mobile safari 9.0,1024x768,mobile,iOS Device
3128356,New,,,chrome 63.0,,desktop,Windows
3128575,Found,,,chrome 63.0,,desktop,
3128610,,,,,,,
3128527,New,,,chrome 63.0,,desktop,
3128731,New,,,chrome 63.0,,desktop,
3128742,Unknown,,,mobile safari 11.0,,mobile,
3128744,New,,,chrome generic,,mobile,Moto G (5) Plus Build/NPN25.137-72
3128682,Found,,,chrome generic,,mobile,Moto G (5) Plus Build/NPN25.137-72
3128797,New,,,chrome 63.0 for android,,mobile,5056A Build/MMB29M
3128775,Found,,,chrome 63.0 for android,,mobile,5056A Build/MMB29M
3128824,Found,,,chrome 63.0 for android,,mobile,5056A Build/MMB29M
3128814,Found,,,chrome 63.0 for android,,mobile,5056A Build/MMB29M
3128923,Unknown,,,mobile safari 11.0,,mobile,
3128919,Unknown,,,mobile safari 11.0,,mobile,
3128935,Unknown,,,mobile safari 11.0,,mobile,
3128958,New,,,mobile safari generic,,mobile,
3129168,New,,,chrome 63.0 for android,,mobile,SM-J730GM Build/NRD90M
3129107,Unknown,,,mobile safari 11.0,,mobile,
3129180,New,,,chrome 58.0 for android,,mobile,LG-H840 Build/NRD90U
3129095,New,,Mac OS X 10.12,firefox 57.0,1440x900,desktop,rv:57.0
3129110,New,,,chrome 51.0 for android,,mobile,ALCATEL ONE TOUCH 7047A Build/JDQ39
3129237,New,,,chrome generic,,desktop,Windows
3129291,,,,,,,
3129319,Found,,,chrome 63.0,,desktop,Windows
3129263,New,,,chrome 63.0,,desktop,Windows
3146481,Found,,,chrome 63.0,,desktop,Windows
3129862,New,,,chrome 63.0 for android,,mobile,LG-K530 Build/MMB29M
3129921,Unknown,,,mobile safari 11.0,,mobile,
3129905,Unknown,,,mobile safari generic,,mobile,
3130008,New,,,chrome 63.0 for android,,mobile,SM-A300H Build/LRX22G
3129969,New,,,chrome 63.0 for android,,mobile,Redmi 4X Build/N2G47H
3129985,Found,,,Samsung/SM-G532M,,mobile,SAMSUNG SM-G532M Build/MMB29T
3129972,Found,,,Samsung/SM-G532M,,mobile,SAMSUNG SM-G532M Build/MMB29T
3133317,New,,iOS 11.2.1,mobile safari 11.0,2436x1125,mobile,iOS Device
3130055,Found,,,Samsung/SM-G532M,,mobile,SAMSUNG SM-G532M Build/MMB29T
3130138,Found,,,chrome 63.0,,desktop,Windows
3130121,New,,,chrome 61.0 for android,,mobile,HTC
3130217,New,,,chrome 63.0 for android,,mobile,SM-A310M Build/LMY47X
3130200,New,,,chrome 63.0,,desktop,
3130253,New,,,chrome 63.0,,desktop,
3130434,New,,,chrome 63.0,,desktop,
3130497,New,,,chrome 59.0 for android,,mobile,SM-T800
3133883,New,,Android 7.1.1,samsung browser 6.2,,mobile,SAMSUNG SM-N950U1 Build/NMF26X
3130457,Found,,,chrome 62.0 for android,,mobile,HUAWEI RIO-L03 Build/HUAWEIRIO-L03
3134016,Found,,Mac OS X 10_13_1,chrome 63.0,1440x900,desktop,MacOS
3130784,New,,,ie 11.0 for desktop,,desktop,Trident/7.0
3130918,New,,,chrome 63.0 for android,,mobile,WAS-LX3 Build/HUAWEIWAS-LX3
3130925,Found,,,chrome 61.0 for android,,mobile,LG-D693n Build/LRX22G
3131006,New,,,chrome 62.0 for android,,mobile,Blade A510 Build/MRA58K
3131009,New,,,chrome 63.0 for android,,mobile,SM-J701M Build/NRD90M
3131001,Found,,,chrome 62.0 for android,,mobile,Blade A510 Build/MRA58K
3134327,Found,,Android 7.0,chrome 63.0 for android,1920x1080,mobile,SAMSUNG-SM-G930A Build/NRD90M
3131142,Found,,,chrome 63.0 for android,,mobile,5015A Build/LMY47I
3131170,New,,,chrome 62.0 for android,,mobile,HUAWEI G7-L03 Build/HuaweiG7-L03
3131175,Found,,,chrome 62.0 for android,,mobile,HUAWEI G7-L03 Build/HuaweiG7-L03
3131173,Found,,,chrome 62.0 for android,,mobile,HUAWEI G7-L03 Build/HuaweiG7-L03
3131503,New,,,chrome 62.0 for android,,mobile,F3213 Build/36.0.A.2.146
3131495,Unknown,,,mobile safari 10.0,,mobile,
3134906,Found,,iOS 11.2.0,mobile safari 11.0,2208x1242,mobile,iOS Device
3131591,New,,,chrome 63.0 for android,,mobile,SM-J700M Build/MMB29K
3131556,Found,,,chrome 63.0 for android,,mobile,SM-G925I Build/NRD90M
3131752,New,,,chrome 61.0,,desktop,Windows
3131816,New,,,ie 11.0 for desktop,,desktop,rv:11.0
3135417,New,IP_PROXY:TRANSPARENT,iOS 11.2.1,mobile safari 11.0,2208x1242,mobile,iOS Device
3132196,New,,,mobile safari 11.0,,mobile,
3132198,Unknown,,,mobile safari 11.0,,mobile,
3132273,New,,,mobile safari 11.0,,mobile,
3132255,Found,,,chrome 63.0 for android,,mobile,HTC One M9 Build/NRD90M
3132465,New,,,chrome 63.0 for android,,mobile,HUAWEI VNS-L53 Build/HUAWEIVNS-L53
3132460,New,,,chrome 63.0 for android,,mobile,Lenovo K33b36 Build/MMB29M
3132566,Unknown,,,mobile safari 11.0,,mobile,
3132610,Unknown,,,mobile safari 11.0,,mobile,
3132497,New,,,chrome 63.0 for android,,mobile,HUAWEI RIO-L03 Build/HUAWEIRIO-L03
3132695,New,,,chrome 63.0,,desktop,
3132736,New,,,chrome 63.0 for android,,mobile,5056A Build/MMB29M
3132664,Found,,,chrome 62.0 for android,,mobile,Ilium X520 Build/NRD90M
3132703,New,,,chrome 63.0 for android,,mobile,F5121
3132765,New,,,chrome 63.0,,desktop,
3132774,Found,,,chrome 63.0,,desktop,
3132973,Unknown,,,mobile safari 11.0,,mobile,
3133012,New,,,chrome 63.0 for android,,mobile,SM-A500M Build/LRX22G
3133076,New,,,chrome 63.0,,desktop,
3133295,New,,,chrome 62.0,,desktop,
3133363,Unknown,,,mobile safari 11.0,,mobile,
3133449,Found,,,mobile safari 10.0,,mobile,
3133494,Unknown,,,safari generic,,desktop,
3133483,Unknown,,,mobile safari 11.0,,mobile,
3133515,Found,,,chrome 62.0 for android,,mobile,Blade A510 Build/MRA58K
3133618,New,,,chrome 63.0,,desktop,Windows
3133831,Unknown,,,mobile safari 11.0,,mobile,
3133808,New,,,android webview 4.0,,mobile,Max
3137220,New,,Windows 7,chrome 63.0,1920x1080,desktop,Windows
3150993,New,,iOS 11.2.1,mobile safari 11.0,1334x750,mobile,iOS Device
3133947,Unknown,,,mobile safari 10.0,,mobile,
3134020,New,,,samsung browser 6.2,,mobile,SAMSUNG SM-A320Y Build/NRD90M
3134083,New,,,chrome 63.0 for android,,mobile,LG-K410 Build/LRX22G
3134169,New,,,chrome 63.0 for android,,mobile,SM-P580 Build/NRD90M
3134122,Found,,,chrome 63.0,,desktop,
3137527,Found,,iOS 11.1.2,mobile safari generic,2208x1242,mobile,iOS Device
3134141,New,,,chrome 63.0,,desktop,Windows
3134212,New,,,other,,mobile,SM-G610M Build/MMB29K
3134233,Found,,,other,,mobile,SM-G610M Build/MMB29K
3134240,Found,,,other,,mobile,SM-G610M Build/MMB29K
3134312,New,,,chrome 63.0 for android,,mobile,Blade A510 Build/MRA58K
3134308,New,,,chrome 63.0,,desktop,Windows
3134313,Found,,,chrome 63.0 for android,,mobile,ALE-L23 Build/HuaweiALE-L23
3134408,Found,,,chrome 63.0,,desktop,Windows
3134451,New,,,chrome 63.0 for android,,mobile,Lenovo PB2-650Y Build/MRA58K
3134507,Unknown,,,mobile safari 11.0,,mobile,
3134807,New,,,samsung browser 6.2,,mobile,SAMSUNG SM-A520F Build/NRD90M
3134823,New,,,chrome 63.0,,desktop,
3135024,New,,,chrome 63.0,,desktop,Windows
3135222,Found,,,chrome 63.0,,desktop,
3152435,New,,,chrome generic,,mobile,LG-D693n Build/LRX22G
3135580,New,,,chrome 63.0,,desktop,Windows
3135651,Found,,,chrome 63.0 for android,,mobile,SM-G570M Build/MMB29K
3135736,New,,,chrome 63.0,,desktop,Windows
3135773,Found,,,chrome 63.0,,desktop,Windows
3135715,Found,,,chrome 49.0,,desktop,
3135790,Found,,,chrome 63.0,,desktop,
3135899,Found,,,chrome 63.0,,desktop,Windows
3135972,New,,,chrome generic,,mobile,Moto G (4) Build/NPJ25.93-14.5
3135973,New,,,chrome,,desktop,
3136043,New,,,chrome 63.0,,desktop,
3136032,New,,,chrome 63.0,,desktop,Windows
3136051,Found,,,chrome 63.0 for android,,mobile,SM-G531H Build/LMY48B
3136172,New,,,chrome 63.0 for android,,mobile,SM-G530H Build/KTU84P
3136225,New,,,chrome 63.0 for android,,mobile,SM-J700M Build/MMB29K
3136342,New,,,chrome 63.0 for android,,mobile,5056A Build/MMB29M
3136317,Found,,,chrome 63.0 for android,,mobile,5056A Build/MMB29M
3136316,New,,,opera,,mobile,Mi A1 Build/OPR1.170623.026
3136288,Found,,,chrome 63.0 for android,,mobile,Hisense F20 Build/MMB29M
3136299,New,,,chrome 63.0,,desktop,Windows
3136351,New,,,chrome 63.0,,desktop,Windows
3136426,New,,,chrome 63.0,,desktop,Windows
3136451,Found,,,chrome 63.0,,desktop,Windows
3136393,Found,,,chrome 63.0,,desktop,Windows
3136443,Found,,,chrome 63.0,,desktop,Windows
3136391,Found,,,chrome 63.0,,desktop,Windows
3136423,Found,,,chrome 63.0,,desktop,Windows
3136386,Found,,,chrome 58.0 for android,,mobile,Moto C Plus Build/NRD90M.05.034
3136410,Found,,,chrome 63.0 for android,,mobile,SM-J500M Build/LMY48B
3136588,Found,,,chrome 63.0 for android,,mobile,MotoG3-TE Build/MPDS24.65-33-1-30
3136669,New,,,chrome 63.0,,desktop,
3136623,New,,,chrome 63.0,,desktop,
3136701,Found,,,chrome 63.0,,desktop,
3136728,New,,,chrome 63.0,,desktop,
3136723,New,,,chrome 63.0 for android,,mobile,HUAWEI CUN-L03 Build/HUAWEICUN-L03
3136769,Unknown,,,mobile,,mobile,
3136823,Found,,,chrome 63.0,,desktop,Windows
3136777,New,,,edge 16.0,,desktop,Windows
3136789,New,,,chrome 63.0 for android,,mobile,SM-P580 Build/NRD90M
3136790,New,,,chrome,,mobile,verykools5004
3136917,Found,,,chrome 63.0,,desktop,Windows
3136962,Found,,,ie 11.0 for desktop,,desktop,Trident/7.0
3136967,Found,,,chrome 63.0 for android,,mobile,SM-J730GM Build/NRD90M
3136983,Found,,,chrome 63.0 for android,,mobile,SM-J730GM Build/NRD90M
3136909,Found,,,firefox 57.0,,desktop,Windows
3137009,Found,,,chrome 63.0,,desktop,Windows
3137056,Found,,,chrome 63.0,,desktop,Windows
3137137,New,,,chrome 63.0,,desktop,Windows
3137129,New,,,chrome 63.0 for android,,mobile,SM-G935F Build/NRD90M
3137214,Found,,,chrome 63.0,,desktop,
3147680,Found,,Windows 7,chrome 63.0,1680x1050,desktop,Windows
3137199,New,,,chrome 63.0 for android,,mobile,BLADE V8 SE Build/NRD90M
3137285,,,,,,,
3137423,Unknown,,,mobile safari 11.0,,mobile,
3137394,New,,,chrome 63.0,,desktop,Windows
3137444,Unknown,,,mobile safari 11.0,,mobile,
3137532,Unknown,,,mobile safari 11.0,,mobile,
3137518,New,,,chrome 63.0,,desktop,Windows
3137566,New,,,chrome 63.0,,desktop,Windows
3137619,New,,,chrome 63.0 for android,,mobile,SM-J730GM Build/NRD90M
3137657,New,,,chrome 62.0 for android,,mobile,ALE-L23 Build/HuaweiALE-L23
3137736,Found,,,chrome 63.0,,desktop,
3137707,Found,,,chrome 63.0,,desktop,
3137706,Found,,,chrome 63.0,,desktop,
3137720,Found,,,chrome 63.0,,desktop,
3137735,Found,,,chrome 63.0,,desktop,
3137753,Found,,,chrome 62.0 for android,,mobile,ALE-L23 Build/HuaweiALE-L23
3137775,Found,,,chrome 62.0 for android,,mobile,ALE-L23 Build/HuaweiALE-L23
3137805,New,,,chrome 63.0 for android,,mobile,SM-T560 Build/KTU84P
3137841,Found,,,chrome 57.0,,desktop,Windows
3137850,New,,,chrome 63.0 for android,,mobile,SM-G900M Build/LRX21T
3137916,New,,,chrome 63.0,,desktop,Windows
3137919,Found,,,chrome 63.0 for android,,mobile,Mi A1 Build/N2G47H
3137934,Found,,,chrome 63.0 for android,,mobile,SM-J700M Build/MMB29K
3138064,New,,,chrome 63.0 for android,,mobile,SM-G930F Build/NRD90M
3138169,New,,,chrome 63.0 for android,,mobile,Moto X Play Build/NPD26.48-24-1
3141658,Unknown,,,mobile safari 11.0,,mobile,
3138342,Found,,,mobile safari 10.0,,mobile,
3138666,New,,,chrome 63.0 for android,,mobile,SM-G610M Build/MMB29K
3138758,Found,,,chrome 63.0,,desktop,Windows
3138731,Found,,,safari generic,,desktop,
3138779,New,,,chrome 63.0,,desktop,Windows
3138879,Found,,,chrome generic,,mobile,LG-D331 Build/LRX22G
3138980,Found,,,chrome 63.0,,desktop,Windows
3142505,New,,iOS 11.2.1,mobile safari 11.0,1334x750,mobile,iOS Device
3139067,Found,,,chrome 63.0 for android,,mobile,SM-A520F Build/NRD90M
3139052,New,IP_PROXY:ANONYMOUS,,chrome 62.0,,desktop,
3139121,New,,,mobile safari 11.0,,mobile,
3139102,Found,,,samsung browser 6.2,,mobile,SAMSUNG SM-G925P Build/MMB29K
3139169,Found,,,samsung browser 6.2,,mobile,SAMSUNG SM-G925P Build/MMB29K
3139358,New,,,chrome 63.0,,desktop,Windows
3139447,Unknown,,,mobile safari generic,,mobile,
3139464,New,,,firefox 57.0,,desktop,Windows
3139556,New,,,chrome 63.0,,desktop,
3139665,New,,,chrome 63.0 for android,,mobile,LG-K410 Build/LRX22G
3139688,Found,,,chrome 63.0,,desktop,
3139722,New,,,firefox 57.0,,desktop,Windows
3139851,New,,,mobile safari 9.0,,mobile,
3139904,New,,,other,,mobile,LG-H542 Build/LRX22G
3139971,New,,,chrome 58.0 for android,,mobile,moto
3140258,Found,,,chrome 63.0 for android,,mobile,SM-G935F Build/MMB29K
3140269,New,,,chrome 63.0,,desktop,
3140262,New,,,mobile safari 10.0,,mobile,
3140296,Found,,,edge 16.0,,desktop,Windows
3140402,New,,,mobile safari 10.0,,mobile,
3140382,Found,,,mobile safari 10.0,,mobile,
3140343,New,,,chrome 63.0,,desktop,Windows
3140403,New,,,chrome 63.0 for android,,mobile,HTC Desire 626s Build/LMY47O
3140398,Found,,,edge 16.0,,desktop,Windows
3140383,Unknown,,,mobile safari 11.0,,mobile,
3140387,Found,,,edge 16.0,,desktop,Windows
3140464,Found,,,chrome 63.0,,desktop,Windows
3140419,Unknown,,,mobile safari 11.0,,mobile,
3140449,Found,,,edge 16.0,,desktop,Windows
3140423,Found,,,edge 16.0,,desktop,Windows
3140445,Found,,,mobile safari 10.0,,mobile,
3140548,Found,,,edge 16.0,,desktop,Windows
3140546,Unknown,,,mobile safari 11.0,,mobile,
3140486,Unknown,,,mobile safari 11.0,,mobile,
3140513,Unknown,,,mobile safari 11.0,,mobile,
3140553,New,,,chrome 63.0,,desktop,
3140549,Unknown,,,mobile safari 11.0,,mobile,
3140589,New,,,other,,mobile,MOT-A6020l37 Build/LMY47V
3140648,New,,,ie 11.0 for desktop,,desktop,Trident/7.0
3140636,Found,,,ie 11.0 for desktop,,desktop,Trident/7.0
3140701,Found,,,mobile safari 10.0,,mobile,
3144339,Found,,Windows 10,firefox,1366x768,desktop,rv:57.0
3140696,Found,,,chrome 63.0 for android,,mobile,XT1563 Build/MPDS24.107-52-5
3140759,New,,,chrome 63.0 for android,,mobile,HTC Desire 10 lifestyle Build/MMB29M
3140877,New,,,chrome 63.0 for android,,mobile,TA-1027 Build/N2G47H
3140898,New,,,chrome 63.0,,desktop,Windows
3141072,New,,,chrome 63.0,,desktop,
3141100,New,,,chrome 62.0 for android,,mobile,SM-G531H Build/LMY48B
3141112,Unknown,,,mobile safari 11.0,,mobile,
3141105,Found,,,chrome 63.0 for android,,mobile,SM-T800 Build/MMB29K
3141166,Unknown,,,mobile safari 11.0,,mobile,
3141193,New,,,chrome 63.0 for android,,mobile,Moto C Build/NRD90M.063
3141201,Found,IP_PROXY:TRANSPARENT,,ie 11.0 for desktop,,desktop,Trident/7.0
3141317,New,,,chrome 63.0 for android,,mobile,F3213 Build/36.1.A.1.86
3141499,Found,,,chrome 63.0 for android,,mobile,SM-G532M Build/MMB29T
3141560,Found,,,chrome 63.0 for android,,mobile,SM-G532M Build/MMB29T
3141605,New,,,chrome 63.0 for android,,mobile,SM-J700M Build/LMY48B
3141648,Unknown,,,mobile safari 10.0,,mobile,
3141681,New,,,safari generic,,desktop,
3141723,New,,,chrome 63.0,,desktop,
3141689,New,,,chrome 60.0 for android,,mobile,SM-G530H Build/LRX22G
3141664,New,IP_PROXY:ANONYMOUS,,ie 11.0 for desktop,,desktop,Trident/7.0
3141713,New,,,chrome 63.0,,desktop,
3141734,Found,,,chrome 63.0 for android,,mobile,TA-1027 Build/N2G47H
3141777,Unknown,,,chrome 63.0,,desktop,
3141814,New,,,chrome 62.0 for android,,mobile,LG-H500 Build/LRX21Y
3141961,Found,,,chrome 63.0,,desktop,
3142007,Found,,,chrome 63.0,,desktop,
3141964,Found,,,chrome 63.0,,desktop,
3142158,New,,,chrome 63.0,,desktop,Windows
3142481,Found,,,chrome 63.0 for android,,mobile,ONE
3142585,New,,,chrome 62.0 for android,,mobile,BLADE A520 Build/NRD90M
3142714,New,,,chrome 63.0 for android,,mobile,M4
3142674,New,,,chrome 63.0 for android,,mobile,ALE-L23 Build/HuaweiALE-L23
3142649,New,,,chrome 63.0,,desktop,
3142786,Found,,,ie 11.0 for desktop,,desktop,Trident/7.0
3142778,New,,,chrome generic,,mobile,Moto G (5) Build/NPP25.137-72
3142735,New,,,chrome 63.0,,desktop,
3142854,Found,,,chrome 63.0 for android,,mobile,Blade L2 Plus Build/KOT49H
3142874,New,,,chrome 63.0 for android,,mobile,LG-X180g Build/LMY47I
3142913,Found,,,chrome 63.0 for android,,mobile,HTC One M9 Build/NRD90M
3142959,Unknown,,,mobile safari 11.0,,mobile,
3143040,Found,,,mobile safari 11.0,,mobile,
3142999,Unknown,,,mobile safari 11.0,,mobile,
3143186,New,,,chrome 63.0,,desktop,
3143116,New,,,chrome 63.0 for android,,mobile,SM-G955F Build/NRD90M
3143270,Found,,,chrome 63.0,,desktop,
3143598,Unknown,,,mobile safari 8.0,,mobile,
3143545,New,,,chrome 63.0,,desktop,Windows
3143506,New,,,chrome 63.0,,desktop,
3143653,New,,,chrome 63.0 for android,,mobile,HUAWEI TAG-L13 Build/HUAWEITAG-L13
3143672,Found,,,chrome 63.0 for android,,mobile,HUAWEI TAG-L13 Build/HUAWEITAG-L13
3143688,Found,,,chrome 63.0 for android,,mobile,HUAWEI TAG-L13 Build/HUAWEITAG-L13
3143754,New,,,chrome 63.0 for android,,mobile,SM-J700M Build/MMB29K
3143791,New,,,mobile safari generic,,mobile,
3143860,New,,,chrome generic,,mobile,Moto G (5) Build/NPP25.137-72
3143972,Found,,,chrome 63.0 for android,,mobile,SM-G930U Build/NRD90M
3143965,New,,,chrome 63.0,,desktop,Windows
3144044,New,,,chrome 63.0,,desktop,Windows
3144099,Found,,,chrome 63.0,,desktop,Windows
3144278,New,,,chrome 63.0,,desktop,Windows
3144324,Found,,,edge 15.0,,desktop,Windows
3144404,New,,,chrome generic,,mobile,Moto G (5) Plus Build/NPN25.137-72
3144444,Found,,,chrome generic,,mobile,Moto G (5) Plus Build/NPN25.137-72
3144469,Found,,,chrome generic,,mobile,Moto G (5) Plus Build/NPN25.137-72
3144508,Found,,,chrome 63.0,,desktop,Windows
3144521,Found,,,chrome generic,,mobile,Moto G (5) Build/NPP25.137-72
3160913,New,,,firefox 57.0,,desktop,rv:57.0
3144584,Found,,,chrome 63.0 for android,,mobile,XT1032 Build/LPBS23.13-56-2
3144575,New,,,chrome 63.0 for android,,mobile,SM-G610M Build/MMB29K
3144580,Found,,,chrome 63.0 for android,,mobile,SM-G610M Build/MMB29K
3144617,Found,,,chrome 63.0 for android,,mobile,SM-G610M Build/MMB29K
3144610,Found,,,chrome 63.0 for android,,mobile,SM-G610M Build/MMB29K
3144637,Found,,,chrome 63.0 for android,,mobile,SM-G610M Build/MMB29K
3144614,New,,,android webview 4.0,,mobile,A9
3144611,New,,,chrome 63.0 for android,,mobile,LG-K500 Build/MMB29M
3144622,New,,,chrome 63.0 for android,,mobile,HTC Desire 650 Build/MMB29M
3144688,Found,,,chrome 63.0 for android,,mobile,SM-G610M Build/MMB29K
3144649,New,,Android 7.0,chrome 63.0 for android,1280x720,mobile,SM-J327V Build/NRD90M
3148072,New,,Mac OS X 10_10_5,chrome 63.0,1440x900,desktop,MacOS
3144724,New,,,mobile safari generic,,mobile,
3144764,New,,,chrome 63.0 for android,,mobile,SM-J510MN Build/MMB29M
3144737,New,,,chrome 63.0 for android,,mobile,iPhone
3144822,Found,,,chrome 63.0,,desktop,Windows
3144815,New,,,chrome 63.0 for android,,mobile,Moto X Play Build/NPD26.48-24-1
3144859,New,,,chrome,,desktop,
3144904,New,,,chrome 63.0 for android,,mobile,MotoG3 Build/MPIS24.65-33.1-2-16
3144910,New,,,chrome 62.0 for android,,mobile,5051A Build/MMB29M
3148250,,,,,,,
3144949,Unknown,,,mobile safari 11.0,,mobile,
3145036,New,,,chrome 63.0 for android,,mobile,LG-M700 Build/NMF26X
3145166,Found,IP_PROXY:ANONYMOUS,,ie 11.0 for desktop,,desktop,Trident/7.0
3145207,New,,iOS 11.2.1,mobile safari 11.0,1334x750,mobile,iOS Device
3145244,New,,,chrome 63.0 for android,,mobile,Blade L2 Plus Build/KOT49H
3145228,Found,,,chrome 63.0 for android,,mobile,Blade L2 Plus Build/KOT49H
3151868,Found,,Windows 10,chrome 63.0,1920x1080,desktop,Windows
3145314,Unknown,,,mobile safari 10.0,,mobile,
3145379,New,,,chrome 55.0 for android,,mobile,SM-N910C Build/MMB29K
3145376,New,,,chrome 46.0 for android,,mobile,SM-G530H Build/LRX22G
3145401,New,,,chrome 61.0 for android,,mobile,5054S Build/LMY47V
3155462,New,,Windows 10,chrome 63.0,1920x1080,desktop,Windows
3145398,New,,,chrome 58.0 for android,,mobile,moto x4 Build/NPW26.83-18-2-0-4
3155524,Found,,Windows 10,chrome 63.0,1920x1080,desktop,Windows
3155538,Found,,Windows 10,chrome 63.0,1920x1080,desktop,Windows
3155508,Found,,Windows 10,chrome 63.0,1920x1080,desktop,Windows
3155463,Found,,Windows 10,chrome 63.0,1920x1080,desktop,Windows
3155516,Found,,Windows 10,chrome 63.0,1920x1080,desktop,Windows
3145506,Unknown,,,mobile safari 10.0,,mobile,
3145576,New,,,mobile safari 11.0,,mobile,
3145771,Unknown,,,mobile safari 11.0,,mobile,
3145773,Found,,,chrome 63.0,,desktop,
3145790,Found,,,chrome 58.0 for android,,mobile,moto x4 Build/NPW26.83-18-2-0-4
3145757,Found,,,chrome 58.0 for android,,mobile,moto x4 Build/NPW26.83-18-2-0-4
3145805,Found,,,chrome 58.0 for android,,mobile,moto x4 Build/NPW26.83-18-2-0-4
3145746,Found,,,chrome 63.0,,desktop,
3145832,Found,,,chrome 63.0,,desktop,
3145855,Found,,,chrome 58.0 for android,,mobile,moto x4 Build/NPW26.83-18-2-0-4
3145800,Found,,,chrome 63.0,,desktop,
3145824,Unknown,,,mobile safari 11.0,,mobile,
3145904,Found,,,chrome 63.0,,desktop,
3145919,Found,,,chrome 55.0 for android,,mobile,SM-J700M Build/MMB29K
3145968,,,,,,,
3149410,New,,iOS 11.2.1,mobile safari 11.0,2208x1242,mobile,iOS Device
3146159,Found,,,chrome 63.0,,desktop,
3162401,Found,,Windows 10,firefox 57.0,1920x1080,desktop,Windows
3162397,Found,,Windows 10,firefox 57.0,1920x1080,desktop,Windows
3146337,New,,,chrome 63.0 for android,,mobile,HUAWEI VNS-L53 Build/HUAWEIVNS-L53
3146328,New,,,chrome 63.0,,desktop,
3146364,New,,,chrome 63.0 for android,,mobile,SM-G610M Build/MMB29K
3146292,Found,,,chrome 63.0 for android,,mobile,SM-G610M Build/MMB29K
3146499,Found,,,chrome 63.0 for android,,mobile,SM-G950F Build/NRD90M
3149771,Found,,Windows 7,ie 11.0 for desktop,1366x768,desktop,Trident/7.0
3146438,New,,,chrome 62.0,,desktop,
3146566,New,,,firefox,,desktop,rv:38.0
3146538,Found,,,chrome 57.0,,desktop,
3153301,New,,iOS 10.2.1,mobile safari 10.0,1136x640,mobile,iOS Device
3146662,New,,,chrome 63.0 for android,,mobile,SM-A720F Build/MMB29K
3146709,Found,,,Samsung/SM-G532M,,mobile,SM-G532M Build/MMB29T
3146790,Found,,,chrome 63.0,,desktop,
3146821,New,,,chrome 63.0,,desktop,Windows
3146768,New,,,chrome 63.0,,desktop,Windows
3146823,Found,,,chrome 63.0,,desktop,Windows
3146943,New,,,chrome 62.0 for android,,mobile,E5606
3147110,New,,,chrome 43.0 for android,,mobile,5054S Build/LMY47V
3147154,New,,,chrome 63.0,,desktop,Windows
3147094,New,,,chrome 63.0,,desktop,Windows
3147103,New,,,ie 11.0 for desktop,,desktop,Trident/7.0
3163219,New,,,chrome 63.0 for android,,mobile,ALE-L23 Build/HuaweiALE-L23
3147164,Found,,,ie 11.0 for desktop,,desktop,Trident/7.0
3147121,Found,,,ie 11.0 for desktop,,desktop,Trident/7.0
3147112,Found,,,ie 11.0 for desktop,,desktop,Trident/7.0
3147260,New,,,chrome 63.0,,desktop,Windows
3147375,Unknown,,,mobile safari 11.0,,mobile,
3147405,New,,,chrome 62.0 for android,,mobile,Blade V6 Build/LRX22G
3147366,New,,,chrome 63.0 for android,,mobile,LG-H650 Build/MRA58K
3147485,Found,,,ie 11.0 for desktop,,desktop,rv:11.0
3147462,Found,,,chrome 63.0,,desktop,
3147402,Unknown,,,mobile safari 11.0,,mobile,
3147546,Found,,,chrome 63.0 for android,,mobile,SM-G935F Build/NRD90M
3147580,New,,,chrome 62.0,,desktop,Windows
3151048,Found,,Android 7.1.1,chrome 63.0 for android,1920x1080,mobile,XT1635-01 Build/NDNS26.118-23-12-3
3147791,New,,,firefox 52.0,,desktop,
3147804,Found,,,edge 14.0,,desktop,Windows
3147900,Unknown,,,chrome 61.0 for android,,mobile,SM-G900M Build/LRX21T
3147860,Found,,,chrome 61.0 for android,,mobile,SM-J500M Build/LMY48B
3147991,New,,,chrome 58.0 for android,,mobile,LG-K200 Build/MXB48T
3147966,Found,,,chrome generic,,mobile,Moto G (4) Build/NPJS25.93-14-10
3148107,New,,,chrome 63.0 for android,,mobile,F3313 Build/37.0.A.2.108
3148115,New,,,chrome 58.0 for android,,mobile,ALCATEL ONE TOUCH 5036A Build/JDQ39
3148138,New,,,chrome 63.0 for android,,mobile,MYA-L13 Build/HUAWEIMYA-L13
3148117,Found,,,chrome 63.0 for android,,mobile,PRA-LX3 Build/HUAWEIPRA-LX3
3148124,New,,,chrome 63.0,,desktop,Windows
3148202,Unknown,,,firefox 57.0,,desktop,Windows
3148233,Found,,,mobile safari 10.0,,mobile,
3148235,New,,,chrome 63.0 for android,,mobile,PRA-LX3 Build/HUAWEIPRA-LX3
3148289,New,,,chrome 63.0,,desktop,
3148300,Found,,,firefox 57.0,,desktop,rv:57.0
3148313,New,,,chrome 63.0 for android,,mobile,HUAWEI TAG-L13 Build/HUAWEITAG-L13
3148487,New,,,chrome generic,,mobile,SAMSUNG
3148646,New,,,chrome 63.0,,desktop,Windows
3148893,New,,,chrome 60.0 for android,,mobile,GT-I9060M Build/KTU84P
3152316,New,,Mac OS X 10_13_1,safari generic,2880x1800,desktop,MacOS
3148947,New,,,chrome 61.0 for android,,mobile,MotoG3 Build/MPI24.65-33.1-2
3152526,New,,Windows 10,edge 15.0,1920x1080,desktop,Windows
3149065,Found,,,chrome 63.0,,desktop,Windows
3165196,New,,,chrome 63.0,,desktop,
3156075,New,,iOS 10.3.3,mobile safari 10.0,2048x1536,mobile,iOS Device
3149370,Found,,,chrome generic,,mobile,LG-D331 Build/LRX22G
3149383,Found,,,chrome 62.0,,desktop,Windows
3149626,Found,,,chrome 46.0 for android,,mobile,M4 SS4456 Build/LMY47V
3149559,Found,,,mobile safari 10.0,,mobile,
3153142,New,,Mac OS X 10_13_1,safari generic,1280x800,desktop,MacOS
3149624,New,,,chrome 56.0 for android,,mobile,LG-M700 Build/NMF26X
3149672,Found,,,chrome 63.0,,desktop,Windows
3149721,New,,,chrome 63.0,,desktop,Windows
3149704,Found,,,firefox 57.0,,desktop,
3149838,Found,,,chrome 63.0,,desktop,Windows
3156681,New,,Mac OS X 10_13_2,chrome 63.0,1920x1080,desktop,MacOS
3149985,New,,,ie 11.0 for desktop,,desktop,Trident/7.0
3150083,Found,,,chrome 63.0,,desktop,Windows
3150348,Found,,,ie 11.0 for desktop,,desktop,Trident/7.0
3150502,,,,,,,
3150537,Unknown,,,mobile safari 10.0,,mobile,
3166403,New,,,chrome 57.0 for android,,mobile,M4 SS4453 Build/MMB29M
3150589,New,,,chrome 63.0,,desktop,Windows
3150729,Unknown,,,mobile safari 11.0,,mobile,
3150814,New,,,chrome 63.0 for android,,mobile,LG-K580 Build/MRA58K
3150828,Found,,,chrome 58.0 for android,,mobile,Redmi Note 4 Build/NRD90M
3150869,New,,,chrome 63.0,,desktop,Windows
3150991,New,,,chrome 63.0,,desktop,Windows
3151177,Found,,,chrome 63.0 for android,,mobile,HUAWEI VNS-L53 Build/HUAWEIVNS-L53
3147914,Found,,Mac OS X 10_12_6,chrome 63.0,2560x1600,desktop,MacOS
3151131,Found,,,chrome 63.0 for android,,mobile,SGP621 Build/23.5.A.1.291
3151417,New,,,Generic/Android 7.0,,mobile,rv:57.0
3151416,New,,,chrome 56.0 for android,,mobile,LG-D693n Build/LRX22G
3151454,Found,,,mobile safari generic,,mobile,
3151584,New,,,chrome 63.0 for android,,mobile,SM-G935F Build/NRD90M
3151652,Unknown,,,mobile safari 11.0,,mobile,
3155152,New,,Windows 10,chrome 63.0,1366x768,desktop,Windows
3152170,New,,,chrome 63.0 for android,,mobile,SM-J700M Build/MMB29K
3152184,Found,,,chrome 63.0 for android,,mobile,SM-J700M Build/MMB29K
3152187,Found,,,chrome 63.0 for android,,mobile,SM-J700M Build/MMB29K
3152137,New,,,chrome 63.0,,desktop,Windows
3152171,Found,,,chrome 63.0 for android,,mobile,SM-J700M Build/MMB29K
3152198,Found,,,chrome 63.0 for android,,mobile,SM-J700M Build/MMB29K
3152231,Found,,,chrome 63.0 for android,,mobile,SM-J700M Build/MMB29K
3152296,Found,,,chrome 63.0 for android,,mobile,Blade L2 Plus Build/KOT49H
3152397,New,,,chrome 63.0,,desktop,Windows
3152607,Found,,,chrome 63.0 for android,,mobile,F3313 Build/37.0.A.2.108
3152918,Found,,,chrome 63.0,,desktop,Windows
3153053,Found,,,chrome 63.0,,desktop,
3153293,New,,,chrome 63.0,,desktop,Windows
3153331,New,,,chrome 63.0,,desktop,Windows
3153233,New,,,chrome 63.0 for android,,mobile,HTC Desire 10 lifestyle Build/MMB29M
3153432,Unknown,,,mobile safari 11.0,,mobile,
3150138,Found,,Windows 10,chrome 63.0,1600x900,desktop,Windows
3153567,Found,,,chrome 63.0 for android,,mobile,SM-G900T1
3153577,Unknown,,,mobile safari 10.0,,mobile,
3153655,Found,,,chrome 63.0,,desktop,Windows
3153663,New,,,chrome 63.0 for android,,mobile,HUAWEI TAG-L13 Build/HUAWEITAG-L13
3153723,New,,,chrome 63.0,,desktop,
3153885,Unknown,,,mobile safari 11.0,,mobile,
3153879,New,,,chrome generic,,mobile,SAMSUNG SM-J320M Build/LMY47V
3153876,New,,,chrome 63.0,,desktop,
3153966,New,,,chrome 63.0 for android,,mobile,SM-J510MN Build/MMB29M
3154182,Found,,,chrome 63.0,,desktop,Windows
3154217,New,,,Samsung/SM-G532M,,mobile,SM-G532M Build/MMB29T
3154200,Found,,,Samsung/SM-G532M,,mobile,SM-G532M Build/MMB29T
3154280,Found,,,Samsung/SM-G532M,,mobile,SM-G532M Build/MMB29T
3154240,Found,,,chrome 63.0,,desktop,
3154306,New,,,chrome,,mobile,SM-G530H Build/LRX22G
3154323,New,,,chrome,,desktop,
3154449,Unknown,,,mobile safari 11.0,,mobile,
3154530,Found,,,chrome 63.0 for android,,mobile,SM-A510M Build/NRD90M
3154547,Found,,,chrome 62.0 for android,,mobile,Moto C Plus Build/NRD90M.05.034
3154589,Unknown,,,chrome 63.0 for ios,,mobile,
3154618,Unknown,,,chrome 63.0 for ios,,mobile,
3154621,Unknown,,,chrome 63.0 for ios,,mobile,
3154582,Unknown,,,chrome 63.0 for ios,,mobile,
3154607,Found,,,chrome 63.0 for android,,mobile,Lenovo TB-7703X Build/S100
3154683,New,,,chrome 63.0 for android,,mobile,RCT6773W22B
3154637,Found,,,chrome 58.0 for android,,mobile,SM-A510M Build/MMB29K
3154702,Unknown,,,firefox 47.0,,desktop,rv:47.0
3154719,New,,,chrome 55.0 for android,,mobile,SM-J700M Build/MMB29K
3154728,New,,,chrome 63.0 for android,,mobile,ALE-L23 Build/HuaweiALE-L23
3154718,New,,,chrome 63.0 for android,,mobile,BAC-L03 Build/HUAWEIBAC-L03
3154778,Unknown,,,mobile safari 10.0,,mobile,
3154750,New,,,chrome 63.0,,desktop,
3154821,Found,,,chrome 63.0 for android,,mobile,SM-G935F Build/NRD90M
3154826,New,,,chrome generic,,mobile,Moto E (4) Plus Build/NMA26.42-69
3154869,Found,,,chrome generic,,desktop,
3154852,Unknown,,,mobile safari 11.0,,mobile,
3164170,Unknown,,,mobile safari 11.0,,mobile,
3155060,Found,,,chrome 63.0 for android,,mobile,F80 PIABELLA Build/MRA58K
3155100,Found,,,chrome 63.0 for android,,mobile,HUAWEI NXT-L09 Build/HUAWEINXT-L09
3155331,Found,,,chrome 62.0 for android,,mobile,SM-G530H Build/LRX22G
3155528,Unknown,,,mobile safari 11.0,,mobile,
3155678,Unknown,,,mobile safari 10.0,,mobile,
3170677,New,,,chrome 63.0 for android,,mobile,ALE-L23 Build/HuaweiALE-L23
3155790,Found,,,chrome 63.0,,desktop,Windows
3155921,New,,,chrome 56.0,,desktop,Windows
3155999,Found,,,chrome 63.0 for android,,mobile,F8331 Build/41.2.A.7.76
3156137,Unknown,,,chrome 63.0 for ios,,mobile,
3156116,Unknown,,,chrome 63.0 for ios,,mobile,
3156171,Unknown,,,chrome 63.0 for ios,,mobile,
3156117,Unknown,,,chrome 63.0 for ios,,mobile,
3156207,Unknown,,,chrome 63.0 for ios,,mobile,
3156347,New,,,chrome 63.0,,desktop,Windows
3156619,Found,,,chrome 63.0,,desktop,Windows
3156729,New,,,chrome 63.0 for android,,mobile,SM-A500M Build/KTU84P
3156716,Unknown,,,mobile safari 10.0,,mobile,
3156855,Found,,,chrome 63.0,,desktop,Windows
3157085,,,,,,,
3157247,Found,,,chrome generic,,mobile,Moto G (5) Build/NPP25.137-72
3157239,Found,,,chrome generic,,mobile,Moto G (5) Build/NPP25.137-72
3157179,Found,,,chrome generic,,mobile,Moto G (5) Build/NPP25.137-72
3157273,Found,,,chrome generic,,mobile,Moto G (5) Build/NPP25.137-72
3157326,Found,,,chrome generic,,mobile,Moto G (5) Build/NPP25.137-72
3157341,Found,,,chrome 63.0 for android,,mobile,SM-G610M Build/MMB29K
3157493,New,,,chrome 63.0,,desktop,Windows
3157474,Unknown,,,mobile safari 11.0,,mobile,
3157541,Found,,,chrome 63.0 for android,,mobile,Moto G Play Build/MPIS24.241-15.3-26
3157648,New,,,chrome 63.0 for android,,mobile,SM-J500M Build/LMY48B
3157631,Found,,,chrome 63.0,,desktop,
3172456,Found,,,chrome 63.0,,desktop,
3157843,New,,,chrome 63.0 for android,,mobile,SM-G531H Build/LMY48B
3157830,New,,,chrome 63.0 for android,,mobile,E5506 Build/29.2.A.0.166
3157918,New,,,chrome 62.0 for android,,mobile,SM-G935F Build/NRD90M
3157976,Unknown,,,mobile safari 11.0,,mobile,
3157994,New,,,chrome 63.0,,desktop,Windows
3166999,New,,iOS 9.3.5,mobile safari 9.0,1024x768,mobile,iOS Device
3158012,New,,,chrome 55.0 for android,,mobile,G3313
3158056,Found,,,firefox 57.0,,desktop,Windows
3158066,Unknown,,,mobile safari 11.0,,mobile,
3158070,Found,,,chrome 58.0,,desktop,
3158550,New,,,chrome 63.0,,desktop,Windows
3158958,Found,,,chrome 63.0,,desktop,
3159063,New,,,chrome 63.0,,desktop,
3159270,New,,,chrome 63.0,,desktop,Windows
3159312,Unknown,,,ie 11.0 for desktop,,desktop,rv:11.0
3159536,Found,,,chrome 63.0 for android,,mobile,F5121 Build/34.3.A.0.252
3159462,Found,,,chrome 63.0 for android,,mobile,F5121 Build/34.3.A.0.252
3159522,Found,,,chrome 63.0 for android,,mobile,F5121 Build/34.3.A.0.252
3162637,,,,,,,
3159592,New,,,chrome 63.0,,desktop,Windows
3159726,New,,,chrome 63.0 for android,,mobile,SM-A720F Build/NRD90M
3159716,Unknown,,,safari generic,,desktop,
3159822,Unknown,,,mobile safari 11.0,,mobile,
3159847,New,,,chrome 63.0,,desktop,Windows
3159858,Unknown,,,mobile safari 10.0,,mobile,
3159916,Found,,,chrome generic,,mobile,Moto G (5) Plus Build/NPN25.137-72
3159975,Found,,,chrome generic,,mobile,Moto G (5) Plus Build/NPN25.137-72
3160191,Found,,,edge 14.0,,desktop,Windows
3160467,New,,,chrome 63.0,,desktop,Windows
3160549,Found,,,chrome 63.0 for android,,mobile,moto x4 Build/NPW26.83-42
3160587,New,,,chrome 63.0 for android,,mobile,XT1063 Build/MPB24.65-34-3
3160707,New,,,chrome generic,,mobile,SAMSUNG
3160711,Unknown,,,mobile safari 11.0,,mobile,
3160771,New,,,chrome 63.0,,desktop,
3160822,Found,,,chrome 63.0,,desktop,Windows
3160792,Found,,,chrome 63.0,,desktop,
3160846,Unknown,,,mobile safari 11.0,,mobile,
3175393,Unknown,,,mobile safari 11.0,,mobile,
3160794,Unknown,,,chrome 63.0 for ios,,mobile,
3160796,Found,,,chrome 63.0,,desktop,Windows
3160914,New,,,chrome 63.0,,desktop,Windows
3160994,Found,,,chrome 63.0,,desktop,Windows
3175510,New,,,chrome 61.0 for android,,mobile,SM-A320Y
3175537,New,,,chrome 63.0,,desktop,
3161088,New,,,chrome 63.0,,desktop,Windows
3161107,New,,,mobile safari generic,,mobile,
3161126,Found,,,mobile safari 10.0,,mobile,
3161161,New,,,chrome 63.0,,desktop,
3161168,New,,,chrome 63.0 for android,,mobile,5012G Build/MRA58K
3175713,New,,,android webview 4.0,,mobile,Grand2c
3161218,New,,,chrome 63.0,,desktop,Windows
3161232,New,,,chrome 62.0 for android,,mobile,LG-D625
3161257,Found,,,chrome 63.0,,desktop,Windows
3161396,New,,,chrome 61.0 for android,,mobile,LG-H542 Build/LRX22G
3161471,Found,,,chrome 63.0,,desktop,Windows
3161746,Found,,,other,,mobile,MOT-A6020l37 Build/LMY47V
3161831,Found,,,other,,mobile,MOT-A6020l37 Build/LMY47V
3161844,Found,,,other,,mobile,MOT-A6020l37 Build/LMY47V
3161893,Found,,,other,,mobile,MOT-A6020l37 Build/LMY47V
3161828,Found,,,other,,mobile,MOT-A6020l37 Build/LMY47V
3162708,New,,,chrome 63.0,,desktop,Windows
3162666,New,,,chrome 63.0 for android,,mobile,LG-K200 Build/MXB48T
3162729,Found,,,chrome 63.0 for android,,mobile,LG-K200 Build/MXB48T
3162856,Found,,,chrome 63.0 for android,,mobile,LG-K200 Build/MXB48T
3162810,Found,,,chrome 63.0 for android,,mobile,LG-K200 Build/MXB48T
3162850,New,,,chrome generic,,mobile,Moto E (4) Plus Build/NMA26.42-69
3162902,New,,,chrome 63.0 for android,,mobile,Moto Z2 Play Build/NPSS26.118-19-14
3163015,Found,,,chrome 63.0,,desktop,
3163151,Found,,,chrome 63.0,,desktop,Windows
3163301,New,,,chrome 57.0,,desktop,
3163368,Found,,,chrome 57.0,,desktop,
3163380,Found,,,chrome 57.0,,desktop,
3163321,Found,,,chrome 57.0,,desktop,
3163296,Found,,,chrome 57.0,,desktop,
3163483,Found,,,chrome generic,,mobile,Moto G (5) Plus Build/NPN25.137-72
3163517,Found,,,chrome generic,,mobile,Moto G (5) Plus Build/NPN25.137-72
3166984,New,,Windows 10,chrome 63.0,1920x1080,desktop,Windows
3167102,Found,,iOS 11.2.1,mobile safari 11.0,1334x750,mobile,iOS Device
3170180,New,,iOS 10.3.3,mobile safari 10.0,2048x1536,mobile,iOS Device
3171000,New,,iOS 10.3.1,mobile safari 10.0,2048x1536,mobile,iOS Device
3165597,New,,,chrome 63.0,,desktop,Windows
3165729,Found,,,chrome 63.0,,desktop,
3165808,Found,,,chrome 63.0,,desktop,Windows
3165768,New,,,chrome 63.0,,desktop,Windows
3165801,Found,,,chrome 63.0,,desktop,Windows
3165917,New,,,chrome 63.0,,desktop,
3165934,Found,,,chrome 63.0,,desktop,Windows
3165977,New,,,chrome 63.0,,desktop,Windows
3165969,Found,,,chrome 63.0,,desktop,Windows
3166095,New,,,chrome 63.0,,desktop,
3166069,Found,,,chrome 63.0,,desktop,Windows
3166183,Found,,,firefox 57.0,,desktop,Windows
3174800,Found,,,chrome 63.0,,desktop,Windows
3166254,New,,,edge 13.0,,desktop,Windows
3166345,Found,,,ie 11.0 for tablet,,desktop,Trident/7.0
3166341,Unknown,,,mobile safari 11.0,,mobile,
3166344,Unknown,,,mobile safari 11.0,,mobile,
3166371,Unknown,,,mobile safari 11.0,,mobile,
3166430,New,,,chrome 63.0,,desktop,Windows
3166490,Found,,,chrome 63.0,,desktop,Windows
3166495,New,,,chrome 63.0,,desktop,
3166627,New,,,chrome 62.0 for android,,mobile,M4 SS4457 Build/MRA58K
3166673,New,,,firefox 57.0,,desktop,
3166631,New,,,chrome 63.0,,desktop,
3166833,New,,,chrome 63.0,,desktop,Windows
3166849,Unknown,,,safari generic,,desktop,
3166795,New,,,chrome 63.0,,desktop,Windows
3166840,New,,,chrome 61.0 for android,,mobile,SM-J320M Build/LMY47V
3166859,New,,,chrome 63.0 for android,,mobile,SM-G570M Build/MMB29K
3166940,New,,,chrome 63.0,,desktop,Windows
3167018,Unknown,,,safari generic,,desktop,
3166985,New,,,chrome 55.0 for android,,mobile,SM-J700M Build/MMB29K
3166997,New,,,chrome 63.0 for android,,mobile,SM-J710MN Build/MMB29K
3167028,Found,,,chrome 63.0,,desktop,
3167074,New,,,chrome 63.0 for android,,mobile,XT1635-02
3167103,New,,,chrome 63.0 for android,,mobile,EGO
3167097,Found,,,chrome generic,,mobile,Moto G (5) Plus Build/NPNS25.137-15-11
3167104,New,,,firefox 57.0,,desktop,
3167153,Found,,,samsung browser 6.2,,mobile,SAMSUNG SM-G920I Build/NRD90M
3167140,New,,,chrome 62.0,,desktop,Windows
3167162,Found,,,chrome generic,,desktop,
3167168,Found,,,chrome generic,,desktop,
3167166,Found,,,chrome generic,,desktop,
3167174,Found,,,chrome 63.0,,desktop,Windows
3167180,Found,,,chrome 63.0,,desktop,Windows
3170213,Found,,Windows 7,chrome 63.0,1280x720,desktop,Windows
3167608,New,,,chrome 63.0,,desktop,Windows
3167624,New,,,ie 11.0 for desktop,,desktop,Trident/7.0
3167673,New,,,chrome 63.0,,desktop,
3167716,Found,,,chrome 63.0,,desktop,
3167829,New,,,chrome 63.0,,desktop,Windows
3182431,Found,,,chrome 63.0,,desktop,Windows
3167892,New,,,chrome 63.0,,desktop,Windows
3168019,New,,,chrome 63.0,,desktop,Windows
3168130,New,,,chrome 55.0 for android,,mobile,LG-H500 Build/LRX21Y
3168426,New,,,chrome 63.0 for android,,mobile,SM-G930T Build/NRD90M
3168374,New,,,chrome 63.0 for android,,mobile,LG-X210 Build/LMY47I
3168529,Found,,,chrome generic,,mobile,Moto E (4) Plus Build/NMA26.42-69
3168510,,,,,,,
3168728,Found,,,chrome 63.0,,desktop,Windows
3168973,New,,,chrome 63.0,,desktop,
3168931,New,,,chrome generic,,mobile,Moto E (4) Plus Build/NMA26.42-69
3169004,New,,,chrome 63.0 for android,,mobile,Robin
3169033,New,,,chrome 63.0 for android,,mobile,SM-J700M Build/MMB29K
3169159,Found,,,chrome 63.0,,desktop,Windows
3169089,Found,,,chrome 63.0,,desktop,Windows
3169102,Found,,,chrome 63.0,,desktop,Windows
3169155,Found,,,chrome 63.0,,desktop,Windows
3169182,New,,,chrome 63.0,,desktop,Windows
3169330,Found,,,chrome 63.0,,desktop,
3169391,New,,,chrome 63.0 for android,,mobile,verykools5035
3169389,Found,,,chrome 63.0 for android,,mobile,HTC One_M8 Build/MRA58K
3169359,Unknown,,,mobile safari 11.0,,mobile,
3169434,New,,,chrome 63.0,,desktop,Windows
3169495,New,,,chrome 63.0,,desktop,
3169541,New,,,chrome 63.0,,desktop,Windows
3169591,New,,,chrome 63.0 for android,,mobile,MotoG3 Build/MPIS24.65-33.1-2-16
3169583,Found,,,chrome 63.0,,desktop,Windows
3169544,Found,,,chrome 63.0,,desktop,Windows
3169664,Unknown,,,mobile safari 11.0,,mobile,
3169801,New,,,chrome 56.0 for android,,mobile,LG-X165g Build/LRX21M
3169835,Unknown,,,mobile safari 11.0,,mobile,
3169829,New,,,chrome 63.0 for android,,mobile,Moto C Build/NRD90M.063
3169902,New,,,chrome 63.0,,desktop,Windows
3169945,Found,,,chrome 63.0 for android,,mobile,CHC-U03 Build/HuaweiCHC-U03
3169954,Unknown,,,mobile safari 11.0,,mobile,
3169971,New,,,chrome 63.0 for android,,mobile,SM-G570M Build/MMB29K
3169988,New,,,other,,mobile,M4 SS4452 Build/LMY47V
3170016,Found,,,chrome 63.0,,desktop,Windows
3170018,Found,,,chrome 63.0,,desktop,Windows
3170020,Found,,,chrome 63.0,,desktop,Windows
3170171,New,,,chrome generic,,mobile,Moto G (5) Plus Build/NPN25.137-72
3170129,Found,,,chrome generic,,mobile,Moto G (5) Plus Build/NPN25.137-72
3170150,Found,,,samsung browser 6.2,,mobile,SAMSUNG SM-G935F Build/NRD90M
3170189,Found,,,samsung browser 6.2,,mobile,SAMSUNG SM-G935F Build/NRD90M
3170318,New,,,chrome generic,,mobile,Moto G (4) Build/NPJ25.93-14
3171134,,,,,,,
3171101,,,,,,,
3171127,,,,,,,
3171281,New,,,chrome 63.0 for android,,mobile,SM-T710 Build/NRD90M
3171538,New,,,chrome 63.0 for android,,mobile,F5121 Build/34.3.A.0.252
3171636,New,,,chrome 63.0,,desktop,Windows
3171662,Found,,,Generic/Android 7.0,,mobile,rv:57.0
3171701,Found,,,chrome 63.0,,desktop,Windows
3186339,New,,,chrome 61.0 for android,,mobile,SM-J500M Build/MMB29M
3171839,Unknown,,,mobile safari 11.0,,mobile,
3171990,New,,,chrome 63.0,,desktop,Windows
3172186,New,,,chrome 63.0,,desktop,
3172533,Found,,,chrome 63.0 for android,,mobile,LG-H650 Build/MRA58K
3172707,New,,,chrome 63.0 for android,,mobile,E6603 Build/32.4.A.1.54
3172710,New,,,firefox 57.0,,desktop,Windows
3172756,New,,,chrome 63.0 for android,,mobile,SM-G900M Build/LRX21T
3172830,New,,,chrome 55.0 for android,,mobile,Lenovo K33b36 Build/MMB29M
3172852,New,,,chrome 57.0 for android,,mobile,ALE-L23 Build/HuaweiALE-L23
3172895,New,,,chrome 63.0,,desktop,
3173123,New,,,chrome 57.0 for android,,mobile,SM-A710M Build/LMY47X
3173238,New,,,chrome 63.0 for ios,,mobile,
3173546,Found,,,chrome 63.0,,desktop,Windows
3173627,Unknown,,,mobile safari generic,,mobile,
3173709,New,,,chrome 62.0,,desktop,
3173771,Found,,,chrome 55.0 for android,,mobile,LG-H500 Build/LRX21Y
3173775,Found,,,chrome 55.0 for android,,mobile,LG-H500 Build/LRX21Y
3173713,Found,,,chrome 55.0 for android,,mobile,LG-H500 Build/LRX21Y
3173846,Found,,,chrome 55.0 for android,,mobile,LG-H500 Build/LRX21Y
3173922,New,,,chrome 63.0,,desktop,
3174017,New,,,chrome 63.0,,desktop,Windows
3174214,New,,,chrome 63.0,,desktop,Windows
3174243,Found,,,chrome 63.0 for android,,mobile,TA-1038 Build/NMF26O
3174596,Found,,,Samsung/SM-G532M,,mobile,SM-G532M Build/MMB29T
3174687,Found,,,chrome 63.0,,desktop,Windows
3174729,New,,,chrome 63.0 for android,,mobile,SM-G950F Build/NRD90M
3174840,Found,,,chrome 63.0,,desktop,Windows
3174984,New,,,chrome 63.0,,desktop,Windows
3175013,Found,,,chrome 63.0 for android,,mobile,SM-G570M Build/MMB29K
3175193,New,,,chrome 63.0 for android,,mobile,XT1003
3175262,Found,,,chrome 63.0 for android,,mobile,M4 SS4456 Build/LMY47V
3181172,,,,,,,
3175353,New,,,samsung browser 5.4,,mobile,SAMSUNG SM-G610M Build/NRD90M
3175444,Found,,,chrome 63.0 for android,,mobile,5085B Build/MRA58K
3175442,Found,,,chrome 63.0,,desktop,Windows
3175624,Unknown,,,mobile safari 11.0,,mobile,
3175675,Found,,,chrome 63.0 for android,,mobile,5085B Build/MRA58K
3175647,Found,,,chrome 63.0 for android,,mobile,5085B Build/MRA58K
3175692,Found,,,chrome 63.0 for android,,mobile,5085B Build/MRA58K
3175685,Found,,,chrome 63.0 for android,,mobile,5085B Build/MRA58K
3175695,New,,,chrome 63.0,,desktop,Windows
3175699,Found,,,chrome 63.0 for android,,mobile,5085B Build/MRA58K
3175741,New,,,chrome 63.0,,desktop,Windows
3175737,New,,,chrome 63.0,,desktop,Windows
3175755,Found,,,chrome 63.0,,desktop,Windows
3175783,New,,,chrome 63.0 for android,,mobile,LG-D693n Build/LRX22G
3175788,Unknown,,,safari generic,,desktop,
3175795,New,,,,,mobile,
3175820,New,,,chrome 63.0 for android,,mobile,SM-G610M Build/MMB29K
3184683,Found,,Android,chrome 63.0,1280x720,mobile,
3184681,Found,,Android,chrome 63.0,1280x720,mobile,
3175930,New,,,chrome 63.0 for android,,mobile,HUAWEI VNS-L23 Build/HUAWEIVNS-L23
3184779,Found,,Android,chrome 63.0,1280x720,mobile,
3184770,Found,,Android,chrome 63.0,1280x720,mobile,
3176285,Found,,,chrome 63.0 for android,,mobile,Moto C Build/NRD90M.063
3176617,New,,,chrome 63.0 for android,,mobile,HUAWEI GRA-L09 Build/HUAWEIGRA-L09
3176824,Found,IP_PROXY:ANONYMOUS,,chrome 63.0,,desktop,Windows
3176845,New,,,chrome,,mobile,verykools5004
3176883,New,,,chrome 63.0,,desktop,
3176952,Found,,,chrome 63.0,,desktop,
3176988,New,,,chrome 63.0,,desktop,
3177061,Found,,,ie 11.0 for desktop,,desktop,rv:11.0
3177216,Unknown,,,chrome 63.0,,desktop,Windows
3191891,New,,,chrome 63.0,,desktop,Windows
3174371,New,,iOS 10.0.2,mobile safari 10.0,1136x640,mobile,iOS Device
3177457,New,,,chrome 63.0,,desktop,Windows
3177428,New,,,chrome 63.0 for android,,mobile,SM-J510MN Build/MMB29M
3177744,New,,,chrome 63.0 for android,,mobile,SM-N950F Build/NMF26X
3177778,Unknown,,,mobile safari 10.0,,mobile,
3177850,New,,,chrome 63.0,,desktop,Windows
3178019,New,,,chrome 63.0,,desktop,Windows
3178001,Found,,,chrome 63.0,,desktop,Windows
3178114,Found,,,chrome 63.0,,desktop,Windows
3178098,New,,,chrome generic,,desktop,
3178187,New,,,chrome 59.0 for android,,mobile,HUAWEI VNS-L53 Build/HUAWEIVNS-L53
3181149,Found,,Windows 10,firefox 57.0,1920x1080,desktop,Windows
3178260,New,,,chrome 63.0 for android,,mobile,BLADE A602 Build/MRA58K
3178345,Unknown,,,chrome generic,,mobile,Moto G (5) Build/NPP25.137-72
3184177,Found,,Mac OS X 10.12,firefox 57.0,2560x1600,desktop,rv:57.0
3184202,Found,,Mac OS X 10.12,firefox 57.0,2560x1600,desktop,rv:57.0
3184159,Found,,Mac OS X 10.12,firefox 57.0,2560x1600,desktop,rv:57.0
3178408,Found,,,chrome 63.0,,desktop,
3178393,,,,,,,
3178445,,,,,,,
3178438,,,,,,,
3178468,,,,,,,
3178462,Found,,,chrome 63.0 for android,,mobile,LG-K530 Build/MMB29M
3178499,Found,,,chrome generic,,mobile,Moto G (4) Build/NPJS25.93-14-10
3178510,New,,,chrome 55.0 for android,,mobile,PLAYTAB
3178554,New,,,chrome 63.0,,desktop,Windows
3178569,Found,,,chrome 63.0,,desktop,Windows
3178612,Found,,,chrome 63.0 for android,,mobile,Tab2A7-10F
3178639,Found,,,chrome 63.0,,desktop,Windows
3178638,Found,,,chrome 63.0,,desktop,Windows
3178666,Found,,,firefox 57.0,,desktop,Windows
3178678,New,,,chrome 63.0 for android,,mobile,VKY-L09 Build/HUAWEIVKY-L09
3178691,New,,,chrome 63.0 for android,,mobile,SM-G570M Build/MMB29K
3178675,New,,,chrome generic,,mobile,Moto G (5) Build/NPP25.137-72
3178716,Unknown,,,mobile safari 11.0,,mobile,
3178720,New,,,chrome 63.0 for android,,mobile,SM-A500M Build/KTU84P
3178757,New,,,chrome 63.0 for android,,mobile,LG-K220 Build/MXB48T
3178826,Unknown,,,mobile safari 10.0,,mobile,
3178997,Found,,,mobile safari 10.0,,mobile,
3179278,Found,,,chrome 63.0,,desktop,Windows
3193850,Found,,,safari generic,,desktop,
3179528,Found,,,mobile safari 11.0,,mobile,
3194063,Found,,,chrome 63.0 for android,,mobile,HUAWEI VNS-L23 Build/HUAWEIVNS-L23
3179805,New,,,mobile safari generic,,mobile,
3179879,New,,,chrome 63.0 for android,,mobile,SM-N950F Build/NMF26X
3180128,New,,,safari generic,,desktop,
3180242,Found,,,chrome 63.0,,desktop,Windows
3180292,New,,,chrome 63.0 for android,,mobile,SM-G925I Build/NRD90M
3180357,New,,,chrome 49.0,,desktop,
3180358,New,,,chrome 63.0,,desktop,Windows
3180494,,,,,,,
3186578,New,,iOS 11.2.1,mobile safari 11.0,1334x750,mobile,iOS Device
3180834,Unknown,,,mobile safari 11.0,,mobile,
3180919,New,,,chrome 63.0,,desktop,Windows
3180983,New,,,chrome 63.0 for android,,mobile,Moto C Build/NRD90M.063
3189958,New,,Windows 10,chrome 63.0,1920x1080,desktop,Windows
3181198,New,,,chrome 63.0,,desktop,Windows
3181349,New,,,chrome 63.0,,desktop,
3181358,New,,,chrome 63.0 for android,,mobile,LG-H500 Build/LRX21Y
3181298,New,,,chrome 63.0,,desktop,Windows
3181309,Found,,,chrome 63.0,,desktop,Windows
3181454,Unknown,,,mobile safari 10.0,,mobile,
3181482,New,,,chrome 63.0 for android,,mobile,Moto Z2 Play Build/NPSS26.118-19-14
3181524,Unknown,,,chrome 63.0,,desktop,Windows
3181672,New,,,chrome 62.0 for android,,mobile,LG-H542 Build/MRA58K
3181703,New,,,chrome 63.0 for android,,mobile,SM-G610M Build/MMB29K
3181718,New,,,chrome 63.0 for android,,mobile,BLL-L23 Build/HUAWEIBLL-L23
3182089,Found,,,chrome 63.0,,desktop,Windows
3182347,Found,,,chrome 63.0,,desktop,Windows
3182412,New,,,chrome 63.0,,desktop,
3182521,Found,,,chrome 63.0 for android,,mobile,SM-J500M Build/MMB29M
3191366,Found,,,chrome 63.0,,desktop,Windows
3182604,New,,,chrome 59.0 for android,,mobile,SM-G531H Build/LMY48B
3183160,New,,,chrome 63.0 for android,,mobile,HP
3183196,Found,,,chrome 63.0,,desktop,Windows
3183250,Unknown,,,Generic/Android 7.0,,mobile,rv:57.0
3183287,Found,,,chrome 63.0 for android,,mobile,Moto Z2 Play Build/NPSS26.118-19-14
3183307,Found,,,chrome 63.0 for android,,mobile,Moto Z2 Play Build/NPSS26.118-19-14
3183265,Found,,,chrome 63.0 for android,,mobile,Moto Z2 Play Build/NPSS26.118-19-14
3183326,Found,,,chrome 63.0 for android,,mobile,Moto Z2 Play Build/NPSS26.118-19-14
3183394,New,,,chrome 63.0 for android,,mobile,Moto Z2 Play Build/NPSS26.118-19-14
3183465,New,,,samsung browser 5.2,,mobile,SAMSUNG SM-A520F Build/NRD90M
3186562,New,,Windows 10,chrome 63.0,1920x1080,desktop,Windows
3183616,New,,,chrome 63.0 for android,,mobile,SM-A710M Build/LMY47X
3183691,Found,,,chrome 63.0,,desktop,Windows
3183702,New,,,firefox 57.0,,desktop,Windows
3183867,New,,,chrome 63.0 for android,,mobile,SM-P550 Build/NMF26X
3183821,New,,,edge 15.0,,desktop,
3183870,New,,,chrome 63.0 for android,,mobile,SM-J730GM Build/NRD90M
3184028,New,,,chrome 63.0,,desktop,
3184044,New,,,chrome 63.0,,desktop,Windows
3184365,Unknown,,,mobile safari 11.0,,mobile,
3184414,New,,,chrome 63.0 for android,,mobile,SLA-L03 Build/HUAWEISLA-L03
3184420,New,,,android webview 4.0,,mobile,Joy
3184446,Found,,,chrome 63.0 for android,,mobile,ALE-L23 Build/HuaweiALE-L23
3184451,New,,,chrome 59.0 for android,,mobile,LG-D693n Build/LRX22G
3184504,Unknown,,,mobile safari 11.0,,mobile,
3184603,New,,,chrome 63.0 for android,,mobile,LG-X180g Build/LMY47I
3184835,Found,,,mobile safari 10.0,,mobile,
3184841,Found,,,mobile safari 10.0,,mobile,
3190920,New,IP_PROXY:TRANSPARENT,Windows 10,firefox,1920x1080,desktop,rv:52.0
3185167,Found,,,ie 11.0 for desktop,,desktop,Trident/7.0
3191050,New,,Windows 7,chrome 63.0,1920x1080,desktop,Windows
3185276,Found,,,chrome 63.0 for android,,mobile,Moto G Play Build/MPIS24.241-15.3-7
3188305,Unknown,,,mobile safari 11.0,,mobile,
3188324,Unknown,,,mobile safari 11.0,,mobile,
3188329,Unknown,,,mobile safari 11.0,,mobile,
3188416,Unknown,,,mobile safari 11.0,,mobile,
3185495,New,,,chrome 63.0,,desktop,Windows
3185685,New,IP_PROXY:TRANSPARENT,,edge 14.0,,desktop,Windows
3185692,Found,,,chrome 63.0,,desktop,Windows
3185809,New,IP_PROXY:TRANSPARENT,,firefox 52.0,,desktop,
3185768,New,,,chrome 63.0,,desktop,
3185877,New,,,samsung browser 4.0,,mobile,SAMSUNG SM-J710MN Build/MMB29K
3185911,New,,,chrome 63.0,,desktop,
3185996,Found,,,chrome generic,,mobile,Moto G (5) Plus Build/NPN25.137-72
3186012,Found,,,chrome 63.0,,desktop,Windows
3186138,Found,,,chrome 63.0 for android,,mobile,Moto G Play Build/MPIS24.241-15.3-26
3186160,Found,,,chrome 63.0 for android,,mobile,Moto G Play Build/MPIS24.241-15.3-26
3186217,New,,,chrome 63.0,,desktop,
3186182,Found,,,chrome generic,,mobile,Moto G (4) Build/NPJ25.93-14.7
3186369,New,,,chrome 63.0 for android,,mobile,ALE-L23 Build/HuaweiALE-L23
3200962,Found,,,chrome 63.0,,desktop,Windows
3186418,Unknown,,,mobile safari 11.0,,mobile,
3186448,New,,,mobile safari 11.0,,mobile,
3186493,New,,,chrome 63.0,,desktop,
3186446,Unknown,,,mobile safari generic,,mobile,
3186520,Found,,,firefox 57.0,,desktop,Windows
3186669,New,,,chrome generic,,mobile,Moto G (4) Build/NPJS25.93-14-13
3186798,Found,,,chrome 63.0,,desktop,Windows
3186838,New,,,firefox 57.0,,desktop,Windows
3186842,New,,,chrome 63.0,,desktop,Windows
3186890,Found,,,chrome 61.0 for android,,mobile,5054N
3187010,New,,,ie 11.0 for desktop,,desktop,Trident/7.0
3187062,New,,,chrome 63.0 for android,,mobile,SM-G570M Build/MMB29K
3187050,New,,,mobile safari 11.0,,mobile,
3187009,Found,,,mobile safari 11.0,,mobile,
3187141,New,,,chrome 63.0,,desktop,
3187275,New,,,chrome 63.0,,desktop,Windows
3187376,New,,,chrome 63.0,,desktop,Windows
3187437,New,,,chrome 63.0 for android,,mobile,Lenovo K33b36 Build/MMB29M
3187431,Found,,,chrome 61.0 for android,,mobile,LG-H870 Build/NRD90U
3187565,,,,,,,
3187736,Found,,,mobile safari 10.0,,mobile,
3187896,New,,,chrome 63.0 for android,,mobile,Moto Z2 Play Build/NPSS26.118-19-14
3187888,Found,,,chrome 63.0 for android,,mobile,Moto Z2 Play Build/NPSS26.118-19-14
3187933,New,,,chrome 63.0,,desktop,Windows
3188226,New,,,edge 16.0,,desktop,Windows
3188367,New,,,chrome 63.0 for android,,mobile,SAMSUNG-SM-T377A Build/MMB29K
3188317,Unknown,,,mobile safari 11.0,,mobile,
3188386,Unknown,,,mobile safari 11.0,,mobile,
3188555,New,,,chrome 63.0,,desktop,Windows
3188603,New,,,ie 11.0 for desktop,,desktop,rv:11.0
3188584,New,,,chrome 63.0,,desktop,Windows
3188904,Found,,,chrome 63.0,,desktop,
3188901,Found,,,chrome 63.0,,desktop,
3188918,Found,,,chrome 63.0,,desktop,
3188990,Found,,,ie 11.0 for desktop,,desktop,rv:11.0
3189081,Unknown,,,ie 11.0 for desktop,,desktop,rv:11.0
3189098,Found,,,chrome 63.0,,desktop,Windows
3189049,Found,,,ie 11.0 for desktop,,desktop,Trident/7.0
3189209,Unknown,,,mobile safari 11.0,,mobile,
3189237,Unknown,,,mobile safari 11.0,,mobile,
3189276,New,,,chrome 63.0,,desktop,Windows
3189550,New,,,chrome 63.0,,desktop,Windows
3195393,Found,,Windows 7,ie 11.0 for desktop,,desktop,Trident/7.0
3189588,Unknown,,,mobile safari 11.0,,mobile,
3189608,New,,,chrome 63.0 for android,,mobile,SM-T825 Build/NRD90M
3189628,Unknown,,,mobile safari 11.0,,mobile,
3189741,Unknown,,,mobile safari 10.0,,mobile,
3189794,New,,,chrome 63.0,,desktop,Windows
3189865,Found,,,chrome 63.0 for android,,mobile,F5121 Build/34.3.A.0.252
3189933,New,,,chrome 63.0,,desktop,
3189901,Unknown,,,mobile safari 11.0,,mobile,
3189937,New,,,chrome 63.0 for android,,mobile,5080A Build/MRA58K
3189947,New,,,chrome 63.0 for android,,mobile,Ilium L910 Build/MRA58K
3190103,Found,,,chrome 63.0,,desktop,Windows
3190127,Found,,,chrome 63.0 for android,,mobile,Moto G Play Build/MPIS24.241-15.3-7
3190167,Unknown,,,mobile safari 11.0,,mobile,
3190114,Unknown,,,mobile safari 11.0,,mobile,
3190191,New,,,mobile safari 11.0,,mobile,
3190204,Found,,,chrome 63.0,,desktop,Windows
3190307,Unknown,,,mobile safari 10.0,,mobile,
3190319,Unknown,,,mobile safari 11.0,,mobile,
3190328,New,,,chrome 63.0,,desktop,
3190314,New,,,chrome 63.0,,desktop,Windows
3190308,New,,,chrome 63.0 for android,,mobile,WAS-LX3 Build/HUAWEIWAS-LX3
3190323,New,,,chrome 63.0 for android,,mobile,LG-K500 Build/MMB29M
3190372,New,,,chrome generic,,mobile,Moto G (5) Build/NPP25.137-72
3190408,Found,,,chrome generic,,mobile,Moto G (5) Plus Build/NPN25.137-92
3190392,Found,,,chrome generic,,mobile,Moto G (5) Plus Build/NPN25.137-92
3190431,New,,,chrome 63.0,,desktop,Windows
3190433,New,,,chrome 63.0 for android,,mobile,LG-K220 Build/MXB48T
3190449,New,,,chrome 63.0 for android,,mobile,SM-G570M Build/MMB29K
3190469,Found,,,safari generic,,desktop,
3190658,New,,,chrome 63.0,,desktop,Windows
3190690,Found,,,chrome 63.0,,desktop,Windows
3190799,New,,,chrome 63.0,,desktop,Windows
3191243,New,,,chrome 63.0,,desktop,Windows
3191300,New,,,chrome 63.0,,desktop,Windows
3191310,Found,,,edge 16.0,,desktop,Windows
3191647,Unknown,,,mobile safari 9.0,,mobile,
3191634,Unknown,,,mobile safari 9.0,,mobile,
3192021,Found,,,chrome 63.0,,desktop,Windows
3192184,New,,,chrome 63.0 for android,,mobile,Blade V6 Plus Build/MRA58K
3192211,Found,,,chrome 63.0 for android,,mobile,WAS-LX3 Build/HUAWEIWAS-LX3
3206616,New,,Mac OS X 10_13_2,safari generic,1440x900,desktop,MacOS
3192468,,,,,,,
3192524,New,,,chrome 63.0,,desktop,Windows
3192573,Found,,,chrome 63.0,,desktop,Windows
3192551,Found,,,chrome 63.0,,desktop,Windows
3192530,Found,,,chrome 63.0,,desktop,Windows
3192608,Found,,,chrome 63.0,,desktop,
3192536,Found,,,chrome 63.0,,desktop,Windows
3192514,Found,,,chrome 63.0,,desktop,Windows
3192545,Found,,,chrome 63.0,,desktop,Windows
3192641,New,,,chrome 63.0 for android,,mobile,SM-T825 Build/NRD90M
3192574,Found,,,chrome 63.0,,desktop,Windows
3192681,New,,,samsung browser 6.2,,mobile,SAMSUNG SM-G950U Build/NRD90M
3192704,Found,,,chrome 63.0,,desktop,Windows
3192697,Found,,,chrome 63.0,,desktop,Windows
3192703,Found,,,ie 11.0 for desktop,,desktop,Trident/7.0
3192711,Unknown,,,mobile safari 11.0,,mobile,
3192710,New,,,chrome generic,,mobile,Android 4.4.2
3192881,Unknown,,,chrome 63.0,,desktop,Windows
3192902,New,,,chrome 63.0,,desktop,Windows
3193117,Found,,,chrome 63.0,,desktop,Windows
3193112,Found,,,chrome 63.0,,desktop,Windows
3193099,Unknown,,,mobile safari 11.0,,mobile,
3193105,New,,,chrome 63.0,,desktop,Windows
3193103,Unknown,,,mobile safari 11.0,,mobile,
3193144,New,,,chrome 63.0 for android,,mobile,SM-G530H Build/LRX22G
3193176,New,,,chrome 63.0 for android,,mobile,TRT-L53 Build/HUAWEITRT-L53
3193243,New,,,chrome 63.0 for android,,mobile,SM-G530H Build/LRX22G
3193220,New,,,chrome 63.0,,desktop,
3193231,Unknown,,,mobile safari 11.0,,mobile,
3193273,New,,,chrome 63.0 for android,,mobile,TRT-L53 Build/HUAWEITRT-L53
3193268,Unknown,,,mobile safari 11.0,,mobile,
3193275,Unknown,,,mobile safari generic,,mobile,
3193286,Unknown,,,mobile safari 11.0,,mobile,
3193274,Unknown,,,mobile safari 11.0,,mobile,
3193279,Unknown,,,mobile safari 11.0,,mobile,
3193303,New,,,chrome 63.0,,desktop,Windows
3193310,Found,,,chrome 63.0,,desktop,Windows
3193326,Found,,,chrome 63.0,,desktop,Windows
3193329,Found,,,chrome 63.0,,desktop,Windows
3193324,Found,,,chrome 63.0,,desktop,Windows
3193328,Found,,,chrome 63.0,,desktop,Windows
3193355,Found,,,chrome 62.0,,desktop,Windows
3193542,Found,,,chrome generic,,mobile,Moto G (4) Build/NPJ25.93-14.7
3193728,New,,,firefox 57.0,,desktop,Windows
3193846,Found,,,chrome 63.0 for android,,mobile,CHC-U03 Build/HuaweiCHC-U03
3193864,New,,,chrome 63.0,,desktop,Windows
3193939,Found,,,chrome 63.0,,desktop,Windows
3193941,Found,,,chrome 63.0,,desktop,Windows
3193953,Found,,,chrome 63.0,,desktop,Windows
3193970,Found,,,chrome 63.0,,desktop,Windows
3194047,Found,,,chrome 63.0,,desktop,Windows
3194178,New,,,chrome 63.0 for android,,mobile,LG-M250 Build/NRD90U
3194354,New,,,chrome 63.0,,desktop,
3194455,Found,,,chrome 49.0 for android,,mobile,SM-G900M Build/MMB29M
3194433,New,,,chrome 63.0 for android,,mobile,CAM-L03 Build/HUAWEICAM-L03
3194531,Found,,,chrome 63.0 for android,,mobile,CAM-L03 Build/HUAWEICAM-L03
3194528,Found,,,chrome 63.0 for android,,mobile,CAM-L03 Build/HUAWEICAM-L03
3194608,New,,,ie 11.0 for desktop,,desktop,Trident/7.0
3194634,Found,,,ie 11.0 for desktop,,desktop,Trident/7.0
3194839,Unknown,,,mobile safari 11.0,,mobile,
3194942,Unknown,,,mobile safari 11.0,,mobile,
3194953,Unknown,,,mobile safari 11.0,,mobile,
3195141,New,,,chrome 63.0,,desktop,Windows
3195246,Unknown,,,mobile safari 11.0,,mobile,
3195340,Found,,,chrome 56.0 for android,,mobile,SM-J111M Build/LMY47V
3195573,New,,,chrome 63.0 for android,,mobile,HUAWEI VNS-L23 Build/HUAWEIVNS-L23
3195770,New,,,safari generic,,desktop,
3195902,New,,,samsung browser 6.2,,mobile,SAMSUNG SM-A520F Build/NRD90M
3195953,New,,,ie 11.0 for desktop,,desktop,Trident/7.0
3199111,New,,Mac OS X 10_12_5,safari generic,2880x1800,desktop,MacOS
3210285,New,,,chrome 63.0 for android,,mobile,SM-N900W8 Build/LRX21V
3196129,Unknown,,,mobile safari 11.0,,mobile,
3196157,Unknown,,,mobile safari 11.0,,mobile,
3196167,Found,,,firefox 57.0,,desktop,
3196174,New,,,chrome 63.0 for android,,mobile,ASUS_Z00AD Build/LRX21V
3196197,New,,,chrome 63.0,,desktop,Windows
3210377,New,,,chrome 63.0,,desktop,
3196289,New,,,chrome 62.0 for android,,mobile,Moto C Plus Build/NRD90M.05.034
3196320,Found,,,chrome 63.0 for android,,mobile,E5803 Build/32.4.A.1.54
3199424,Found,,Mac OS X 10_11_6,chrome 63.0,1600x900,desktop,MacOS
3196538,Found,,,chrome 63.0 for android,,mobile,SM-G610M Build/MMB29K
3196540,Found,,,chrome 63.0 for android,,mobile,SM-G610M Build/MMB29K
3199514,Found,,Mac OS X 10_12_5,safari generic,2880x1800,desktop,MacOS
3196600,Found,,,chrome 63.0 for android,,mobile,SM-G935F Build/NRD90M
3196617,Found,,,chrome 63.0,,desktop,
3196819,Found,,,chrome 55.0 for android,,mobile,LG-H500 Build/LRX21Y
3196879,New,,,chrome 63.0 for android,,mobile,LG-H870 Build/NRD90U
3196886,Found,,,chrome 62.0,,desktop,Windows
3197049,Found,,,ie 11.0 for desktop,,desktop,Trident/7.0
3197108,New,,,chrome 63.0,,desktop,
3197493,Found,,,chrome 63.0,,desktop,
3197502,New,,,chrome 63.0,,desktop,Windows
3197733,Found,,,ie 11.0 for desktop,,desktop,Trident/7.0
3197753,New,,,chrome 63.0,,desktop,Windows
3197781,New,,,firefox 57.0,,desktop,Windows
3197938,Found,,,chrome 63.0,,desktop,
3197998,New,,,firefox 57.0,,desktop,Windows
3198018,,,,,,,
3198210,New,,,chrome 63.0,,desktop,
3198373,New,,,chrome 63.0,,desktop,Windows
3198442,New,,,chrome 63.0,,desktop,Windows
3198496,Found,,,chrome 63.0,,desktop,Windows
3198677,Found,,,chrome 63.0,,desktop,Windows
3198670,New,,,chrome 63.0,,desktop,Windows
3198813,,,,,,,
3198766,Found,,,chrome 63.0,,desktop,
3198989,Unknown,,,mobile safari 10.0,,mobile,
3198938,New,,,chrome 63.0 for android,,mobile,LG-X240 Build/MRA58K
3199031,New,,,chrome 63.0,,desktop,Windows
3199026,New,,,chrome 63.0,,desktop,
3199104,New,,,chrome 63.0,,desktop,
3199197,New,,,chrome 63.0 for android,,mobile,BLADE A520 Build/NRD90M
3199536,Found,,,chrome 49.0,,desktop,
3199603,New,,,chrome 63.0,,desktop,
3199693,New,,,chrome 63.0 for android,,mobile,E2104
3199784,New,,,chrome 63.0,,desktop,Windows
3199828,New,,,chrome 63.0,,desktop,Windows
3199813,New,,,chrome 63.0 for android,,mobile,Moto Z2 Play Build/NPS26.74-16-1
3199856,Found,,,chrome 63.0 for android,,mobile,Moto Z2 Play Build/NPS26.74-16-1
3199827,Found,,,chrome 63.0 for android,,mobile,Moto Z2 Play Build/NPS26.74-16-1
3200025,Found,,,chrome 63.0,,desktop,
3200009,Found,,,chrome 63.0,,desktop,
3200079,New,,,other,,mobile,SM-J700M Build/LMY48B
3200091,New,,,ie 11.0 for desktop,,desktop,Trident/7.0
3200179,New,,,chrome 63.0,,desktop,
3200177,Found,,,chrome 63.0,,desktop,Windows
3200302,Found,,,firefox 57.0,,desktop,Windows
3200342,New,,,chrome 63.0,,desktop,Windows
3205867,New,,iOS 11.2.2,mobile safari uiwebview,1334x750,mobile,iOS Device
3200333,New,,,chrome 63.0 for android,,mobile,Moto Z2 Play Build/NPS26.74-16-1
3200410,Found,,,chrome 63.0 for android,,mobile,Moto Z2 Play Build/NPS26.74-16-1
3200404,New,,,firefox 57.0,,desktop,Windows
3200496,Unknown,,,mobile safari 9.0,,mobile,
3200485,Unknown,,,mobile safari 9.0,,mobile,
3200508,New,,,chrome 63.0,,desktop,Windows
3200714,New,,,chrome 63.0 for android,,mobile,SM-G570M Build/MMB29K
3201207,Unknown,,,mobile safari 11.0,,mobile,
3201281,New,,,chrome 63.0,,desktop,Windows
3201389,New,,,chrome 63.0,,desktop,Windows
3201354,Unknown,,,mobile safari 10.0,,mobile,
3201531,New,,,chrome 63.0 for android,,mobile,LG-X180g Build/LMY47I
3201520,Unknown,,,mobile safari generic,,mobile,
3201625,New,,,chrome 63.0,,desktop,
3201669,New,,,chrome 49.0,,desktop,
3201664,Found,,,chrome 49.0,,desktop,
3201703,New,,,chrome 63.0,,desktop,Windows
3201750,Unknown,,,mobile safari 9.0,,mobile,
3201883,Found,,,chrome 61.0 for android,,mobile,SM-J510MN Build/MMB29M
3201892,Unknown,,,mobile safari 11.0,,mobile,
3201905,New,,,chrome 63.0 for android,,mobile,SM-G935F Build/NRD90M
3201946,New,,,chrome 63.0,,desktop,
3201944,New,,,chrome 63.0 for android,,mobile,M4 SS4458 Build/MMB29M
3202032,Found,,,chrome 63.0,,desktop,Windows
3202018,New,,,chrome 63.0,,desktop,Windows
3202021,Unknown,,,chrome 63.0,,desktop,Windows
3204755,New,,iOS 11.2.2,mobile safari 11.0,2436x1125,mobile,iOS Device
3202041,Unknown,,,chrome 63.0,,desktop,Windows
3202026,Unknown,,,chrome 63.0,,desktop,Windows
3202046,Unknown,,,chrome 63.0,,desktop,Windows
3202049,New,,,samsung browser 6.2,,mobile,SAMSUNG SM-G925I Build/NRD90M
3202107,New,,,chrome 63.0,,desktop,
3205075,New,,iOS 11.2.2,mobile safari generic,1334x750,mobile,iOS Device
3202678,Found,,,chrome 63.0,,desktop,Windows
3216800,Found,,Linux,chrome 63.0,,desktop,
3216812,Found,,Linux,chrome 63.0,,desktop,
3202683,Found,,,chrome 63.0,,desktop,
3202918,New,,,chrome 63.0,,desktop,
3203155,Found,IP_PROXY:HIDDEN,Windows 10,chrome 63.0,1920x1080,desktop,Windows
3203372,Found,,,chrome 63.0,,desktop,Windows
3203315,Found,,,chrome 63.0,,desktop,Windows
3203397,Found,,,chrome 63.0,,desktop,Windows
3203475,Found,,,chrome 63.0,,desktop,
3203479,Found,,,chrome 63.0,,desktop,
3203490,Found,,,mobile safari 10.0,,mobile,
3206212,Found,,iOS 11.2.2,mobile safari 11.0,1334x750,mobile,iOS Device
3203591,New,,,firefox 52.0,,desktop,rv:52.0
3203601,New,,,chrome 56.0 for android,,mobile,Blade V6 Plus Build/MRA58K
3203832,Found,,,chrome 63.0 for android,,mobile,SM-G610M Build/MMB29K
3203769,New,,,chrome 62.0,,desktop,Windows
3203761,Found,,,chrome 62.0,,desktop,Windows
3203970,New,,,chrome 63.0,,desktop,
3204081,New,,,chrome 63.0,,desktop,Windows
3204126,New,,,chrome 63.0,,desktop,
3204170,Found,,,chrome 63.0,,desktop,Windows
3204299,New,,,chrome 63.0,,desktop,Windows
3204580,Found,,,firefox 57.0,,desktop,Windows
3204634,New,,,chrome 63.0 for android,,mobile,SM-G955U Build/NRD90M
3204719,New,,,chrome 57.0 for android,,mobile,Moto Z2 Play Build/NPSS26.118-19-4
3204731,Found,,,chrome 63.0,,desktop,Windows
3204764,New,,,chrome 63.0 for android,,mobile,Lenovo
3204765,Found,,,chrome 63.0 for android,,mobile,F5321 Build/34.3.A.0.238
3204958,Found,,,chrome 63.0,,desktop,
3204952,Found,,,chrome 63.0,,desktop,
3205064,New,,,chrome generic,,mobile,Moto E (4) Build/NMA26.42-69
3205153,New,,,chrome 63.0,,desktop,
3205225,New,,,chrome 63.0,,desktop,
3205271,Found,,,chrome 63.0,,desktop,Windows
3205463,New,,,chrome 63.0,,desktop,
3205433,Found,,,chrome 63.0,,desktop,
3205486,Found,,,chrome 63.0,,desktop,Windows
3205509,Unknown,,,chrome 63.0,,desktop,Windows
3205621,New,,,chrome 63.0,,desktop,Windows
3205812,New,,,opera,,mobile,Mi A1 Build/OPR1.170623.026
3205834,Found,,,chrome 63.0,,desktop,Windows
3205908,New,,,chrome 63.0,,desktop,Windows
3205948,New,,,chrome generic,,desktop,Windows
3205946,Found,,,chrome 63.0,,desktop,Windows
3206047,New,IP_PROXY:ANONYMOUS,,chrome 63.0,,desktop,
3206090,New,,,chrome 63.0 for android,,mobile,Lenovo A6020l37 Build/LMY47V
3206051,New,,,chrome 63.0,,desktop,Windows
3206071,New,,,chrome 63.0,,desktop,
3206213,New,,,ie 11.0 for desktop,,desktop,Trident/7.0
3206154,Found,,,mobile safari 10.0,,mobile,
3206247,Found,,,chrome generic,,desktop,Windows
3206218,New,,,chrome 63.0,,desktop,
3206258,Found,,,chrome 63.0,,desktop,
3206411,New,,,edge 16.0,,desktop,
3206344,New,,,chrome 63.0,,desktop,Windows
3206394,Found,,,chrome 63.0,,desktop,Windows
3206378,New,,,chrome 63.0,,desktop,Windows
3206720,New,,,chrome 63.0,,desktop,Windows
3206768,New,,,chrome 63.0 for android,,mobile,F3213 Build/36.1.A.1.86
3206824,Found,,,mobile safari 11.0,,mobile,
3206767,New,,,chrome 63.0 for android,,mobile,SM-N950F Build/NMF26X
3206900,New,,,chrome 63.0,,desktop,Windows
3206906,New,,,chrome 63.0,,desktop,
3206971,Unknown,,,mobile safari 11.0,,mobile,
3206907,Found,,,chrome 63.0,,desktop,Windows
3207009,Unknown,,,mobile safari 10.0,,mobile,
3207065,Found,,,chrome 63.0,,desktop,Windows
3207112,New,,,samsung browser 6.2,,mobile,SAMSUNG SM-A720F Build/NRD90M
3207059,New,,,chrome 63.0 for android,,mobile,LG-K410 Build/LRX22G
3207084,New,,,chrome generic,,mobile,Moto G (5) Plus Build/NPN25.137-82
3207164,Found,,,chrome 63.0,,desktop,Windows
3207173,New,,,chrome 63.0,,desktop,
3207147,Found,,,chrome 63.0,,desktop,
3207183,Unknown,,,mobile safari 11.0,,mobile,
3207176,Found,,,firefox 57.0,,desktop,rv:57.0
3207390,Unknown,,,mobile safari 11.0,,mobile,
3207341,Unknown,,,mobile safari 11.0,,mobile,
3207358,New,,,chrome 63.0,,desktop,Windows
3207405,New,,,chrome 63.0 for android,,mobile,SM-G935F Build/NRD90M
3207452,Found,,,chrome 63.0,,desktop,
3207490,Unknown,,,safari generic,,desktop,
3207487,New,,,firefox 48.0,,desktop,rv:48.0
3207489,Unknown,,,mobile safari generic,,mobile,
3207493,New,,,edge 16.0,,desktop,
3221884,Found,,,chrome 63.0,,desktop,Windows
3207539,New,,,chrome 63.0 for android,,mobile,LG-M700 Build/NMF26X
3207580,New,,,samsung browser 6.2,,mobile,SAMSUNG SM-J700M Build/MMB29K
3207586,Found,,,chrome 63.0,,desktop,
3207614,Unknown,,,mobile safari generic,,mobile,
3208177,New,,,chrome 63.0,,desktop,Windows
3208185,Found,,,chrome generic,,desktop,Windows
3208221,New,,,chrome 63.0 for android,,mobile,SM-G935F Build/NRD90M
3208334,New,,,chrome 63.0 for android,,mobile,HUAWEI VNS-L23 Build/HUAWEIVNS-L23
3208358,Found,,,chrome 63.0 for android,,mobile,SM-G935F Build/NRD90M
3208406,Found,,,chrome 63.0 for android,,mobile,SM-G935F Build/NRD90M
3208387,Found,,,chrome 63.0 for android,,mobile,SM-G935F Build/NRD90M
3208370,Found,,,chrome 63.0 for android,,mobile,SM-G935F Build/NRD90M
3208318,Found,,,chrome 63.0 for android,,mobile,SM-G935F Build/NRD90M
3208343,Found,,,chrome 63.0 for android,,mobile,HUAWEI VNS-L23 Build/HUAWEIVNS-L23
3208321,Found,,,chrome 63.0 for android,,mobile,SM-G935F Build/NRD90M
3208360,Found,,,chrome 63.0 for android,,mobile,HUAWEI VNS-L23 Build/HUAWEIVNS-L23
3208390,Found,,,chrome 63.0 for android,,mobile,SM-G935F Build/NRD90M
3208351,Found,,,chrome 63.0 for android,,mobile,HUAWEI VNS-L23 Build/HUAWEIVNS-L23
3208433,Found,,,chrome 63.0 for android,,mobile,SM-G935F Build/NRD90M
3208345,Found,,,chrome 63.0 for android,,mobile,SM-G935F Build/NRD90M
3208799,New,,,chrome 63.0,,desktop,Windows
3208778,Found,,,firefox 57.0,,desktop,
3208944,New,,,chrome 63.0 for android,,mobile,SM-J510MN Build/MMB29M
3208895,New,,,chrome 63.0,,desktop,Windows
3208988,Found,,,chrome 63.0 for android,,mobile,SM-J510MN Build/MMB29M
3209037,Found,,,chrome 63.0,,desktop,Windows
3208969,Found,,,chrome 63.0 for android,,mobile,SM-J510MN Build/MMB29M
3209100,Found,,,chrome 63.0 for android,,mobile,SM-J510MN Build/MMB29M
3209121,Found,,,chrome 63.0 for android,,mobile,SM-J510MN Build/MMB29M
3209214,Found,,,chrome 63.0 for android,,mobile,Lenovo
3209243,New,,,chrome 63.0 for android,,mobile,Moto G Play Build/MPIS24.241-15.3-7
3209349,Found,,,chrome 63.0,,desktop,
3209422,Found,,,chrome 63.0,,desktop,Windows
3209673,Found,,,chrome 63.0 for android,,mobile,SM-J510MN Build/MMB29M
3209774,New,,,chrome generic,,desktop,Windows
3209784,Found,,,chrome generic,,desktop,Windows
3209716,Found,,,chrome generic,,desktop,Windows
3209768,New,,,chrome 63.0,,desktop,Windows
3209861,Found,,,chrome 63.0,,desktop,Windows
3209967,Unknown,,,mobile safari 11.0,,mobile,
3210066,Found,,,chrome 63.0 for android,,mobile,SAMSUNG-SM-T377A Build/MMB29K
3210016,Found,,,chrome 63.0 for android,,mobile,SAMSUNG-SM-T377A Build/MMB29K
3210110,Found,,,chrome 63.0 for android,,mobile,SAMSUNG-SM-T377A Build/MMB29K
3210150,New,,,chrome 63.0 for android,,mobile,Blade V6 Build/LRX22G
3210210,New,,,chrome 63.0,,desktop,
3210203,New,,,chrome 63.0,,desktop,Windows
3210257,New,,,mobile safari generic,,mobile,
3210277,New,,,chrome 63.0,,desktop,Windows
3210296,Found,,,chrome 63.0,,desktop,Windows
3210314,New,,,chrome 63.0 for android,,mobile,SM-J700M Build/MMB29K
3210304,New,,,samsung browser 6.2,,mobile,SAMSUNG
3210366,New,,,chrome 63.0,,desktop,Windows
3210414,Unknown,,,mobile safari 11.0,,mobile,
3210436,New,,,other,,mobile,Lenovo-A6020l36 Build/LMY47V
3210431,Found,,,chrome 61.0 for android,,mobile,Hisense
3210435,New,,,chrome 63.0,,desktop,Windows
3210458,Found,,,chrome generic for android,,mobile,TA-1039 Build/N2G47H
3210460,Found,,,chrome 63.0 for android,,mobile,TA-1039 Build/NMF26F
3210467,Found,,,chrome 63.0 for android,,mobile,TA-1039 Build/NMF26F
3216333,New,,iOS 11.2.2,mobile safari 11.0,1136x640,mobile,iOS Device
3210716,Found,,,chrome 63.0 for android,,mobile,CHC-U03 Build/HuaweiCHC-U03
3210947,New,,,chrome generic,,mobile,Moto G (4) Build/NPJS25.93-14-13
3210949,Found,,,chrome 63.0,,desktop,Windows
3210992,New,,,chrome 63.0 for android,,mobile,SM-G920F Build/NRD90M
3211050,Found,,,chrome 63.0 for android,,mobile,SM-J510MN Build/MMB29M
3211026,Found,,,chrome 63.0 for android,,mobile,SM-J510MN Build/MMB29M
3211027,Found,,,chrome 63.0 for android,,mobile,SM-J510MN Build/MMB29M
3211017,Found,,,chrome 63.0 for android,,mobile,SM-J510MN Build/MMB29M
3211273,Found,,,chrome 63.0,,desktop,Windows
3211264,Found,,,chrome 63.0,,desktop,Windows
3211347,Found,,,chrome 63.0,,desktop,Windows
3211350,Found,,,chrome 63.0,,desktop,Windows
3217200,New,,iOS 11.2.2,mobile safari 11.0,2208x1242,mobile,iOS Device
3211438,Found,,,chrome 63.0,,desktop,Windows
3211415,Found,,,chrome 63.0,,desktop,Windows
3211514,New,,,chrome 63.0,,desktop,
3211626,New,,,chrome 63.0 for android,,mobile,Ilium L610 Build/MRA58K
3211765,Found,,,chrome generic,,desktop,Windows
3211931,New,,,edge 16.0,,desktop,
3212048,Unknown,,,mobile safari 10.0,,mobile,
3212025,Unknown,,,mobile safari 10.0,,mobile,
3212082,New,,,chrome 63.0,,desktop,Windows
3212028,Found,,,chrome 63.0,,desktop,Windows
3212304,New,,,chrome 63.0,,desktop,Windows
3209467,Found,,Mac OS X 10_12_6,safari generic,2560x1600,desktop,MacOS
3212243,Unknown,,,mobile safari 11.0,,mobile,
3212480,New,,,chrome 63.0,,desktop,Windows
3227125,New,,,chrome 63.0,,desktop,Windows
3212546,New,,,chrome 63.0 for android,,mobile,SM-G610M Build/MMB29K
3212641,New,,,chrome 63.0 for android,,mobile,SM-G610M Build/MMB29K
3212689,New,,,chrome 63.0 for android,,mobile,SM-T560 Build/KTU84P
3212887,Found,,,ie 11.0 for desktop,,desktop,Trident/7.0
3210098,Found,,Windows 10,edge 15.0,1366x768,desktop,Windows
3212892,New,,,chrome 62.0 for android,,mobile,LG-H542 Build/MRA58K
3212925,Found,,,mobile safari generic,,mobile,
3213025,Found,,,chrome 63.0,,desktop,Windows
3213038,New,,,chrome 63.0,,desktop,Windows
3213177,New,,,chrome 63.0 for android,,mobile,ALE-L23 Build/HuaweiALE-L23
3213192,New,,,chrome 63.0,,desktop,Windows
3213234,Unknown,,,mobile safari 11.0,,mobile,
3227851,Found,,,chrome 63.0,,desktop,
3213295,New,,,chrome 63.0,,desktop,
3213288,Found,,,chrome generic for android,,mobile,HTC One A9s Build/MRA58K
3213312,New,,,chrome 58.0 for android,,mobile,Redmi Note 4 Build/NRD90M
3213520,Found,,,chrome 55.0 for android,,mobile,LG-H500 Build/LRX21Y
3213733,New,,,samsung browser 4.0,,mobile,SAMSUNG
3222430,Found,,Mac OS X 10_11_6,chrome 63.0,1440x900,desktop,MacOS
3213902,New,,,chrome generic for android,,mobile,SM-J730GM Build/NRD90M
3213871,Unknown,,,mobile safari 11.0,,mobile,
3213894,Unknown,,,mobile safari 11.0,,mobile,
3213962,Unknown,,,mobile safari 11.0,,mobile,
3213942,Unknown,,,mobile safari 11.0,,mobile,
3213936,Found,,,Samsung/SM-G532M,,mobile,SAMSUNG SM-G532M Build/MMB29T
3213999,Found,,,Samsung/SM-G532M,,mobile,SAMSUNG SM-G532M Build/MMB29T
3213983,Found,,,Samsung/SM-G532M,,mobile,SAMSUNG SM-G532M Build/MMB29T
3214049,Unknown,,,mobile safari 11.0,,mobile,
3214142,New,,,chrome 63.0,,desktop,
3214214,New,,,chrome 63.0 for android,,mobile,HTC Desire 530 Build/MMB29M
3214204,Unknown,,,mobile safari 10.0,,mobile,
3214246,New,,,chrome 63.0,,desktop,Windows
3214180,Unknown,,,mobile safari 11.0,,mobile,
3214278,New,,,chrome 62.0 for android,,mobile,5054S Build/LMY47V
3214471,Found,,,ie 11.0 for desktop,,desktop,Trident/7.0
3214550,New,,,chrome 63.0,,desktop,Windows
3214693,Found,,,chrome 63.0 for android,,mobile,5015A Build/LMY47I
3214874,Found,,,chrome 63.0 for android,,mobile,CHC-U03 Build/HuaweiCHC-U03
3214904,Unknown,,,mobile safari 11.0,,mobile,
3214978,New,,,chrome 63.0 for android,,mobile,SM-J500M Build/MMB29M
3214908,Unknown,,,safari generic,,desktop,
3215105,New,,,chrome 62.0 for ios,,mobile,
3215201,New,,,samsung browser 4.0,,mobile,SAMSUNG SM-J710MN Build/MMB29K
3215226,Found,,,chrome 63.0 for android,,mobile,Moto X Play Build/NPD26.48-24-1
3215291,New,,,chrome 63.0,,desktop,
3215278,New,,,chrome 63.0 for android,,mobile,SM-G930F Build/NRD90M
3215236,Found,,,chrome 63.0 for android,,mobile,SM-G930F Build/NRD90M
3215392,New,,,chrome 63.0,,desktop,Windows
3215420,Found,,,chrome 63.0,,desktop,Windows
3215567,Found,,,chrome 63.0 for android,,mobile,SM-G930F Build/NRD90M
3215582,New,,,chrome 63.0,,desktop,
3215563,New,,,chrome generic,,desktop,Windows
3215669,New,,,chrome 57.0 for android,,mobile,SM-J320M Build/LMY47V
3215689,Found,,,chrome 57.0 for android,,mobile,SM-J320M Build/LMY47V
3215629,Found,,,chrome 57.0 for android,,mobile,SM-J320M Build/LMY47V
3215642,Found,,,chrome 57.0 for android,,mobile,SM-J320M Build/LMY47V
3215682,Found,,,chrome 57.0 for android,,mobile,SM-J320M Build/LMY47V
3215721,Found,,,chrome 57.0 for android,,mobile,SM-J320M Build/LMY47V
3215663,Unknown,,,mobile safari 11.0,,mobile,
3215713,Found,,,chrome 57.0 for android,,mobile,SM-J320M Build/LMY47V
3215727,Found,,,firefox 57.0,,desktop,Windows
3215700,Found,,,chrome 57.0,,desktop,
3215722,Found,,,chrome 57.0,,desktop,
3215830,New,,,chrome 63.0,,desktop,
3215846,Found,,,chrome generic,,desktop,Windows
3215889,New,,,chrome 63.0,,desktop,Windows
3215874,Unknown,,,mobile safari 11.0,,mobile,
3216030,Found,,,chrome 63.0,,desktop,Windows
3218878,New,,,chrome 63.0,,desktop,Windows
3216077,New,,,firefox 57.0,,desktop,Windows
3216086,Unknown,,,mobile safari 11.0,,mobile,
3216051,Found,,,chrome 63.0,,desktop,Windows
3216041,Found,,,chrome 63.0,,desktop,Windows
3216128,New,,,chrome 63.0,,desktop,Windows
3216170,New,,,chrome generic,,desktop,Windows
3216259,New,,,chrome 63.0,,desktop,Windows
3216263,Unknown,,,safari generic,,desktop,
3222220,Found,,Mac OS X 10.10,firefox 57.0,1280x800,desktop,rv:57.0
3216556,New,,,chrome 63.0 for android,,mobile,ALE-L23 Build/HuaweiALE-L23
3216611,Found,IP_PROXY:ANONYMOUS,,chrome 63.0,,desktop,
3216656,New,,,chrome 63.0,,desktop,
3216701,New,,,chrome 63.0,,desktop,Windows
3225369,,,,,,,
3225360,,,,,,,
3216817,New,,,firefox 57.0,,desktop,Windows
3216853,New,,,chrome 63.0 for android,,mobile,PRA-LX3 Build/HUAWEIPRA-LX3
3216904,Found,,,chrome 63.0 for android,,mobile,PRA-LX3 Build/HUAWEIPRA-LX3
3216964,New,,,chrome 63.0 for android,,mobile,SM-G570M Build/MMB29K
3232716,New,,,chrome 63.0,,desktop,Windows
3217142,New,,,chrome 63.0,,desktop,Windows
3217205,Unknown,,,mobile safari 11.0,,mobile,
3217224,Unknown,,,mobile safari 11.0,,mobile,
3217216,Unknown,,,mobile safari 11.0,,mobile,
3217331,Found,,,chrome generic,,mobile,Moto G (5) Build/NPP25.137-72
3217353,Unknown,,,mobile safari 11.0,,mobile,
3217552,Found,,,chrome 63.0,,desktop,
3217610,New,,,chrome 63.0,,desktop,Windows
3220757,New,,Mac OS X 10_10_5,safari generic,1280x800,desktop,MacOS
3220722,Found,,Mac OS X 10_10_5,safari generic,1280x800,desktop,MacOS
3217796,Unknown,,,mobile safari 11.0,,mobile,
3220745,Found,,Mac OS X 10_10_5,safari generic,1280x800,desktop,MacOS
3217874,Unknown,,,mobile safari 11.0,,mobile,
3217963,New,,,chrome 63.0,,desktop,Windows
3218216,New,,,chrome generic for android,,mobile,HTC Desire 10 lifestyle Build/MMB29M
3218240,Unknown,,,mobile safari generic,,mobile,
3221242,New,,iOS 11.2.1,mobile safari 11.0,2436x1125,mobile,iOS Device
3221307,Found,,iOS 11.2.1,mobile safari 11.0,2436x1125,mobile,iOS Device
3218379,Unknown,IP_PROXY:ANONYMOUS,,mobile safari generic,,mobile,
3218385,Found,,,chrome 63.0,,desktop,
3218420,Found,,,chrome 63.0,,desktop,
3218390,Found,,,chrome 63.0,,desktop,Windows
3218498,Unknown,,,mobile safari 11.0,,mobile,
3218537,Unknown,,,other,,mobile,
3218551,Unknown,,,mobile safari generic,,mobile,
3218573,New,,,mobile safari 10.0,,mobile,
3218572,Found,,,chrome 54.0 for android,,mobile,SM-J700M Build/MMB29K
3218732,New,,,chrome 63.0 for android,,mobile,SM-A520F Build/NRD90M
3218797,New,,,chrome 63.0 for android,,mobile,SM-G610M Build/MMB29K
3218745,New,,,chrome 63.0,,desktop,Windows
3218864,Found,,,chrome 63.0,,desktop,Windows
3218850,Found,,,chrome 63.0,,desktop,Windows
3218814,Unknown,,,mobile safari 10.0,,mobile,
3218910,Found,,,chrome 63.0,,desktop,
3218929,New,,,chrome 63.0,,desktop,Windows
3218945,Found,,,chrome 56.0 for android,,mobile,LG-D693n Build/LRX22G
3218926,Found,,,chrome 56.0 for android,,mobile,LG-D693n Build/LRX22G
3218961,Unknown,,,mobile safari 11.0,,mobile,
3218985,New,,,chrome 63.0,,desktop,
3218980,New,,,chrome generic for android,,mobile,SM-G610M Build/NRD90M
3218993,Unknown,,,mobile safari 11.0,,mobile,
3219016,Found,,,chrome 63.0 for android,,mobile,SM-G531H Build/LMY48B
3219008,New,,,chrome 61.0 for android,,mobile,ALE-L23 Build/HuaweiALE-L23
3219038,New,,,chrome 63.0 for android,,mobile,SM-G610M Build/MMB29K
3219057,New,,,chrome 63.0 for android,,mobile,SM-A310M Build/NRD90M
3219226,Found,,,chrome 63.0 for android,,mobile,SM-G531H Build/LMY48B
3225011,Found,,Windows 7,ie 11.0 for desktop,1920x1080,desktop,rv:11.0
3219452,Found,,,chrome 63.0 for android,,mobile,LG-K410 Build/LRX22G
3219604,New,,,chrome 63.0,,desktop,
3219649,Found,,,ie 11.0 for desktop,,desktop,Trident/7.0
3219775,New,,,chrome 63.0,,desktop,Windows
3219812,New,,,samsung browser 6.2,,mobile,SAMSUNG SM-G950F Build/NRD90M
3219866,Unknown,,,mobile safari 11.0,,mobile,
3219970,New,,,chrome generic for android,,mobile,Moto X Play Build/NPD26.48-24-1
3219960,Unknown,,,chrome 63.0 for ios,,mobile,
3220129,New,,,chrome generic,,mobile,Moto E (4) Plus Build/NMA26.42-69
3220215,Found,,,chrome 63.0,,desktop,
3220271,New,,,chrome generic,,desktop,
3226155,New,,Android 7.0,chrome 63.0 for android,2560x1440,mobile,SAMSUNG-SM-G925A Build/NRD90M
3226819,New,,iOS 11.2.1,mobile safari 11.0,1334x750,mobile,iOS Device
3220950,Unknown,,,mobile safari 10.0,,mobile,
3221006,New,,,chrome 63.0,,desktop,Windows
3221038,New,,,ie 11.0 for desktop,,desktop,Trident/7.0
3221142,New,,,chrome 63.0,,desktop,
3221225,New,,,chrome 63.0,,desktop,
3221245,New,,,chrome 63.0,,desktop,Windows
3221304,Found,,,chrome 63.0,,desktop,Windows
3221375,New,,,chrome 63.0 for android,,mobile,SM-G610F
3221411,Found,,,opera,,mobile,Mi A1 Build/OPR1.170623.026
3221455,New,,,chrome generic,,mobile,XT1058 Build/LPAS23.12-21.7-1
3221449,Found,,,chrome 63.0,,desktop,Windows
3221507,New,,,ie 11.0 for desktop,,desktop,Trident/7.0
3221452,Found,,,chrome 63.0,,desktop,Windows
3221487,Found,,,chrome 63.0 for android,,mobile,SM-G935F Build/NRD90M
3221621,New,,,chrome 63.0,,desktop,
3221579,Found,,,chrome 63.0,,desktop,
3221601,Found,,,chrome 63.0,,desktop,
3221702,New,,,chrome 63.0,,desktop,Windows
3221728,New,,,firefox generic,,desktop,Windows
3221752,Found,,,firefox generic,,desktop,Windows
3221793,New,,,chrome 63.0,,desktop,Windows
3221929,New,,,chrome generic,,mobile,LG-F400K
3221941,New,,,chrome generic for android,,mobile,RCT6223W87
3221952,Found,,,chrome generic for android,,mobile,RCT6223W87
3238553,,,,,,,
3221964,Found,,,chrome generic for android,,mobile,RCT6223W87
3221955,New,,,chrome 60.0 for android,,mobile,SM-J701M Build/NRD90M
3238555,,,,,,,
3238569,,,,,,,
3221977,New,,,chrome generic,,desktop,Windows
3222042,New,,,firefox 57.0,,desktop,Windows
3222208,Found,,,chrome 63.0,,desktop,Windows
3222219,Found,,,chrome 63.0 for android,,mobile,SM-G531H Build/LMY48B
3222264,New,,,ie 11.0 for desktop,,desktop,Trident/7.0
3222410,Unknown,,,mobile safari 11.0,,mobile,
3222470,Unknown,,,mobile safari 11.0,,mobile,
3222657,Found,,,chrome 63.0 for android,,mobile,PRA-LX3 Build/HUAWEIPRA-LX3
3228957,New,,Windows 10,firefox generic,1680x1050,desktop,Windows
3222897,Found,,,chrome 63.0,,desktop,Windows
3222830,New,,,opera 49.0,,desktop,
3222992,New,,,chrome 63.0,,desktop,Windows
3223051,New,,,chrome 63.0,,desktop,Windows
3223338,Unknown,,,safari generic,,desktop,
3223417,Found,,,chrome 58.0 for android,,mobile,HTC Desire 626s Build/LMY47O
3223382,New,,,ie 11.0 for desktop,,desktop,Trident/7.0
3223495,New,,,chrome 63.0,,desktop,
3223432,Found,,,chrome 63.0,,desktop,
3230073,New,,iOS 10.3.3,mobile safari 10.0,2048x1536,mobile,iOS Device
3223584,New,,,chrome generic for android,,mobile,SM-G610M Build/MMB29K
3223811,Unknown,,,mobile safari generic,,mobile,
3223783,Found,,,chrome 63.0,,desktop,Windows
3223794,New,,,chrome 63.0,,desktop,Windows
3223924,New,,,chrome generic for android,,mobile,SM-J700M Build/MMB29K
3224181,Unknown,,,mobile safari 11.0,,mobile,
3224167,New,,,chrome 63.0 for android,,mobile,SM-J700M Build/MMB29K
3224136,Found,,,chrome generic,,desktop,Windows
3224184,New,,,chrome,,mobile,
3224259,Found,,,chrome 63.0,,desktop,Windows
3224261,New,,,chrome 49.0 for android,,mobile,Blade A510 Build/MRA58K
3224359,New,,,chrome generic for android,,mobile,Lenovo K33b36 Build/NRD90N
3224305,Unknown,,,mobile safari 11.0,,mobile,
3224363,New,,,chrome 63.0,,desktop,Windows
3224432,New,,,chrome 63.0,,desktop,
3224446,New,,,mobile safari 11.0,,mobile,
3224407,Found,,,chrome 63.0,,desktop,Windows
3224421,New,,,firefox,,desktop,rv:58.0
3224582,New,,,ie 11.0 for desktop,,desktop,Trident/7.0
3224609,Unknown,,,mobile safari 11.0,,mobile,
3224657,Unknown,,,mobile safari 11.0,,mobile,
3224632,Unknown,,,mobile safari 11.0,,mobile,
3224638,Unknown,,,mobile safari 11.0,,mobile,
3224665,New,,,chrome 63.0 for android,,mobile,Lenovo K33b36 Build/MMB29M
3224644,Found,,,chrome 63.0 for android,,mobile,Lenovo K33b36 Build/MMB29M
3224630,Found,,,ie 11.0 for desktop,,desktop,Trident/7.0
3224679,New,,,chrome generic,,mobile,SM-A310M Build/LMY47X
3224673,Found,,,chrome 63.0 for android,,mobile,Lenovo K33b36 Build/MMB29M
3224695,New,,,chrome 63.0,,desktop,Windows
3224654,Found,,,chrome 63.0 for android,,mobile,Lenovo K33b36 Build/MMB29M
3224694,Unknown,,,chrome,,mobile,
3224733,New,,,chrome 63.0,,desktop,Windows
3224703,Found,,,other,,mobile,MOT-A6020l37 Build/LMY47V
3224728,Found,,,other,,mobile,MOT-A6020l37 Build/LMY47V
3224745,Found,,,chrome 63.0,,desktop,Windows
3224762,Found,,,chrome 63.0,,desktop,Windows
3224766,New,,,chrome 56.0 for android,,mobile,ALE-L23 Build/HuaweiALE-L23
3224792,New,,,chrome 63.0 for android,,mobile,F5121
3224785,New,,,chrome generic for android,,mobile,SM-G955U1 Build/NRD90M
3224803,New,,,chrome 63.0 for android,,mobile,LG-X210 Build/LMY47I
3224822,New,,,chrome 63.0 for android,,mobile,Lenovo K33b36 Build/MMB29M
3224812,Found,,,chrome 63.0 for android,,mobile,Lenovo K33b36 Build/MMB29M
3224815,Found,,,chrome 63.0,,desktop,
3224840,New,,,chrome 63.0,,desktop,Windows
3224909,New,,,samsung browser 6.2,,mobile,SAMSUNG SM-J700M Build/MMB29K
3225102,New,,,chrome 63.0 for android,,mobile,Lenovo K33b36 Build/MMB29M
3225279,Found,,,chrome 63.0,,desktop,Windows
3225409,Found,,,chrome 63.0,,desktop,Windows
3225350,New,,,firefox 58.0,,desktop,Windows
3225408,New,,,chrome 61.0 for android,,mobile,LG-X230 Build/MRA58K
3225398,Found,,,firefox 58.0,,desktop,Windows
3242771,Found,,Windows Vista,firefox 52.0,1152x864,desktop,Windows
3225552,Found,,,chrome 64.0 for android,,mobile,HUAWEI TAG-L13 Build/HUAWEITAG-L13
3242903,Found,,Windows Vista,firefox 52.0,1152x864,desktop,Windows
3225576,New,,,firefox 58.0,,desktop,Windows
3225758,New,,,chrome 63.0,,desktop,Windows
3225771,Found,,,chrome 63.0,,desktop,Windows
3225945,New,,,chrome 63.0,,desktop,
3225970,Found,,,safari generic,,desktop,
3225980,Found,,,safari generic,,desktop,
3226081,New,,,chrome 63.0,,desktop,Windows
3226249,New,,,ie 11.0 for desktop,,desktop,Trident/7.0
3226280,Unknown,,,mobile safari generic,,mobile,
3226364,Unknown,,,mobile safari generic,,mobile,
3226317,Unknown,,,mobile safari generic,,mobile,
3226473,New,,,chrome generic,,mobile,Moto E (4) Build/NMA26.42-69
3226474,Found,IP_PROXY:ANONYMOUS,,ie 11.0 for desktop,,desktop,rv:11.0
3226611,Found,,,chrome 63.0,,desktop,
3226650,New,,,chrome 64.0,,desktop,
3226667,New,,,chrome 64.0,,desktop,Windows
3226676,Found,,,chrome 64.0,,desktop,
3226755,Found,,,chrome 64.0,,desktop,
3226847,New,,,chrome 63.0 for android,,mobile,MotoG3 Build/MPIS24.65-33.1-2-16
3226818,New,,,chrome 63.0,,desktop,Windows
3226902,New,,,chrome generic,,mobile,Moto G (4) Build/NPJS25.93-14-13
3226932,New,,,firefox,,desktop,rv:42.0
3226990,Unknown,,,mobile safari generic,,mobile,
3226988,New,,,chrome 63.0 for android,,mobile,SM-G935F Build/NRD90M
3227022,New,,,chrome 63.0,,desktop,Windows
3227152,Unknown,,,mobile safari generic,,mobile,
3227164,New,,,chrome 64.0,,desktop,Windows
3227263,Unknown,,,mobile safari generic,,mobile,
3224188,Found,,Android,chrome 63.0,801x480,mobile,
3227364,New,,,mobile safari generic,,mobile,
3227395,Unknown,,,Generic/Android 7.0,,mobile,rv:58.0
3227344,New,,,chrome 64.0 for android,,mobile,SM-J710MN Build/MMB29K
3227389,Found,,,chrome 63.0,,desktop,Windows
3227352,New,,,chrome 49.0 for android,,mobile,E5506 Build/29.1.A.0.101
3227430,New,,,chrome 63.0,,desktop,
3227410,New,,,chrome 55.0 for android,,mobile,8050G Build/LMY47I
3227420,Found,,,chrome 63.0,,desktop,Windows
3227427,New,,,chrome 64.0,,desktop,
3227468,New,,,chrome 63.0,,desktop,Windows
3227528,New,,,chrome 63.0,,desktop,Windows
3227553,New,,,mobile safari generic,,mobile,
3227646,Unknown,,,mobile safari generic,,mobile,
3227676,Unknown,,,mobile safari generic,,mobile,
3227667,Found,,,chrome 61.0 for android,,mobile,CAM-L03 Build/HUAWEICAM-L03
3227718,Unknown,,,mobile safari generic,,mobile,
3227717,Unknown,,,mobile safari generic,,mobile,
3227712,New,,,chrome 63.0,,desktop,
3227725,Found,,,chrome 64.0,,desktop,Windows
3227868,New,,,chrome 63.0,,desktop,Windows
3227874,New,,,chrome 55.0 for android,,mobile,Hisense L675 Build/MRA58K
3227882,Found,,,chrome 63.0 for android,,mobile,SM-G355M Build/KOT49H
3227883,New,,,chrome 63.0,,desktop,Windows
3227983,Found,,,chrome 63.0 for android,,mobile,LG-K200 Build/MXB48T
3228000,Found,,,chrome 63.0,,desktop,Windows
3228001,New,,,chrome 64.0,,desktop,Windows
3228171,Found,,,chrome 63.0 for android,,mobile,SM-G610M Build/MMB29K
3228223,New,,,chrome 63.0,,desktop,Windows
3228394,Found,,,chrome 63.0,,desktop,Windows
3228356,Found,,,chrome 63.0,,desktop,Windows
3228431,Unknown,,,mobile safari generic,,mobile,
3228373,Unknown,,,mobile safari generic,,mobile,
3235562,New,,iOS 11.2.5,mobile safari generic,2208x1242,mobile,iOS Device
3235590,Found,,iOS 11.2.5,mobile safari generic,2208x1242,mobile,iOS Device
3228564,Unknown,,,mobile safari generic,,mobile,
3228532,New,,,chrome 63.0,,desktop,
3228676,Found,,,chrome 63.0,,desktop,Windows
3228685,Unknown,,,mobile safari generic,,mobile,
3228686,Unknown,,,mobile safari generic,,mobile,
3228738,Found,,,chrome 63.0,,desktop,Windows
3228873,Found,,,chrome 63.0,,desktop,
3228910,Found,,,chrome 63.0,,desktop,
3228965,Found,,,chrome 63.0,,desktop,
3229002,New,,,chrome 63.0 for android,,mobile,SM-J730GM Build/NRD90M
3228996,Unknown,,,mobile safari generic,,mobile,
3229005,Unknown,,,mobile safari generic,,mobile,
3229211,New,,,chrome 63.0,,desktop,Windows
3229214,New,,,chrome 63.0,,desktop,
3229151,Unknown,,,mobile safari generic,,mobile,
3229170,Found,,,chrome 63.0,,desktop,
3229229,Found,,,chrome 63.0,,desktop,Windows
3229226,Found,,,chrome 63.0,,desktop,Windows
3229246,Found,,,chrome 63.0,,desktop,Windows
3229184,Found,,,chrome 63.0,,desktop,Windows
3229307,Found,,,ie 11.0 for desktop,,desktop,Trident/7.0
3229286,Found,,,chrome 63.0,,desktop,Windows
3229331,Found,,,chrome 63.0,,desktop,Windows
3229323,Found,,,chrome 63.0 for android,,mobile,G3313 Build/43.0.A.5.79
3229398,Unknown,,,mobile safari generic,,mobile,
3229364,New,,,chrome 64.0 for android,,mobile,SM-J730GM Build/NRD90M
3229528,Found,,,chrome 63.0,,desktop,Windows
3229483,New,,,chrome 63.0,,desktop,
3229524,Found,,,chrome 64.0 for android,,mobile,SM-J730GM Build/NRD90M
3229633,Found,,,chrome 64.0 for android,,mobile,SM-J730GM Build/NRD90M
3229621,Found,,,chrome 64.0 for android,,mobile,SM-J730GM Build/NRD90M
3229579,Found,,,chrome 64.0 for android,,mobile,SM-J730GM Build/NRD90M
3229599,Found,,,chrome 64.0 for android,,mobile,SM-G935F Build/NRD90M
3229733,Found,,,firefox 58.0,,desktop,Windows
3229663,Found,,,chrome 62.0 for android,,mobile,5054S Build/LMY47V
3229723,Found,,,chrome 63.0,,desktop,Windows
3230032,New,,,chrome,,mobile,4013M Build/KOT49H
3230186,New,,,ie 11.0 for desktop,,desktop,Trident/7.0
3230201,New,,,chrome 63.0,,desktop,Windows
3230194,Found,,,chrome 63.0,,desktop,Windows
3230230,New,,,chrome 63.0 for android,,mobile,SM-J730GM Build/NRD90M
3230270,Found,,,chrome 63.0,,desktop,Windows
3230393,Found,,,chrome 63.0,,desktop,Windows
3230409,Found,,,chrome 63.0,,desktop,Windows
3230363,Found,,,chrome 63.0,,desktop,Windows
3230500,Found,,,chrome 63.0,,desktop,Windows
3230403,New,,,chrome 63.0,,desktop,Windows
3230493,Found,,,chrome 63.0,,desktop,Windows
3230484,Found,,,chrome 63.0,,desktop,Windows
3230593,New,,,chrome 63.0,,desktop,Windows
3230588,Unknown,,,mobile safari generic,,mobile,
3230736,New,,,chrome 63.0 for android,,mobile,MotoG3 Build/MPI24.65-33.1-2
3230731,New,,,chrome 63.0,,desktop,
3230776,New,,,chrome 63.0 for android,,mobile,BLADE L7 Build/MRA58K
3230761,Found,,,chrome 63.0,,desktop,
3230782,New,,,chrome 64.0,,desktop,Windows
3230760,Found,,,chrome 63.0,,desktop,
3230786,New,,,chrome 63.0,,desktop,Windows
3230742,,,,,,,
3230832,Found,,,chrome 63.0,,desktop,
3230765,New,,,chrome generic,,mobile,LG-D693n Build/LRX22G
3230764,,,,,,,
3230885,Unknown,,,mobile safari generic,,mobile,
3237854,New,,Mac OS X 10_13_2,chrome 63.0,2880x1800,desktop,MacOS
3230888,Unknown,,,mobile safari generic,,mobile,
3230884,Unknown,,,mobile safari generic,,mobile,
3230947,New,,,samsung browser 6.2,,mobile,SAMSUNG SM-J730GM Build/NRD90M
3230921,Found,,,chrome 63.0,,desktop,Windows
3230950,Found,,,other,,mobile,Lenovo-A6020l36 Build/LMY47V
3231055,New,,,ie 11.0 for desktop,,desktop,Trident/7.0
3231017,Found,,,mobile safari generic,,mobile,
3231043,Found,,,chrome 63.0,,desktop,Windows
3231073,Found,,,chrome 63.0,,desktop,Windows
3231091,New,,,android webview 4.0,,mobile,Android 6.0
3231178,New,,,samsung browser 6.2,,mobile,SAMSUNG SM-G950F Build/NRD90M
3231142,Found,,,android webview 4.0,,mobile,Android 6.0
3231239,Found,,,chrome 63.0 for android,,mobile,HTC Desire 10 lifestyle Build/MMB29M
3231260,New,,,chrome 64.0 for android,,mobile,Turbo C5 Build/LMY47I
3231228,New,,,chrome 64.0,,desktop,Windows
3231282,New,,,chrome 63.0,,desktop,Windows
3231308,Found,,,chrome 63.0 for android,,mobile,BAC-L03 Build/HUAWEIBAC-L03
3231408,New,,,chrome 49.0,,desktop,
3231425,New,,,safari generic,,desktop,
3231424,New,,,chrome 49.0,,desktop,
3231417,New,,,chrome 64.0 for android,,mobile,ALE-L23 Build/HuaweiALE-L23
3231443,New,,,chrome 49.0,,desktop,
3235029,New,,iOS 11.2.2,mobile safari generic,1334x750,mobile,iOS Device
3231499,Found,,,chrome 63.0,,desktop,Windows
3231532,New,,,chrome 63.0 for android,,mobile,SM-G610M Build/MMB29K
3231538,Found,,,chrome 64.0 for android,,mobile,Turbo C5 Build/LMY47I
3231548,New,,,chrome 63.0,,desktop,Windows
3231557,New,,,chrome 51.0 for android,,mobile,F3113 Build/33.2.A.3.81
3231612,Found,,,chrome 63.0,,desktop,
3231610,Found,,,chrome 63.0,,desktop,
3231644,Found,,,chrome 63.0 for android,,mobile,LG-K500 Build/MMB29M
3231815,Found,,,chrome 63.0,,desktop,Windows
3232157,Found,,,chrome 63.0,,desktop,Windows
3232321,Unknown,,,mobile safari generic,,mobile,
3232534,New,,,chrome 63.0,,desktop,Windows
3232897,Found,,,chrome 63.0 for android,,mobile,BAC-L03 Build/HUAWEIBAC-L03
3232868,Found,,,chrome 63.0 for android,,mobile,BAC-L03 Build/HUAWEIBAC-L03
3232900,Found,,,chrome 63.0 for android,,mobile,ZTE Blade A511 Build/MRA58K
3233144,New,,,chrome 63.0,,desktop,Windows
3233126,New,,,chrome 64.0,,desktop,Windows
3233486,Found,,,chrome 63.0,,desktop,Windows
3233526,Unknown,,,safari generic,,desktop,
3233509,Found,,,chrome 51.0 for android,,mobile,F3113 Build/33.2.A.3.81
3233485,Found,,,chrome 51.0 for android,,mobile,F3113 Build/33.2.A.3.81
3233591,New,,,samsung browser 6.2,,mobile,SAMSUNG SM-J700M Build/MMB29K
3233820,Found,,,chrome 64.0 for android,,mobile,TA-1039 Build/NMF26F
3233879,Found,,,chrome 64.0 for android,,mobile,TA-1039 Build/NMF26F
3233959,New,,,samsung browser 6.2,,mobile,SAMSUNG SM-J730GM Build/NRD90M
3237339,New,,Mac OS X 10_10_5,safari generic,1440x900,desktop,MacOS
3237387,Found,,Mac OS X 10_10_5,safari generic,1440x900,desktop,MacOS
3234059,Unknown,,,mobile safari generic,,mobile,
3244254,Unknown,,,chrome 63.0,,desktop,
3234158,New,,,chrome 63.0 for android,,mobile,SM-J111M Build/LMY47V
3234250,Unknown,,,mobile safari generic,,mobile,
3234190,New,,,chrome 63.0 for android,,mobile,Moto X Play Build/NPD26.48-24-1
3234353,New,,,chrome 63.0,,desktop,Windows
3234435,New,,,mobile safari generic,,mobile,
3234460,New,,,other,,mobile,Lenovo-A6020l36 Build/LMY47V
3234493,New,,,samsung browser 6.2,,mobile,SAMSUNG
3234541,New,,,chrome 56.0 for android,,mobile,SM-P580 Build/NRD90M
3234554,Found,,,chrome 56.0 for android,,mobile,SM-P580 Build/NRD90M
3234600,New,,,chrome 64.0 for android,,mobile,TA-1039 Build/N2G47H
3234576,Found,,,chrome 64.0 for android,,mobile,TA-1039 Build/N2G47H
3234593,New,,,chrome 64.0 for android,,mobile,SM-J730GM Build/NRD90M
3234634,New,,,chrome 63.0,,desktop,Windows
3234638,Found,,,chrome 56.0 for android,,mobile,SM-P580 Build/NRD90M
3234768,New,,,chrome 62.0 for android,,mobile,HTC Desire 530 Build/MMB29M
3234778,New,,,chrome 63.0 for android,,mobile,HUAWEI VNS-L23 Build/HUAWEIVNS-L23
3234779,Found,,,ie 11.0 for desktop,,desktop,rv:11.0
3234868,Unknown,,,mobile safari generic,,mobile,
3234866,New,,,chrome 64.0,,desktop,Windows
3250930,New,,Mac OS X 10_9_5,chrome 63.0,1280x800,desktop,MacOS
3234905,New,,,chrome 64.0,,desktop,
3234934,Found,,,chrome 64.0 for android,,mobile,LG-H990 Build/NRD90M
3234913,New,,,chrome generic,,mobile,Moto E (4) Plus Build/NMA26.42-69
3235022,Found,,,mobile safari generic,,mobile,
3235091,New,,,chrome 64.0 for android,,mobile,Moto X Play Build/NPD26.48-24-1
3235188,Found,,,chrome 61.0 for android,,mobile,Redmi Note 4 Build/NRD90M
3235197,New,,,chrome 61.0 for android,,mobile,Redmi Note 4 Build/NRD90M
3235262,New,,,chrome 64.0 for android,,mobile,Lenovo K33b36 Build/NRD90N
3235302,Found,,,chrome 63.0,,desktop,Windows
3235469,Found,,,chrome 63.0,,desktop,Windows
3235707,Unknown,,,mobile safari generic,,mobile,
3235833,New,,,chrome 63.0,,desktop,Windows
3235855,Found,,,chrome 63.0,,desktop,Windows
3235879,Found,,,chrome 63.0,,desktop,Windows
3235813,New,,,chrome 64.0 for android,,mobile,LG-K410 Build/LRX22G
3235846,New,,,ie 11.0 for desktop,,desktop,Trident/7.0
3235918,New,,,chrome 63.0,,desktop,Windows
3236131,Unknown,,,mobile safari generic,,mobile,
3236343,New,,,chrome 60.0,,desktop,Windows
3236460,New,,,chrome 63.0,,desktop,Windows
3236399,New,,,chrome 63.0 for android,,mobile,HUAWEI Y520-U03 Build/HUAWEIY520-U03
3236416,Found,,,chrome 63.0 for android,,mobile,CHC-U03 Build/HuaweiCHC-U03
3236578,New,,,chrome 63.0,,desktop,
3236577,Found,,,chrome 63.0,,desktop,
3236602,New,,,chrome 63.0 for android,,mobile,SM-J200M Build/LMY47X
3236595,Unknown,,,mobile safari generic,,mobile,
3236619,Found,,,chrome 63.0 for android,,mobile,SM-J200M Build/LMY47X
3236562,New,,,chrome 64.0 for android,,mobile,5010S Build/MRA58K
3236672,Found,,,mobile safari generic,,mobile,
3236654,New,,,chrome 63.0,,desktop,
3236670,Found,,,chrome 63.0,,desktop,
3236751,New,,,opera,,desktop,
3236685,Found,,,chrome 63.0 for android,,mobile,SM-J200M Build/LMY47X
3236814,,,,,,,
3237020,New,,,other,,mobile,MYA-L13 Build/HUAWEIMYA-L13
3237053,Unknown,,,mobile safari generic,,mobile,
3236995,Found,,,other,,mobile,MYA-L13 Build/HUAWEIMYA-L13
3237072,Unknown,,,mobile safari generic,,mobile,
3237369,New,,,chrome 63.0,,desktop,
3237388,New,,,chrome,,desktop,
3234327,,,,,,,
3237596,Found,,,chrome 64.0 for android,,mobile,SM-J700M Build/MMB29K
3237820,Found,,,chrome 62.0,,desktop,Windows
3237827,New,,,firefox 58.0,,desktop,Windows
3237961,New,,,edge 15.0,,desktop,Windows
3237943,Found,,,chrome 63.0,,desktop,Windows
3238196,Found,,,chrome 57.0 for android,,mobile,SM-J320M Build/LMY47V
3238186,New,,,chrome 63.0,,desktop,
3238356,New,,,chrome generic,,mobile,Moto G (5) Build/NPP25.137-72
3238395,New,,,mobile safari generic,,mobile,
3241885,New,,Windows 10,chrome 63.0,1920x1080,desktop,Windows
3238427,New,,,chrome 64.0,,desktop,Windows
3238456,Found,,,chrome 64.0,,desktop,Windows
3254075,Found,,Android 6.0.1,samsung browser 6.2,1280x720,mobile,SAMSUNG SM-S727VL Build/MMB29M
3238491,Found,,,chrome 63.0,,desktop,
3238499,Found,,,edge 16.0,,desktop,Windows
3238540,New,,,chrome 64.0,,desktop,Windows
3238525,Unknown,,,mobile safari generic,,mobile,
3238550,Found,,,chrome 64.0,,desktop,Windows
3238577,New,,,chrome 64.0,,desktop,Windows
3238586,New,,,chrome 64.0,,desktop,Windows
3238602,New,,,chrome 64.0 for android,,mobile,TRT-L53 Build/HUAWEITRT-L53
3238671,Found,,,chrome 60.0 for android,,mobile,SM-J701M Build/NRD90M
3238683,Found,,,chrome 60.0 for android,,mobile,SM-J701M Build/NRD90M
3238699,Found,,,chrome 60.0 for android,,mobile,SM-J701M Build/NRD90M
3238694,Found,,,chrome 60.0 for android,,mobile,SM-J701M Build/NRD90M
3238872,New,,,samsung browser 6.2,,mobile,SAMSUNG SM-A720F Build/NRD90M
3238897,Found,,,chrome 60.0 for android,,mobile,SM-J701M Build/NRD90M
3238914,Unknown,,,safari generic,,desktop,
3242401,New,,iOS 11.1.0,mobile safari generic,1334x750,mobile,iOS Device
3239072,Found,,,chrome 63.0,,desktop,
3239083,Unknown,,,safari generic,,desktop,
3239093,New,,,M4Tel/M4,,mobile,M4 SS4456 Build/LMY47V
3239128,New,,,chrome 64.0 for android,,mobile,WAS-LX3 Build/HUAWEIWAS-LX3
3239182,Unknown,,,mobile safari generic,,mobile,
3239225,New,,,mobile safari generic,,mobile,
3239328,Unknown,,,mobile safari generic,,mobile,
3245947,New,,iOS 11.2.2,mobile safari generic,1334x750,mobile,iOS Device
3239619,Found,,,edge 16.0,,desktop,Windows
3243059,New,,iOS 11.2.2,mobile safari generic,2208x1242,mobile,iOS Device
3239791,Found,,,edge 16.0,,desktop,Windows
3239820,Found,,,samsung browser 6.2,,mobile,SAMSUNG SM-G925F Build/NRD90M
3239923,New,,,chrome 64.0 for android,,mobile,SM-G531H Build/LMY48B
3239929,Unknown,,,mobile safari generic,,mobile,
3239956,New,,,chrome 63.0 for android,,mobile,LG-K240 Build/MXB48T
3240218,New,,,chrome 64.0 for android,,mobile,MotoG3 Build/MPIS24.65-33.1-2-16
3240257,Found,,,chrome 63.0,,desktop,Windows
3240313,Found,,,chrome 63.0,,desktop,Windows
3240329,New,,,chrome 61.0 for android,,mobile,5010G Build/MRA58K
3240528,New,,,chrome 63.0 for android,,mobile,AX1070
3240468,Found,,,comodo,,desktop,
3240685,Found,,,chrome 64.0 for android,,mobile,PRA-LX3 Build/HUAWEIPRA-LX3
3240663,Found,,,chrome 64.0 for android,,mobile,PRA-LX3 Build/HUAWEIPRA-LX3
3240714,New,,,chrome 64.0 for android,,mobile,SM-J320M Build/LMY47V
3240820,New,,,firefox 58.0,,desktop,rv:58.0
3240772,New,,,chrome 64.0,,desktop,Windows
3240805,Found,,,firefox 58.0,,desktop,rv:58.0
3240833,Found,,,firefox 58.0,,desktop,rv:58.0
3240897,New,,,chrome 63.0,,desktop,Windows
3240939,Unknown,,,mobile safari generic,,mobile,
3240944,New,,,chrome generic,,mobile,Moto G (5) Build/NPP25.137-72
3240935,New,,,chrome 64.0 for android,,mobile,SM-G570M Build/MMB29K
3240972,Found,,,chrome 63.0,,desktop,Windows
3241237,Found,,,chrome 63.0,,desktop,
3237870,New,,iOS 11.0.3,mobile safari generic,2208x1242,mobile,iOS Device
3241584,Unknown,,,mobile safari generic,,mobile,
3241657,Unknown,,,mobile safari generic,,mobile,
3241642,Found,,,mobile safari generic,,mobile,
3241678,Found,,,chrome generic,,mobile,Moto G (5) Build/NPP25.137-93
3241748,Found,,,chrome 63.0 for android,,mobile,LG-H870 Build/NRD90U
3241873,New,,,chrome 49.0,,desktop,
3241983,New,,,chrome 63.0,,desktop,Windows
3242018,Found,,,firefox 58.0,,desktop,rv:58.0
3242049,New,,,chrome 64.0 for android,,mobile,HUAWEI TAG-L13 Build/HUAWEITAG-L13
3242048,Found,,,chrome 64.0 for android,,mobile,HUAWEI TAG-L13 Build/HUAWEITAG-L13
3242047,Found,,,chrome 64.0 for android,,mobile,HUAWEI TAG-L13 Build/HUAWEITAG-L13
3242031,Found,,,chrome 64.0 for android,,mobile,HUAWEI TAG-L13 Build/HUAWEITAG-L13
3242056,Found,,,chrome generic,,mobile,Moto G (4) Build/NPJ25.93-14.7
3242114,Unknown,,,mobile safari generic,,mobile,
3242272,New,,,chrome generic,,mobile,Moto E (4) Build/NMA26.42-19
3242690,Found,,,chrome 64.0 for android,,mobile,HUAWEI TAG-L13 Build/HUAWEITAG-L13
3242615,Found,,,chrome 64.0 for android,,mobile,HUAWEI TAG-L13 Build/HUAWEITAG-L13
3242623,Found,,,chrome 64.0 for android,,mobile,HUAWEI TAG-L13 Build/HUAWEITAG-L13
3242786,Found,,,chrome 64.0 for android,,mobile,Lenovo K33b36 Build/MMB29M
3243057,Found,,,chrome 63.0,,desktop,
3243127,New,,,ie 11.0 for desktop,,desktop,Trident/7.0
3243143,New,,,chrome 63.0,,desktop,Windows
3243368,Found,,,chrome 63.0,,desktop,
3243564,,,,,,,
3243592,New,,,chrome 64.0,,desktop,Windows
3243975,New,,,chrome 64.0 for android,,mobile,SM-J700M Build/MMB29K
3244141,New,,,ie 11.0 for desktop,,desktop,Trident/7.0
3244325,New,,,chrome 64.0,,desktop,
3244725,New,,,chrome 64.0 for android,,mobile,MYA-L13 Build/HUAWEIMYA-L13
3244868,Found,,,chrome 64.0 for android,,mobile,SM-N920C Build/NRD90M
3244860,Found,,,chrome 64.0 for android,,mobile,SM-T530 Build/LRX22G
3244894,Found,,,other,,mobile,Lenovo-A6020l36 Build/LMY47V
3259727,New,,,firefox,,mobile,rv:57.0
3244949,New,,,chrome 63.0,,desktop,Windows
3244932,Found,,,chrome 63.0 for android,,mobile,G3313 Build/43.0.A.5.79
3244987,,,,,,,
3245015,Found,,,chrome 63.0,,desktop,
3245030,New,,,chrome 63.0,,desktop,Windows
3245088,Found,,,chrome 63.0,,desktop,Windows
3245070,Found,,,chrome 63.0,,desktop,Windows
3245094,Found,,,chrome 63.0,,desktop,Windows
3245101,New,,,Samsung/SM-G532M,,mobile,SM-G532M Build/MMB29T
3245338,New,,,mobile safari generic,,mobile,
3245413,New,,,mobile safari generic,,mobile,
3245550,Found,,,Samsung/SM-G532M,,mobile,SM-G532M Build/MMB29T
3245649,New,,,chrome 63.0,,desktop,
3245714,New,,,chrome 63.0,,desktop,Windows
3245726,New,,,chrome 64.0,,desktop,Windows
3245708,New,,,chrome 64.0 for android,,mobile,SM-G955F Build/NRD90M
3246048,New,,,chrome generic,,mobile,Moto G (4) Build/NPJ25.93-14.7
3246021,Found,,,chrome generic,,mobile,Moto G (4) Build/NPJ25.93-14.7
3246114,Found,,,chrome 63.0,,desktop,Windows
3246156,Found,,,safari generic,,desktop,
3246187,Found,,,chrome 63.0,,desktop,Windows
3246186,Found,,,chrome 64.0,,desktop,Windows
3246385,New,,,chrome 63.0,,desktop,
3246434,New,,,chrome 63.0,,desktop,
3246539,New,,,chrome 62.0 for android,,mobile,Ilium LT500 Build/LMY47O
3246515,New,,,chrome 64.0,,desktop,
3246532,Found,,,chrome 63.0,,desktop,Windows
3246574,New,,,chrome 63.0,,desktop,
3247000,Unknown,,,chrome 63.0,,desktop,Windows
3247180,Found,,Windows 10,edge 16.0,1600x900,desktop,Windows
3247279,New,,,chrome 64.0,,desktop,
3247325,New,,,chrome 63.0,,desktop,Windows
3247428,New,,,chrome 62.0 for android,,mobile,MYA-L13 Build/HUAWEIMYA-L13
3247442,New,,,ie 11.0 for desktop,,desktop,Trident/7.0
3247462,Found,,,chrome 62.0 for android,,mobile,MYA-L13 Build/HUAWEIMYA-L13
3247430,Found,,,other,,mobile,Lenovo-A6020l36 Build/LMY47V
3247465,Found,,,chrome 62.0 for android,,mobile,MYA-L13 Build/HUAWEIMYA-L13
3247558,Found,,,chrome 63.0,,desktop,Windows
3247647,Found,,,chrome 63.0,,desktop,Windows
3247628,Found,,,chrome 63.0,,desktop,Windows
3247627,Found,,,edge 16.0,,desktop,Windows
3247735,New,,,chrome 63.0 for android,,mobile,HTC Desire 526G Build/KOT49H
3247805,Found,,,chrome generic,,mobile,Moto G (5) Build/NPP25.137-72
3247825,New,,,ie 11.0 for desktop,,desktop,Trident/7.0
3247862,Found,,,chrome 63.0,,desktop,
3247856,New,,,mobile safari generic,,mobile,
3247933,New,,,samsung browser 6.2,,mobile,SAMSUNG SM-G610M Build/MMB29K
3247983,New,,,chrome 63.0,,desktop,
3248065,New,,,chrome 64.0,,desktop,Windows
3248044,Unknown,,,mobile safari generic,,mobile,
3248030,New,,,chrome 63.0,,desktop,Windows
3248043,Found,,,chrome 63.0,,desktop,Windows
3248046,Found,,,chrome 63.0,,desktop,Windows
3248086,Found,,,chrome 63.0,,desktop,Windows
3248104,Found,,,chrome 63.0,,desktop,Windows
3248056,Found,,,chrome 63.0,,desktop,Windows
3248081,Found,,,chrome 63.0,,desktop,Windows
3248080,New,,,chrome 63.0,,desktop,Windows
3248082,New,,,chrome generic,,mobile,Moto G (5) Build/NPP25.137-38
3248107,Found,,,chrome 63.0,,desktop,Windows
3248135,New,,,chrome 63.0 for android,,mobile,HUAWEI CUN-L03 Build/HUAWEICUN-L03
3248169,New,,,chrome 64.0 for android,,mobile,SM-N950F Build/NMF26X
3248236,New,,,chrome 64.0,,desktop,Windows
3248269,New,,,chrome 63.0,,desktop,
3248265,New,,,chrome 63.0 for android,,mobile,M4 SS4453 Build/MMB29M
3248819,Unknown,,,mobile safari generic,,mobile,
3248879,New,,,chrome 64.0 for android,,mobile,SM-G530H Build/LRX22G
3248921,New,,,mobile safari generic,,mobile,
3248867,Found,,,chrome 63.0 for android,,mobile,Moto X Play Build/NPD26.48-24-1
3248942,New,,,chrome 64.0,,desktop,Windows
3249009,New,,,chrome 63.0,,desktop,
3249042,Found,,,chrome 63.0,,desktop,Windows
3249197,New,,,chrome 63.0 for android,,mobile,HTC Desire 530 Build/MMB29M
3249217,New,,,chrome 64.0,,desktop,
3249213,Found,,,chrome 64.0,,desktop,
3249421,New,,,chrome 64.0,,desktop,Windows
3249458,Found,,,chrome 64.0,,desktop,Windows
3249534,Found,,,chrome 64.0,,desktop,Windows
3249561,Found,,,chrome 64.0,,desktop,Windows
3249498,Found,,,ie 11.0 for desktop,,desktop,Trident/7.0
3249650,Found,,,chrome 63.0,,desktop,Windows
3249573,New,,,chrome 63.0 for android,,mobile,HUAWEI CUN-L03 Build/HUAWEICUN-L03
3249664,Found,,,chrome 63.0,,desktop,
3249674,Found,,,chrome 63.0,,desktop,
3249741,Found,,,chrome 63.0,,desktop,
3249783,New,,,chrome 63.0 for android,,mobile,LG-K220 Build/MXB48T
3249908,New,,,chrome 63.0,,desktop,
3250078,New,,,chrome 63.0,,desktop,Windows
3250255,Unknown,,,mobile safari generic,,mobile,
3264917,New,,,chrome 64.0,,desktop,
3250329,New,,,firefox 58.0,,desktop,Windows
3250363,Found,,,chrome generic,,mobile,Moto G (4) Build/NPJS25.93-14-13
3250418,Found,,,chrome generic,,mobile,Moto G (4) Build/NPJS25.93-14-13
3250498,Found,,,chrome 64.0 for android,,mobile,SM-J700M Build/MMB29K
3250439,New,,,chrome 64.0,,desktop,Windows
3265139,Found,,,chrome 64.0,,desktop,
3265108,Found,,,chrome 64.0,,desktop,
3250526,Unknown,,,mobile safari generic,,mobile,
3265222,Found,,,chrome 64.0,,desktop,
3265203,Found,,,chrome 64.0,,desktop,
3250585,New,,,chrome 64.0,,desktop,Windows
3250642,Found,,,chrome 64.0,,desktop,Windows
3250609,Found,,,chrome 64.0,,desktop,Windows
3250647,New,,,chrome 64.0 for android,,mobile,Moto G Play Build/MPIS24.241-15.3-26
3247679,New,,iOS 11.1.2,mobile safari generic,2436x1125,mobile,iOS Device
3247726,Found,,iOS 11.1.2,mobile safari generic,2436x1125,mobile,iOS Device
3247646,Found,,iOS 11.1.2,mobile safari generic,2436x1125,mobile,iOS Device
3250677,New,,,chrome 63.0,,desktop,Windows
3250785,Unknown,,,mobile safari generic,,mobile,
3250844,New,,,chrome 64.0,,desktop,Windows
3250868,Unknown,,,mobile safari generic,,mobile,
3250884,New,,,chrome 64.0 for android,,mobile,Ilium X710 Build/MRA58K
3250936,Unknown,,,mobile safari generic,,mobile,
3250940,Found,,,chrome 64.0 for android,,mobile,Ilium X710 Build/MRA58K
3250908,Found,,,chrome 64.0 for android,,mobile,Ilium X710 Build/MRA58K
3250966,Found,,,chrome 64.0 for android,,mobile,Ilium X710 Build/MRA58K
3250941,New,,,firefox 58.0,,desktop,Windows
3250934,Found,,,chrome 64.0 for android,,mobile,Ilium X710 Build/MRA58K
3250992,Found,,,chrome 64.0 for android,,mobile,SM-J710MN Build/MMB29K
3250979,New,,,firefox 58.0,,desktop,Windows
3251025,New,,,chrome 63.0,,desktop,Windows
3251050,New,,,firefox 57.0,,desktop,Linux i686
3251045,New,,,chrome 64.0 for android,,mobile,LG-K500 Build/MMB29M
3251062,New,,,ie 11.0 for desktop,,desktop,Trident/7.0
3251075,Unknown,,,mobile safari generic,,mobile,
3251110,Unknown,,,mobile safari generic,,mobile,
3251160,New,,,mobile safari generic,,mobile,
3251349,New,,,chrome 62.0 for android,,mobile,MotoG3 Build/MPIS24.65-33.1-2-16
3251375,New,,,chrome generic,,mobile,Moto G (5) Plus Build/NPN25.137-72
3251530,Found,,,chrome 57.0 for android,,mobile,SM-J320M Build/LMY47V
3251749,New,,,chrome 64.0,,desktop,Windows
3251718,New,,,chrome 63.0,,desktop,Windows
3251816,Found,,,chrome 64.0,,desktop,Windows
3251845,Found,,,chrome 64.0,,desktop,Windows
3252087,Found,,,chrome 63.0,,desktop,Windows
3266807,New,,,chrome 63.0 for android,,mobile,Z9 PLUS Build/NRD90M
3252105,New,,,chrome 63.0,,desktop,Windows
3252139,New,,,chrome 64.0,,desktop,Windows
3252218,New,,,chrome 64.0,,desktop,Windows
3252196,New,,,chrome 64.0,,desktop,Windows
3252283,New,,,chrome 64.0,,desktop,Windows
3252269,New,,,chrome 64.0,,desktop,
3252266,New,,,chrome 64.0,,desktop,
3252372,New,,,chrome 64.0,,desktop,Windows
3252399,Found,,,chrome generic,,mobile,Moto G (5) Plus Build/NPN25.137-72
3252390,New,,,samsung browser 6.2,,mobile,SAMSUNG SM-J710MN Build/MMB29K
3252519,New,,,chrome 64.0 for android,,mobile,RNE-L03 Build/HUAWEIRNE-L03
3252438,Found,,,chrome 64.0,,desktop,Windows
3252567,New,,,chrome 63.0,,desktop,Windows
3252695,New,,,chrome 64.0 for android,,mobile,HUAWEI
3252740,Unknown,,,mobile safari generic,,mobile,
3252731,New,,,chrome 64.0,,desktop,
3252747,Found,,,chrome 61.0 for android,,mobile,Dash
3267644,Found,,,chrome 63.0 for android,,mobile,Z9 PLUS Build/NRD90M
3267708,Found,,,chrome 63.0 for android,,mobile,Z9 PLUS Build/NRD90M
3253040,New,,,chrome 63.0,,desktop,Windows
3267875,Found,,,chrome 63.0 for android,,mobile,Z9 PLUS Build/NRD90M
3253146,Found,,,chrome 64.0,,desktop,Windows
3253158,Found,,,chrome 64.0,,desktop,Windows
3258981,Found,,Windows 10,edge 16.0,1920x1080,desktop,Windows
3253136,New,,,chrome 64.0,,desktop,Windows
3253137,New,,,firefox 58.0,,desktop,rv:58.0
3253200,Found,,,chrome 64.0,,desktop,Windows
3253222,Found,,,firefox 58.0,,desktop,Windows
3253180,Found,,,firefox 58.0,,desktop,Windows
3253252,Unknown,,,mobile safari generic,,mobile,
3253377,New,,,chrome 64.0,,desktop,
3253456,Found,,,chrome 64.0,,desktop,
3253430,Found,,,chrome 63.0 for android,,mobile,SM-J200M Build/LMY47X
3253479,Found,,,chrome 64.0,,desktop,Windows
3253429,New,,,chrome 64.0 for android,,mobile,LG-M700 Build/NMF26X
3253558,New,,,chrome 64.0 for android,,mobile,SM-J730GM Build/NRD90M
3253591,New,,,chrome 64.0 for android,,mobile,TRT-L53 Build/HUAWEITRT-L53
3253589,New,,,chrome 64.0,,desktop,Windows
3253623,New,,,chrome 64.0 for android,,mobile,SLA-L03 Build/HUAWEISLA-L03
3253649,Found,,,chrome 63.0,,desktop,
3253655,,,,,,,
3253693,Unknown,,,mobile safari generic,,mobile,
3253711,Found,,,chrome 63.0,,desktop,Windows
3253749,Found,,,chrome 64.0 for android,,mobile,SM-G610M Build/MMB29K
3253873,New,,,chrome 64.0 for android,,mobile,4034G
3253856,New,,,safari generic,,desktop,
3253885,New,,,chrome 64.0 for android,,mobile,LG-M320 Build/NRD90U
3256861,New,,iOS 11.2.5,mobile safari generic,2208x1242,mobile,iOS Device
3253970,Unknown,,,mobile safari generic,,mobile,
3253946,Found,,,chrome 63.0,,desktop,Windows
3253980,New,,,chrome 58.0,,desktop,
3253990,Unknown,,,mobile safari generic,,mobile,
3253997,New,,,chrome 63.0 for ios,,mobile,
3254029,New,,,chrome 64.0 for android,,mobile,PRA-LX3 Build/HUAWEIPRA-LX3
3254049,Found,,,chrome 64.0 for android,,mobile,SM-G610M Build/MMB29K
3254020,New,,,chrome 62.0 for android,,mobile,HUAWEI CUN-L03 Build/HUAWEICUN-L03
3254119,,,,,,,
3254159,Unknown,,,mobile safari generic,,mobile,
3254966,New,,,chrome 64.0,,desktop,Windows
3255157,New,,,chrome 63.0 for android,,mobile,HUAWEI TAG-L13 Build/HUAWEITAG-L13
3255093,Found,,,chrome 63.0,,desktop,Windows
3255328,Unknown,,,mobile safari generic,,mobile,
3261184,New,,Mac OS X 10_13_1,safari generic,2880x1800,desktop,MacOS
3255311,Unknown,,,mobile safari generic,,mobile,
3255411,Unknown,,,mobile safari generic,,mobile,
3255423,Unknown,,,chrome 64.0,,desktop,Windows
3255488,Found,,,chrome 64.0 for android,,mobile,BLL-L23 Build/HUAWEIBLL-L23
3255625,New,,,chrome 63.0 for android,,mobile,Hisense F23 Build/NRD90M
3255589,Found,,,chrome 63.0 for android,,mobile,Hisense F23 Build/NRD90M
3255586,New,,,chrome 64.0 for android,,mobile,LG-K580 Build/MRA58K
3255587,Found,,,chrome 63.0 for android,,mobile,Hisense F23 Build/NRD90M
3255615,Found,,,chrome 63.0 for android,,mobile,Hisense F23 Build/NRD90M
3255628,Found,,,chrome generic,,mobile,Moto G (4) Build/NPJ25.93-14.7
3255696,New,,,chrome 64.0,,desktop,
3255815,New,,,chrome 64.0,,desktop,Windows
3255870,New,,,chrome 64.0 for android,,mobile,LG-H840 Build/MMB29M
3255980,Unknown,,,mobile safari generic,,mobile,
3255983,Unknown,,,mobile safari generic,,mobile,
3256054,Unknown,,,mobile safari generic,,mobile,
3256026,Unknown,,,mobile safari generic,,mobile,
3256006,Unknown,,,mobile safari generic,,mobile,
3256067,Found,,,mobile safari generic,,mobile,
3256246,Unknown,,,mobile safari generic,,mobile,
3256374,Found,,iOS 11.0.3,mobile safari generic,2048x1536,mobile,iOS Device
3256386,Found,,iOS 11.0.3,mobile safari generic,2048x1536,mobile,iOS Device
3256480,New,,,chrome 64.0 for android,,mobile,F3113 Build/33.3.A.1.97
3256562,New,,,chrome 63.0,,desktop,Windows
3256609,New,,,mobile safari generic,,mobile,
3256641,New,,,mobile safari generic,,mobile,
3256685,New,,,chrome 64.0 for android,,mobile,F3213 Build/36.1.A.1.86
3256668,Found,,,chrome 64.0 for android,,mobile,SM-J730GM Build/NRD90M
3256825,New,,,chrome 63.0,,desktop,
3256826,New,,,chrome 64.0 for android,,mobile,SM-J710MN Build/MMB29K
3256884,New,,,chrome generic,,mobile,Moto E (4) Build/NMA26.42-19
3256906,Unknown,,,mobile safari generic,,mobile,
3256969,New,,,chrome 49.0 for android,,mobile,9203A Build/MRA58K
3256951,New,,,chrome 64.0,,desktop,Windows
3257020,New,,,chrome generic,,desktop,
3257030,Found,,,chrome generic,,desktop,
3257071,Found,,,chrome 63.0,,desktop,Windows
3257080,Found,,,chrome generic,,desktop,
3257121,Found,,,chrome generic,,desktop,
3257141,New,,,mobile safari generic,,mobile,
3257152,Found,,,chrome 64.0,,desktop,
3257207,New,,,samsung browser 6.2,,mobile,SAMSUNG SM-A520F Build/NRD90M
3266022,New,,,chrome 64.0,,desktop,Windows
3266021,Found,,,chrome 64.0,,desktop,Windows
3257310,New,,,chrome 62.0 for android,,mobile,SM-J700M Build/MMB29K
3257454,New,,,chrome 64.0 for android,,mobile,SM-A310M Build/LMY47X
3257584,Found,,,chrome generic,,mobile,Moto G (5) Plus Build/NPN25.137-82
3257647,Found,,,chrome 63.0,,desktop,
3257726,Found,,,chrome 63.0,,desktop,
3257816,New,,,chrome 64.0 for android,,mobile,F3213 Build/36.1.A.1.86
3257918,Unknown,,,mobile safari generic,,mobile,
3257923,New,,,chrome generic,,mobile,SAMSUNG SM-G900M Build/LRX21T
3257935,New,,,chrome 62.0 for android,,mobile,SM-G530H Build/LRX22G
3258073,New,,,chrome 61.0 for android,,mobile,SM-J510MN Build/MMB29M
3258143,New,,,chrome 64.0 for android,,mobile,HTC Desire 650 Build/MMB29M
3258292,Found,,,chrome 64.0,,desktop,
3258456,Found,,,chrome 64.0 for android,,mobile,SM-J510MN Build/MMB29M
3258635,New,,,chrome 64.0,,desktop,Windows
3258680,New,,,chrome 64.0 for android,,mobile,SM-G935F Build/NRD90M
3258710,New,,,chrome 64.0,,desktop,
3258935,New,,,chrome 64.0 for android,,mobile,F3213 Build/36.1.A.1.86
3259239,Found,,,other,,mobile,Lenovo-A6020l36 Build/LMY47V
3259198,New,,,chrome 64.0,,desktop,Windows
3265183,New,,Android 7.1.1,chrome 64.0 for android,1920x1080,mobile,REVVLPLUS
3259336,Unknown,,,mobile safari generic,,mobile,
3259356,New,,,chrome 64.0,,desktop,Windows
3259412,New,,,chrome 63.0,,desktop,
3259377,New,,,chrome 62.0 for android,,mobile,Ilium LT510 Build/MRA58K
3259461,New,,,chrome 64.0 for android,,mobile,HUAWEI VNS-L53 Build/HUAWEIVNS-L53
3259504,Found,,,chrome 64.0 for android,,mobile,5080A Build/MRA58K
3259468,New,,,chrome 64.0 for android,,mobile,Ilium L620 Build/NRD90M
3259436,Found,,,chrome 64.0 for android,,mobile,SM-J700M Build/MMB29K
3259489,Found,,,chrome 64.0 for android,,mobile,SM-G610M Build/MMB29K
3259564,New,,,chrome 63.0,,desktop,
3259663,New,,,chrome generic,,mobile,Moto E (4) Plus Build/NMA26.42-69
3259674,Found,,,chrome 64.0,,desktop,Windows
3259732,Unknown,,,chrome 63.0,,desktop,Windows
3259752,New,,,chrome 64.0 for android,,mobile,Joy
3259758,New,,,chrome 60.0,,desktop,
3259812,Unknown,,,mobile safari generic,,mobile,
3259839,New,,,chrome 64.0 for android,,mobile,SGH-M919V
3259900,New,,,chrome 64.0,,desktop,
3259905,Found,,,chrome 64.0,,desktop,
3259957,Found,,,chrome 63.0,,desktop,Windows
3259982,New,,,chrome 64.0 for android,,mobile,Moto C Build/NRD90M.063
3260002,New,,,mobile safari generic,,mobile,
3260013,Found,,,chrome generic,,mobile,Moto G (4) Build/NPJ25.93-14.7
3260071,New,,,chrome 64.0 for android,,mobile,Blade A510 Build/MRA58K
3260308,New,,,chrome 63.0,,desktop,Windows
3260343,New,,,chrome 64.0,,desktop,Windows
3260455,Unknown,,,mobile safari generic,,mobile,
3260476,Found,,,chrome 62.0 for android,,mobile,SM-A500M Build/LRX22G
3260557,Unknown,,,mobile safari generic,,mobile,
3260477,Unknown,,,mobile safari generic,,mobile,
3260562,Unknown,,,mobile safari generic,,mobile,
3260561,Unknown,,,mobile safari generic,,mobile,
3260496,Unknown,,,mobile safari generic,,mobile,
3260513,Unknown,,,mobile safari generic,,mobile,
3260645,New,,,chrome 63.0,,desktop,Windows
3260828,Found,,,chrome 64.0 for android,,mobile,Hisense F23 Build/NRD90M
3260841,New,,,chrome 63.0,,desktop,Windows
3260930,New,,,chrome 63.0,,desktop,Windows
3261169,New,,,chrome 64.0,,desktop,Windows
3276238,New,,,edge 15.0,,desktop,Windows
3261186,New,,,chrome generic,,mobile,Moto E (4) Plus Build/NMA26.42-69
3261458,New,,,chrome 64.0,,desktop,
3261491,New,,,chrome 64.0,,desktop,Windows
3276473,,,,,,,
3276444,Found,,,chrome 64.0 for android,,mobile,LG-K500 Build/MMB29M
3261468,New,,,chrome 63.0,,desktop,Windows
3261540,Found,,,chrome 64.0 for android,,mobile,BLL-L23 Build/HUAWEIBLL-L23
3261493,Found,,,chrome 63.0 for android,,mobile,SM-G930F Build/NRD90M
3261530,New,,,samsung browser 6.2,,mobile,SAMSUNG SM-J701M Build/NRD90M
3261672,Unknown,,,mobile safari generic,,mobile,
3261749,Found,,,chrome 63.0,,desktop,Windows
3261758,Found,,,chrome 63.0,,desktop,Windows
3261815,New,,,chrome 63.0,,desktop,
3261774,Found,,,chrome 63.0,,desktop,
3261860,New,,,chrome 64.0 for android,,mobile,SM-J500M Build/LMY48B
3258860,Found,,Windows 10,chrome 60.0,1920x1200,desktop,Windows
3264868,Found,,iOS 11.2.5,mobile safari generic,2208x1242,mobile,iOS Device
3261996,Unknown,,,mobile safari generic,,mobile,
3262145,New,,,chrome generic,,mobile,Moto G (5) Build/NPP25.137-72
3262250,Unknown,,,mobile safari generic,,mobile,
3262308,New,,,chrome 64.0 for android,,mobile,SM-G935F Build/NRD90M
3262352,New,,,chrome 64.0 for android,,mobile,Energy X 2 Build/E050L
3262440,New,,,chrome 64.0 for android,,mobile,Ilium X520 Build/NRD90M
3262509,Found,,,chrome 64.0 for android,,mobile,HUAWEI RIO-L03 Build/HUAWEIRIO-L03
3262544,Found,IP_PROXY:ANONYMOUS,,chrome 64.0,,desktop,Windows
3265520,New,,iOS 10.1.1,mobile safari generic,2208x1242,mobile,iOS Device
3262581,Found,,,chrome,,mobile,LG-D693n Build/LRX22G
3262531,Found,IP_PROXY:ANONYMOUS,,chrome 64.0,,desktop,Windows
3262649,New,,,chrome 63.0,,desktop,Windows
3262639,New,,,firefox 58.0,,desktop,Windows
3262723,Found,,,chrome 63.0,,desktop,Windows
3262731,Found,,,chrome 64.0 for android,,mobile,Moto G Play Build/MPIS24.241-15.3-7
3262748,New,,,chrome 63.0 for android,,mobile,SM-J320M Build/LMY47V
3277719,New,,,chrome 64.0 for android,,mobile,LG-H650 Build/MRA58K
3262819,New,,,chrome 63.0,,desktop,Windows
3262823,New,,,chrome 63.0,,desktop,Windows
3262851,New,,,chrome generic,,mobile,Moto G (5) Build/NPPS25.137-15-11
3262845,Unknown,,,chrome 64.0 for ios,,mobile,
3262855,New,,,chrome 64.0 for android,,mobile,HUAWEI TAG-L13 Build/HUAWEITAG-L13
3262991,New,,,chrome 59.0 for android,,mobile,HUAWEI VNS-L53 Build/HUAWEIVNS-L53
3263096,Found,,Windows 10,chrome 64.0,1280x1025,desktop,Windows
3263308,New,,,chrome 63.0,,desktop,Windows
3263362,New,,,chrome 63.0,,desktop,Windows
3266379,Found,,Windows 10,chrome 64.0,1920x1080,desktop,Windows
3263419,Found,,,chrome 64.0 for android,,mobile,SM-G610M Build/MMB29K
3263403,Found,,,chrome 64.0 for android,,mobile,SM-G610M Build/MMB29K
3263395,New,,,chrome 64.0,,desktop,Windows
3263580,New,,,chrome 64.0 for android,,mobile,LG-K500 Build/MMB29M
3263652,New,,,chrome 61.0,,desktop,Windows
3263833,Found,,,chrome 64.0,,desktop,
3263942,New,,,chrome 63.0,,desktop,
3264103,Found,,,chrome 64.0,,desktop,Windows
3264168,Unknown,,,mobile safari generic,,mobile,
3270291,,,,,,,
3264289,Found,,,chrome 64.0 for android,,mobile,SM-G610M Build/MMB29K
3264269,Found,,,Samsung/SM-G532M,,mobile,SAMSUNG SM-G532M Build/MMB29T
3264307,Found,,,firefox 58.0,,desktop,Windows
3264305,Unknown,,,mobile safari generic,,mobile,
3264270,New,,,chrome 64.0 for android,,mobile,ALE-L23 Build/HuaweiALE-L23
3264399,New,,,ie 11.0 for desktop,,desktop,rv:11.0
3279484,Found,,,chrome 63.0 for android,,mobile,Z9 PLUS Build/NRD90M
3264528,New,,,samsung browser 6.2,,mobile,SAMSUNG SM-J701M Build/NRD90M
3264539,New,,,chrome 64.0,,desktop,Windows
3279686,Unknown,,,safari generic,,desktop,
3264883,New,,,chrome 63.0 for android,,mobile,SM-G531H Build/LMY48B
3264884,New,,,chrome 64.0 for android,,mobile,Hisense F102 Build/NRD90M
3264982,New,,,chrome 64.0,,desktop,Windows
3265028,Unknown,,,mobile safari generic,,mobile,
3265002,New,,,chrome 64.0 for android,,mobile,SM-G950F Build/NRD90M
3265048,New,,,chrome 64.0 for android,,mobile,SM-G610M Build/MMB29K
3265073,Found,IP_PROXY:ANONYMOUS,,chrome 64.0,,desktop,
3265081,New,,,chrome 64.0 for android,,mobile,SM-G610M Build/MMB29K
3265126,Found,,,chrome 64.0 for android,,mobile,SM-G610M Build/MMB29K
3265373,Found,,,firefox 58.0,,desktop,Windows
3265400,New,,,chrome generic,,mobile,Moto
3265507,New,,,chrome 63.0,,desktop,
3265609,New,,,chrome 64.0,,desktop,
3265622,Found,,,chrome 64.0 for android,,mobile,SM-G570M Build/MMB29K
3265598,New,,,chrome 64.0 for android,,mobile,ALE-L23 Build/HuaweiALE-L23
3265655,Found,,,chrome 64.0,,desktop,
3265658,Found,,,chrome 64.0,,desktop,
3265705,Found,,,chrome generic,,mobile,Moto G (4) Build/NPJ25.93-14.7
3265714,Found,,,firefox 58.0,,desktop,Windows
3280652,Unknown,,,mobile safari generic,,mobile,
3265787,Found,,,chrome 64.0 for android,,mobile,SM-A310M Build/LMY47X
3265805,New,,,chrome 64.0 for android,,mobile,SM-J730GM Build/NRD90M
3265795,Found,,,chrome 64.0 for android,,mobile,SM-A310M Build/LMY47X
3265813,Found,,,chrome 64.0 for android,,mobile,SM-A310M Build/LMY47X
3265824,Found,,,chrome 64.0 for android,,mobile,SM-A310M Build/LMY47X
3265846,Found,,,chrome 64.0 for android,,mobile,SM-A310M Build/LMY47X
3265899,Unknown,,,mobile safari generic,,mobile,
3265937,New,,,safari generic,,desktop,
3265976,New,,,chrome 63.0 for android,,mobile,Moto C Build/NRD90M.063
3265975,Found,,,chrome 63.0 for android,,mobile,Moto C Build/NRD90M.063
3265978,Found,,,chrome 63.0 for android,,mobile,Moto C Build/NRD90M.063
3265986,Unknown,,,mobile safari generic,,mobile,
3265984,Found,,,chrome 63.0 for android,,mobile,Moto C Build/NRD90M.063
3265993,Found,,,chrome 63.0 for android,,mobile,Moto C Build/NRD90M.063
3266045,Found,,,chrome 63.0 for android,,mobile,Moto C Build/NRD90M.063
3266056,Found,,,chrome 63.0 for android,,mobile,Moto C Build/NRD90M.063
3266212,Found,,,chrome 63.0 for android,,mobile,Moto C Build/NRD90M.063
3266163,Found,,,chrome 63.0 for android,,mobile,Moto C Build/NRD90M.063
3266176,Found,,,chrome 63.0 for android,,mobile,Moto C Build/NRD90M.063
3266207,Found,,,chrome 63.0 for android,,mobile,Moto C Build/NRD90M.063
3266198,Found,,,chrome 63.0 for android,,mobile,Moto C Build/NRD90M.063
3266213,Found,,,chrome 63.0 for android,,mobile,Moto C Build/NRD90M.063
3266394,Found,,,safari generic,,desktop,
3266422,New,,Windows 10,chrome 63.0,1366x768,desktop,Windows
3266493,Found,,,chrome 64.0,,desktop,Windows
3266519,Found,,Windows 10,chrome 63.0,1366x768,desktop,Windows
3266538,Found,,,chrome 64.0 for android,,mobile,SM-A720F Build/NRD90M
3266547,Found,,Windows 10,chrome 63.0,1366x768,desktop,Windows
3266553,New,,,mobile safari generic,,mobile,
3266624,Found,,Windows 10,chrome 63.0,1366x768,desktop,Windows
3266611,Found,,Windows 10,chrome 63.0,1366x768,desktop,Windows
3266634,Found,,Windows 10,chrome 63.0,1366x768,desktop,Windows
3266602,Found,,Windows 10,chrome 63.0,1366x768,desktop,Windows
3266609,Found,,Windows 10,chrome 63.0,1366x768,desktop,Windows
3266617,Found,,Windows 10,chrome 63.0,1366x768,desktop,Windows
3266760,New,,,chrome 63.0,,desktop,
3266790,New,,,chrome 63.0,,desktop,Windows
3269981,Found,,Windows 10,chrome 63.0,1366x768,desktop,Windows
3266839,Unknown,,,mobile safari generic,,mobile,
3281918,New,,Mac OS X 10.12,firefox 58.0,1440x900,desktop,rv:58.0
3267015,New,,,chrome 63.0,,desktop,Windows
3267045,New,,,chrome 64.0,,desktop,
3267110,New,,,chrome 64.0 for android,,mobile,BLADE V8 SE Build/NRD90M
3267107,Found,,,chrome 63.0,,desktop,Windows
3267160,Found,,,chrome 63.0,,desktop,Windows
3267163,New,,,chrome 63.0,,desktop,
3267510,Found,,,samsung browser 6.2,,mobile,SAMSUNG
3267574,New,,,chrome 64.0 for android,,mobile,LG-K500 Build/MMB29M
3267664,New,,,chrome 64.0,,desktop,Windows
3268006,New,,,chrome 64.0 for android,,mobile,Moto G Play Build/NPIS26.48-36-2
3268005,New,,,chrome 50.0 for android,,mobile,SM-G532M Build/MMB29T
3267999,Found,,,chrome 64.0,,desktop,Windows
3267969,Found,,,chrome 50.0 for android,,mobile,SM-G532M Build/MMB29T
3271013,Found,,Windows 10,chrome 64.0,3840x2160,desktop,Windows
3268171,New,,,chrome 63.0,,desktop,
3271203,New,IP_PROXY:TRANSPARENT,iOS 11.2.1,mobile safari generic,2208x1242,mobile,iOS Device
3268201,New,,,chrome 64.0,,desktop,Windows
3268263,New,,,chrome 64.0 for android,,mobile,Moto Z2 Play Build/NPSS26.118-19-14
3268323,,,,,,,
3268334,New,,,chrome 64.0 for android,,mobile,SLA-L03 Build/HUAWEISLA-L03
3268332,Found,,,chrome 64.0,,desktop,Windows
3268429,Found,,,chrome 63.0,,desktop,
3268394,New,,,ie 11.0 for desktop,,desktop,Trident/7.0
3268538,Found,,,chrome 64.0 for android,,mobile,SM-T710 Build/NRD90M
3268536,Found,,,chrome 64.0 for android,,mobile,SM-T710 Build/NRD90M
3268586,New,,,chrome 63.0 for android,,mobile,BLU STUDIO C 5+5 Build/LRX21M
3268550,Found,,,chrome 64.0 for android,,mobile,SM-T710 Build/NRD90M
3268558,New,,,chrome 64.0,,desktop,
3268665,Found,,,ie 11.0 for desktop,,desktop,Trident/7.0
3268643,New,,,chrome 63.0,,desktop,Windows
3268669,Found,,,chrome 64.0,,desktop,
3268718,New,,,chrome 64.0 for android,,mobile,Vivo
3268729,New,,,chrome 64.0,,desktop,Windows
3268737,Unknown,,,chrome 63.0,,desktop,Windows
3268775,Found,,,chrome 64.0 for android,,mobile,Blade V6 Build/LRX22G
3283550,New,,,chrome 58.0 for android,,mobile,SM-G531H Build/LMY48B
3268794,Found,,,chrome 64.0 for android,,mobile,Blade V6 Build/LRX22G
3268832,Found,,,chrome 64.0 for android,,mobile,Blade V6 Build/LRX22G
3268893,New,,,chrome 64.0 for android,,mobile,SM-J730GM Build/NRD90M
3268931,Found,,,chrome 64.0 for android,,mobile,SM-J730GM Build/NRD90M
3268925,Found,,,chrome 64.0 for android,,mobile,SM-J730GM Build/NRD90M
3268924,Found,,,chrome 64.0 for android,,mobile,SM-J730GM Build/NRD90M
3268970,New,,,chrome 63.0,,desktop,
3268997,Found,,,chrome 63.0,,desktop,Windows
3269053,Found,,,chrome 64.0,,desktop,Windows
3269056,Found,,,chrome 64.0,,desktop,Windows
3272279,New,,iOS 11.1.0,mobile safari generic,2208x1242,mobile,iOS Device
3269346,New,,,chrome 64.0,,desktop,Windows
3269427,New,,,chrome 63.0,,desktop,Windows
3269648,New,,,chrome 64.0,,desktop,
3269653,Found,,,chrome 64.0,,desktop,
3269723,New,,,chrome 61.0 for android,,mobile,XT1064 Build/MPB24.65-34-3
3269725,New,,,chrome 63.0,,desktop,Windows
3269743,Unknown,,,mobile safari generic,,mobile,
3269943,New,,,chrome 64.0,,desktop,Windows
3269957,Found,,,chrome 64.0,,desktop,Windows
3270045,Found,,,chrome 63.0,,desktop,
3270060,New,,,ie 11.0 for desktop,,desktop,Trident/7.0
3270122,New,,,ie 11.0 for desktop,,desktop,Trident/7.0
3270142,Found,,,chrome 63.0,,desktop,
3270227,Found,,,chrome 63.0,,desktop,
3270190,New,,,chrome 50.0 for android,,mobile,Moto G Play Build/MPIS24.241-15.3-7
3284885,Found,,,chrome 63.0,,desktop,Windows
3270336,New,,,chrome 64.0 for android,,mobile,SM-G531H Build/LMY48B
3270427,Found,,,chrome 64.0,,desktop,
3270484,Found,,,chrome 64.0,,desktop,Windows
3270541,New,,,mobile safari generic,,mobile,
3270743,Unknown,,,safari generic,,desktop,
3270731,New,,,chrome 63.0,,desktop,Windows
3270820,,,,,,,
3270950,Found,,,chrome 64.0 for android,,mobile,SM-G950F Build/NRD90M
3270963,Found,,,chrome 64.0,,desktop,Windows
3271023,Unknown,,,mobile safari generic,,mobile,
3271098,Unknown,,,mobile safari generic,,mobile,
3285800,Unknown,,,mobile safari generic,,mobile,
3271164,New,,,chrome 64.0 for android,,mobile,Blade V6 Plus Build/MRA58K
3271198,Found,,,chrome 64.0 for android,,mobile,SM-T710 Build/NRD90M
3271211,New,,,firefox,,desktop,rv:43.0
3271232,New,,,chrome 64.0 for android,,mobile,TA-1038 Build/NMF26O
3271217,Found,,,chrome 62.0 for android,,mobile,LG-D625
3271262,New,,,chrome 64.0,,desktop,Windows
3271291,Unknown,,,mobile safari generic,,mobile,
3271281,Unknown,,,mobile safari generic,,mobile,
3271376,Found,,,chrome 62.0 for android,,mobile,LG-D625
3271316,Unknown,,,mobile safari generic,,mobile,
3271321,New,,,chrome 64.0,,desktop,Windows
3271341,New,,,mobile safari generic,,mobile,
3271422,New,,,chrome 64.0 for android,,mobile,BLADE V8 SE Build/NRD90M
3271525,Found,,,chrome 64.0 for android,,mobile,SM-J500M Build/LMY48B
3271533,New,,,chrome 63.0,,desktop,Windows
3271555,New,,,chrome 64.0 for android,,mobile,HTCD160LVWPP
3271684,New,,,chrome 64.0 for android,,mobile,HUAWEI VNS-L23 Build/HUAWEIVNS-L23
3271639,Unknown,,,mobile safari generic,,mobile,
3271690,New,,,chrome 64.0,,desktop,Windows
3271654,Found,,,edge 16.0,,desktop,Windows
3271683,Found,,,firefox 58.0,,desktop,
3271659,Found,,,chrome 64.0 for android,,mobile,HUAWEI VNS-L23 Build/HUAWEIVNS-L23
3271801,New,,,chrome 63.0,,desktop,
3271807,Found,,,mobile safari generic,,mobile,
3271816,Found,,,chrome 64.0,,desktop,Windows
3271848,Found,,,chrome 64.0 for android,,mobile,ALE-L23 Build/HuaweiALE-L23
3271877,Found,,,chrome 64.0 for android,,mobile,ALE-L23 Build/HuaweiALE-L23
3271855,Found,,,chrome 64.0 for android,,mobile,ALE-L23 Build/HuaweiALE-L23
3271871,New,,,chrome 64.0 for android,,mobile,XT1650 Build/NPLS26.118-20-5-11
3271890,New,,,chrome 64.0 for android,,mobile,Blade A460 Build/LMY47O
3271891,Unknown,,,mobile safari generic,,mobile,
3271888,Found,,,chrome 64.0,,desktop,
3271898,New,,,chrome 64.0,,desktop,Windows
3271900,Found,,,chrome 64.0,,desktop,Windows
3271905,Found,,,chrome 64.0,,desktop,Windows
3271910,Found,,,chrome 64.0,,desktop,Windows
3271906,Found,,,chrome 64.0,,desktop,Windows
3271935,Found,,,chrome generic,,desktop,Moto E (4) Build/NMA26.42-19
3271912,New,,,edge,,mobile,Microsoft
3271929,Found,,,chrome 63.0,,desktop,Windows
3274940,New,,Mac OS X 10_11_6,safari generic,2560x1600,desktop,MacOS
3274941,Found,,Mac OS X 10_11_6,safari generic,2560x1600,desktop,MacOS
3272017,Unknown,,,mobile safari generic,,mobile,
3272070,Found,,,chrome 64.0,,desktop,Windows
3272058,New,,,chrome 64.0 for android,,mobile,Hisense L675 Build/MRA58K
3272141,New,,,chrome 64.0 for android,,mobile,SM-G955F Build/NRD90M
3272157,Found,,,chrome 64.0 for android,,mobile,SM-G955F Build/NRD90M
3272151,Found,,,chrome 64.0 for android,,mobile,SM-G955F Build/NRD90M
3272176,Found,,,chrome 64.0 for android,,mobile,SM-G955F Build/NRD90M
3272204,Found,,,chrome 64.0 for android,,mobile,SM-G955F Build/NRD90M
3272216,Found,,,chrome 64.0 for android,,mobile,SM-G955F Build/NRD90M
3272231,New,,,firefox 58.0,,desktop,Windows
3272214,Found,,,chrome 64.0 for android,,mobile,SM-G955F Build/NRD90M
3272236,Found,,,chrome 64.0 for android,,mobile,SM-G955F Build/NRD90M
3272233,,,,,,,
3272286,Found,,,chrome 64.0,,desktop,
3272285,Found,,,ie 11.0 for desktop,,desktop,Trident/7.0
3272434,Found,,,chrome 64.0,,desktop,Windows
3272470,New,,,chrome 64.0,,desktop,Windows
3272477,Found,,,chrome 64.0,,desktop,Windows
3272577,New,,,chrome 64.0 for android,,mobile,E2306 Build/26.1.A.3.111
3269599,Found,,Windows 7,chrome 64.0,1440x900,desktop,Windows
3272632,New,,,chrome 64.0,,desktop,
3272797,New,,,chrome 63.0,,desktop,
3287262,New,,,chrome 63.0,,desktop,
3272875,Found,,,chrome 64.0 for android,,mobile,SM-T710 Build/NRD90M
3272876,New,,,samsung browser 6.2,,mobile,Moto G (4) Build/NPJ25.93-14.7
3272907,New,,,chrome 64.0,,desktop,
3272861,New,,,chrome 63.0,,desktop,Windows
3272939,New,,,chrome 64.0,,desktop,Windows
3272912,New,,,chrome 63.0,,desktop,Windows
3273012,Found,,,chrome 64.0 for android,,mobile,RNE-L03 Build/HUAWEIRNE-L03
3272981,Found,,,chrome 64.0 for android,,mobile,RNE-L03 Build/HUAWEIRNE-L03
3281953,New,,,chrome 64.0 for android,,mobile,SM-G950F Build/NRD90M
3273050,Found,,,chrome 64.0 for android,,mobile,RNE-L03 Build/HUAWEIRNE-L03
3273119,Found,,,chrome 64.0 for android,,mobile,RNE-L03 Build/HUAWEIRNE-L03
3273053,New,,,mobile safari generic,,mobile,
3273100,New,,,chrome generic,,desktop,Moto G (5) Build/NPP25.137-93
3273127,New,,,mobile safari generic,,mobile,
3273105,Found,,,mobile safari generic,,mobile,
3273172,Found,,,mobile safari generic,,mobile,
3282178,Found,,,chrome 64.0 for android,,mobile,SM-G950F Build/NRD90M
3273531,New,,,chrome 64.0,,desktop,Windows
3273589,Found,,,other,,mobile,Lenovo-A6020l36 Build/LMY47V
3273553,New,,,chrome 60.0 for android,,mobile,SM-G355M Build/KOT49H
3273555,New,,,chrome 64.0 for android,,mobile,SM-G532M Build/MMB29T
3273621,Unknown,,,mobile safari generic,,mobile,
3273689,Unknown,,,mobile safari generic,,mobile,
3273655,Found,,,chrome 64.0 for android,,mobile,F5121 Build/34.3.A.0.238
3273691,Found,,,chrome 64.0 for android,,mobile,F5121 Build/34.3.A.0.238
3273668,Unknown,,,chrome 64.0,,desktop,Windows
3273667,Found,,,chrome 64.0 for android,,mobile,F5121 Build/34.3.A.0.238
3273776,Found,,,chrome 63.0,,desktop,Windows
3273806,Found,,,chrome 63.0,,desktop,Windows
3273808,Found,,,chrome 63.0,,desktop,Windows
3273722,Found,,,chrome 64.0,,desktop,Windows
3273785,Unknown,,,chrome 64.0,,desktop,Windows
3273754,New,,,chrome 64.0 for android,,mobile,orbis
3273857,Found,,,chrome 63.0,,desktop,Windows
3273834,New,,,Samsung/SM-G532M,,mobile,SAMSUNG SM-G532M Build/MMB29T
3273896,Found,,,Samsung/SM-G532M,,mobile,SAMSUNG SM-G532M Build/MMB29T
3273890,New,,,chrome 63.0,,desktop,Windows
3273862,New,,,chrome 49.0,,desktop,
3273840,New,,,chrome 64.0 for android,,mobile,E6553
3273888,New,,,chrome 64.0,,desktop,
3273905,Found,,,chrome 63.0,,desktop,Windows
3273883,Found,,,chrome 63.0,,desktop,Windows
3273927,Found,,,chrome 64.0,,desktop,Windows
3273940,Unknown,,,chrome 57.0 for android,,mobile,LG-D693n Build/LRX22G
3273920,Found,,,chrome 63.0,,desktop,Windows
3273943,New,,,chrome 64.0 for android,,mobile,SM-A520F Build/NRD90M
3274061,New,,,chrome 64.0 for android,,mobile,CAM-L03 Build/HUAWEICAM-L03
3274047,New,,,chrome 63.0,,desktop,Windows
3274038,Found,,,chrome 64.0,,desktop,
3274184,New,,,ie 11.0 for desktop,,desktop,Trident/7.0
3274209,New,,,chrome 64.0 for android,,mobile,EVA-L09 Build/HUAWEIEVA-L09
3274249,New,,,chrome 64.0 for android,,mobile,LG-K410 Build/LRX22G
3274264,Found,,,firefox 58.0,,desktop,Windows
3274416,Unknown,,,mobile safari generic,,mobile,
3274525,Unknown,,,mobile safari generic,,mobile,
3274506,New,,,chrome 64.0 for android,,mobile,SM-G550T1 Build/MMB29K
3274582,Found,,,chrome 64.0 for android,,mobile,TA-1039 Build/NMF26F
3274649,New,,,chrome 58.0 for android,,mobile,Blade V580 Build/LMY47D
3274642,Unknown,,,mobile safari generic,,mobile,
3274641,New,,,chrome 63.0,,desktop,Windows
3274701,New,,,chrome 63.0,,desktop,Windows
3274689,Found,,,samsung browser 6.2,,mobile,SAMSUNG SM-G935F Build/NRD90M
3274776,Unknown,,,chrome 64.0,,desktop,Windows
3271785,New,,Windows 8.1,ie 11.0 for desktop,1366x768,desktop,Windows
3274826,Found,,,chrome 63.0,,desktop,Windows
3274813,Found,,,chrome 63.0,,desktop,Windows
3274833,New,,,chrome 64.0,,desktop,Windows
3274824,Found,,,chrome 64.0,,desktop,Windows
3274829,Found,,,chrome 64.0,,desktop,Windows
3274877,New,,,chrome 64.0,,desktop,Windows
3274883,New,,,chrome 64.0 for android,,mobile,5011A Build/NRD90M
3274907,New,,,chrome 57.0,,desktop,
3274898,New,,,chrome 64.0,,desktop,
3274913,New,,,chrome 62.0 for android,,mobile,SM-J700M Build/MMB29K
3274930,Found,,,chrome 64.0 for android,,mobile,SM-G530H Build/LRX22G
3274966,Found,,,samsung browser 6.2,,mobile,Moto G (4) Build/NPJ25.93-14.7
3277990,New,,Mac OS X 10_11_6,safari generic,1440x900,desktop,MacOS
3275434,New,,,chrome 64.0,,desktop,Windows
3275469,Found,,,chrome 63.0,,desktop,Windows
3275524,New,,,safari generic,2048x1536,desktop,
3275521,New,,,chrome 64.0 for android,,mobile,MotoG3 Build/MPIS24.65-33.1-2-16
3275525,New,,,chrome 63.0 for android,,mobile,LG-D693n Build/LRX22G
3275545,Found,,,Samsung/SM-G532M,,mobile,SAMSUNG SM-G532M Build/MMB29T
3275486,New,,,chrome 43.0 for android,,mobile,ALUMINI
3275532,Found,,,Samsung/SM-G532M,,mobile,SAMSUNG SM-G532M Build/MMB29T
3275577,New,,,chrome 63.0,,desktop,Windows
3275575,New,,,chrome generic,,desktop,Moto G (5) Plus Build/NPN25.137-82
3275578,Found,,,chrome 63.0,,desktop,Windows
3275614,New,,,chrome 64.0 for android,,mobile,SGH-I337M
3275719,New,,,chrome 64.0 for android,,mobile,WAS-LX3 Build/HUAWEIWAS-LX3
3275961,New,,,chrome 64.0 for android,,mobile,CAM-L03 Build/HUAWEICAM-L03
3275955,New,,,samsung browser 6.2,,mobile,ALP-L09 Build/HUAWEIALP-L09
3276038,Found,,,chrome 63.0,,desktop,
3276114,Found,,,chrome 63.0,,desktop,
3276134,Found,,,chrome 63.0,,desktop,Windows
3276192,New,,,mobile safari generic,,mobile,
3276187,Found,,,chrome 64.0 for android,,mobile,SM-G928V Build/MMB29K
3276212,Found,,,chrome 64.0 for android,,mobile,SM-G928V Build/MMB29K
3276221,Found,,,chrome 64.0 for android,,mobile,SM-G928V Build/MMB29K
3276289,Found,,,chrome 64.0 for android,,mobile,SM-G928V Build/MMB29K
3276304,New,,,chrome 64.0,,desktop,Windows
3285177,Found,,,chrome 64.0,,desktop,Windows
3285143,Found,,,chrome 64.0,,desktop,Windows
3285152,Found,,,chrome 64.0,,desktop,Windows
3285211,Found,,,chrome 64.0,,desktop,Windows
3276492,Found,,,chrome 63.0,,desktop,Windows
3276486,Found,,,chrome 64.0 for android,,mobile,SM-G550T1 Build/MMB29K
3276556,New,,,chrome 64.0 for android,,mobile,Moto X Play Build/NPD26.48-24-1
3276766,New,,,chrome 46.0 for android,,mobile,SM-G531H Build/LMY48B
3276859,New,,,chrome 64.0 for android,,mobile,XT1635-02 Build/NPN26.118-22-2
3276897,New,,,chrome 64.0 for android,,mobile,Moto C Build/NRD90M.063
3276895,Found,,,chrome 64.0 for android,,mobile,SM-G531H Build/LMY48B
3276972,Found,,,chrome 58.0 for android,,mobile,Blade V580 Build/LMY47D
3276955,New,,,chrome 63.0,,desktop,Windows
3277058,New,,,chrome 64.0,,desktop,Windows
3277072,New,,,chrome 64.0,,desktop,
3277113,New,,,chrome 63.0,,desktop,
3277220,New,,,chrome 63.0,,desktop,Windows
3277388,Found,,,chrome 64.0 for android,,mobile,SM-J510MN Build/MMB29M
3277634,Found,,,chrome 63.0,,desktop,Windows
3277672,Found,,,chrome 64.0,,desktop,
3277790,Found,,,chrome 64.0 for android,,mobile,LG-X180g Build/LMY47I
3277873,Found,,,chrome 64.0,,desktop,Windows
3277868,Unknown,,,mobile safari generic,,mobile,
3278043,New,,,chrome 64.0 for android,,mobile,SM-J320M Build/LMY47V
3278146,Found,,,chrome generic,,desktop,Moto E (4) Build/NMA26.42-19
3278221,Found,,,chrome 64.0,,desktop,Windows
3278200,Unknown,,,chrome generic,,desktop,Moto G (5) Build/NPP25.137-72
3278239,New,,,chrome 63.0,,desktop,Windows
3278227,Found,,,chrome 63.0,,desktop,Windows
3278280,Found,,,chrome 64.0 for android,,mobile,BLU STUDIO C 5+5 Build/LRX21M
3278346,Found,,,chrome 64.0 for android,,mobile,BLU STUDIO C 5+5 Build/LRX21M
3278366,Found,,,chrome 64.0 for android,,mobile,BLU STUDIO C 5+5 Build/LRX21M
3278309,Found,,,chrome 64.0 for android,,mobile,BLU STUDIO C 5+5 Build/LRX21M
3278357,New,,,chrome 64.0,,desktop,
3278433,Found,,,chrome 63.0,,desktop,Windows
3278522,Found,,,Samsung/SM-G531H,,mobile,SAMSUNG SM-G531H Build/LMY48B
3278780,New,,,chrome 63.0 for android,,mobile,G3313
3278851,Found,,,chrome 64.0 for android,,mobile,CAM-L03 Build/HUAWEICAM-L03
3278893,Found,,,chrome 64.0 for android,,mobile,CAM-L03 Build/HUAWEICAM-L03
3279146,New,,,chrome 63.0,,desktop,Windows
3279177,Found,,,chrome 63.0,,desktop,Windows
3279214,New,,,chrome 64.0 for android,,mobile,SM-G570M Build/MMB29K
3279229,New,,,other,,mobile,MOT-A6020l37 Build/LMY47V
3279281,New,,,chrome 64.0 for android,,mobile,SM-G935F Build/NRD90M
3279335,Found,,,chrome 64.0 for android,,mobile,RNE-L03 Build/HUAWEIRNE-L03
3279268,Found,,,chrome 64.0 for android,,mobile,RNE-L03 Build/HUAWEIRNE-L03
3279452,Found,,,firefox 58.0,,desktop,Windows
3279500,New,,,chrome 64.0 for android,,mobile,LG-M250 Build/NRD90U
3279420,Found,,,chrome 64.0 for android,,mobile,LG-K200 Build/MXB48T
3276674,,,,,,,
3282542,New,,iOS 11.2.2,mobile safari generic,1334x750,mobile,iOS Device
3279756,New,,,chrome 64.0,,desktop,Windows
3282661,Found,,iOS 11.2.2,mobile safari generic,1334x750,mobile,iOS Device
3279726,New,,,chrome generic,,desktop,Moto E (4) Plus Build/NMA26.42-69
3279836,Found,,,chrome 63.0,,desktop,Windows
3280120,New,,,chrome generic,,desktop,Moto E (4) Plus Build/NMA26.42-69
3280088,Found,,,chrome generic,,desktop,Moto E (4) Plus Build/NMA26.42-69
3280132,Found,,,chrome generic,,desktop,Moto E (4) Plus Build/NMA26.42-69
3280179,Found,,,chrome generic,,desktop,Moto E (4) Plus Build/NMA26.42-69
3280151,Found,,,firefox 58.0,,desktop,rv:58.0
3280230,New,,,mobile safari generic,,mobile,
3280276,Found,,,ie 11.0 for desktop,,desktop,Trident/7.0
3280282,Found,,,mobile safari generic,,mobile,
3280312,New,,,chrome 63.0 for android,,mobile,SM-G570M Build/NRD90M
3280326,New,,,chrome generic,,desktop,Moto G (4) Build/NPJS25.93-14-13
3280356,Found,,,chrome 63.0 for android,,mobile,SM-G570M Build/NRD90M
3280328,Found,,,chrome 63.0 for android,,mobile,SM-G570M Build/NRD90M
3280361,Found,,,chrome 64.0 for android,,mobile,LG-K410 Build/LRX22G
3280358,New,,,chrome 63.0,,desktop,Windows
3280440,Unknown,,,mobile safari generic,,mobile,
3280400,Found,,,chrome 63.0,,desktop,Windows
3280423,New,,,chrome 63.0 for android,,mobile,SM-J700M Build/MMB29K
3280461,New,,,chrome 63.0 for android,,mobile,SM-J200H
3280539,New,,,chrome 63.0,,desktop,
3280605,New,,,chrome 64.0 for android,,mobile,ALE-L23 Build/HuaweiALE-L23
3294845,Found,,Windows 10,edge 16.0,,desktop,Windows
3280707,New,,,chrome 64.0,,desktop,Windows
3280724,New,,,ie 11.0 for desktop,,desktop,Trident/7.0
3280737,Found,,,chrome 64.0,,desktop,Windows
3280741,Found,,,chrome 64.0 for android,,mobile,Mi
3280771,Found,,,chrome 64.0 for android,,mobile,LG-H650 Build/MRA58K
3280792,Found,,,chrome 64.0 for android,,mobile,XT1053 Build/LPAS23.12-21.7-1
3280820,Unknown,,,mobile safari generic,,mobile,
3281135,New,,,chrome 64.0 for android,,mobile,SAMSUNG-SM-J320AZ
3281127,Found,,,mobile safari generic,,mobile,
3289577,Unknown,,,mobile safari generic,,mobile,
3281211,Found,,,chrome 64.0 for android,,mobile,LG-H650 Build/MRA58K
3281430,New,,,chrome 63.0,,desktop,
3281505,New,,,chrome 63.0,,desktop,Windows
3281547,Unknown,,,chrome 64.0 for android,,mobile,LG-K410 Build/LRX22G
3281629,New,,,chrome generic,,desktop,Moto G (5) Build/NPP25.137-82
3281735,Found,,,edge 14.0,,desktop,Windows
3281699,Found,,,edge 14.0,,desktop,Windows
3281927,Found,,,chrome 63.0,,desktop,Windows
3281980,New,,,chrome 64.0,,desktop,Windows
3282050,New,,,chrome 64.0,,desktop,Windows
3282167,New,,,chrome 63.0,,desktop,Windows
3282310,Found,,,chrome 63.0,,desktop,
3285358,New,,Windows 10,chrome 64.0,1366x768,desktop,Windows
3282587,Found,,,chrome 64.0,,desktop,Windows
3282894,New,,,chrome 64.0 for android,,mobile,Lenovo
3282864,New,,,chrome 64.0 for android,,mobile,SM-G531H Build/LMY48B
3282904,Found,,,chrome 64.0,,desktop,Windows
3282899,New,,,chrome 63.0,,desktop,Windows
3283037,New,,,safari generic,2048x1536,desktop,
3283019,New,,,chrome 64.0 for android,,mobile,SM-J700M Build/MMB29K
3283149,New,,,chrome 64.0 for android,,mobile,SM-A520F Build/NRD90M
3283071,Found,,,chrome 64.0 for android,,mobile,SM-A520F Build/NRD90M
3283136,Found,,,chrome 64.0 for android,,mobile,SM-A520F Build/NRD90M
3283143,Found,,,chrome 64.0 for android,,mobile,SM-A520F Build/NRD90M
3283147,Found,,,chrome 64.0 for android,,mobile,SM-A520F Build/NRD90M
3283145,Found,,,chrome 64.0 for android,,mobile,SM-A520F Build/NRD90M
3283116,New,,,chrome 64.0 for android,,mobile,LG-K200 Build/MXB48T
3283207,New,,,chrome 64.0 for android,,mobile,GT-I9060M Build/KTU84P
3283227,Found,,,chrome 64.0,,desktop,Windows
3283240,New,,,chrome 64.0,,desktop,Windows
3283334,New,,,chrome 63.0 for android,,mobile,CAM-L03 Build/HUAWEICAM-L03
3283312,New,,,chrome 64.0 for android,,mobile,LG-K200 Build/MXB48T
3283304,New,,,firefox 58.0,,desktop,Windows
3283343,New,,,chrome 64.0 for android,,mobile,LG-M710 Build/NRD90U
3283307,Found,,,chrome 58.0 for android,,mobile,Blade V580 Build/LMY47D
3283383,Found,,,chrome 64.0 for android,,mobile,CAM-L03 Build/HUAWEICAM-L03
3283373,Found,,,chrome 64.0 for android,,mobile,CAM-L03 Build/HUAWEICAM-L03
3283357,Found,,,chrome 64.0 for android,,mobile,LG-M710 Build/NRD90U
3283407,Found,,,chrome 64.0 for android,,mobile,LG-M710 Build/NRD90U
3283397,New,,,chrome 64.0 for android,,mobile,SM-G531H Build/LMY48B
3283597,New,,,chrome 63.0,,desktop,Windows
3283657,New,,,chrome 64.0,,desktop,Windows
3283691,Found,,,chrome 64.0,,desktop,Windows
3283733,Found,,,samsung browser 6.2,,mobile,SAMSUNG SM-G935A Build/NRD90M
3283751,New,,,chrome 64.0 for android,,mobile,AERIAL
3283872,Found,,,mobile safari generic,,mobile,
3283916,New,,,mobile safari generic,,mobile,
3283932,Found,,,chrome 63.0,,desktop,
3283922,Found,,,chrome 63.0,,desktop,
3286811,New,,iOS 11.2.5,mobile safari generic,1334x750,mobile,iOS Device
3284115,Found,,,chrome 64.0 for android,,mobile,AERIAL
3284414,New,,,chrome 63.0,,desktop,Windows
3284484,Found,,,chrome 49.0,,desktop,
3284488,New,,,chrome 64.0,,desktop,Windows
3284562,New,,,chrome generic,,desktop,S70V
3284642,Found,,,chrome generic,,desktop,S70V
3284623,New,,,chrome 63.0 for android,,mobile,LG-H542 Build/MRA58K
3284725,Found,,,safari generic,,desktop,
3284868,New,,,chromium,,desktop,Linux
3290536,New,,iOS 11.2.1,mobile safari generic,2436x1125,mobile,iOS Device
3290565,Found,,iOS 11.2.1,mobile safari generic,2436x1125,mobile,iOS Device
3284974,Found,,,chrome 64.0,,desktop,
3285029,Unknown,,,android webview 4.0,,mobile,es-us
3285097,Found,,,chrome 64.0 for android,,mobile,SM-A520F Build/NRD90M
3285090,New,,,chrome 64.0,,desktop,Windows
3285118,Found,,,chrome 64.0,,desktop,Windows
3285077,New,,,chrome 64.0 for android,,mobile,5080A Build/MRA58K
3285163,New,,,chrome 64.0,,desktop,Windows
3285185,New,,,chrome 63.0,,desktop,Windows
3285279,New,,,mobile safari generic,,mobile,
3285226,Found,,,samsung browser 6.2,,mobile,SAMSUNG SM-G950F Build/NRD90M
3285289,New,,,firefox 58.0,,desktop,rv:58.0
3285330,Found,,,chrome 64.0,,desktop,Windows
3290937,New,,Mac OS X 10_13_3,chrome 64.0,2560x1600,desktop,MacOS
3285572,Found,,,chrome 63.0,,desktop,Windows
3285552,Found,,,chrome 64.0 for android,,mobile,Hisense F102 Build/NRD90M
3285526,New,,,chrome generic,,desktop,Moto E (4) Build/NMA26.42-11-3
3285842,New,,,chrome 63.0,,desktop,Windows
3285885,New,,,chrome 63.0,,desktop,Windows
3285927,New,,,chrome 64.0,,desktop,
3285961,Unknown,,,other,,mobile,
3300379,New,,,chrome 64.0,,desktop,Windows
3285990,New,,,chrome 64.0 for android,,mobile,SM-T230 Build/KOT49H
3286032,New,,,chrome 63.0,,desktop,
3286059,,,,,,,
3286119,New,,,chrome generic,,desktop,Moto G (4) Build/NPJ25.93-14.7
3286123,New,,,chrome 64.0 for android,,mobile,SM-J510MN Build/MMB29M
3286179,New,,,chrome 62.0 for android,,mobile,LG-X230 Build/MRA58K
3286160,Found,,,chrome 64.0,,desktop,
3286236,New,,,chrome generic,,desktop,Moto G (5) Build/NPPS25.137-15-11
3288991,Found,,Mac OS X 10_11_6,chrome 64.0,1440x900,desktop,MacOS
3286249,New,,,chrome 63.0 for android,,mobile,MotoG3 Build/MPI24.65-33.1-2
3286348,New,,,firefox 58.0,,desktop,Windows
3286357,New,,,chrome 63.0,,desktop,Windows
3286362,Found,,,chrome 63.0,,desktop,Windows
3286359,New,,,chrome 64.0 for android,,mobile,SM-J700M Build/MMB29K
3286401,Unknown,,,mobile safari generic,,mobile,
3286469,Unknown,,,mobile safari generic,,mobile,
3286519,New,,,chrome 64.0 for android,,mobile,HUAWEI TAG-L13 Build/HUAWEITAG-L13
3286540,New,,,chrome 64.0 for android,,mobile,XT1572 Build/NPHS25.200-15-8
3286660,New,,,chrome 64.0 for android,,mobile,Ilium X710 Build/MRA58K
3286659,Unknown,,,chrome generic,,desktop,Moto G (4) Build/NPJS25.93-14-13
3286666,New,,,chrome 64.0 for android,,mobile,SM-A520F Build/NRD90M
3292271,Found,,Mac OS X 10_12_6,chrome 64.0,2560x1600,desktop,MacOS
3292368,New,IP_PROXY:TRANSPARENT,iOS 11.1.2,mobile safari generic,1334x750,mobile,iOS Device
3286991,Unknown,,,mobile safari generic,,mobile,
3287143,Found,,,chrome 64.0,,desktop,Windows
3287098,Found,,,chrome 63.0,,desktop,Windows
3295579,New,,,chrome 64.0,,desktop,
3287368,New,,,ie 11.0 for desktop,,desktop,Windows
3287489,Found,,,chrome 64.0 for android,,mobile,SM-A520F Build/NRD90M
3287554,New,,,chrome 64.0 for android,,mobile,XT1064 Build/MPB24.65-34-3
3287582,Found,,,chrome 64.0,,desktop,
3287675,New,,,chrome 63.0,,desktop,Windows
3287892,Found,,,chrome 64.0,,desktop,Windows
3287929,Unknown,,,chrome 64.0,,desktop,Windows
3287949,New,,,other,,mobile,SAMSUNG SM-J120H Build/LMY47V
3287962,New,,,chrome 64.0 for android,,mobile,SM-N950F Build/NMF26X
3288090,New,,,chrome 63.0,,desktop,Windows
3288236,New,,,chrome 64.0,,desktop,
3288215,Found,,,chrome 64.0,,desktop,Windows
3288195,Found,,,chrome 64.0,,desktop,Windows
3288238,Found,,,chrome 64.0,,desktop,Windows
3288260,Found,,,chrome 64.0,,desktop,Windows
3288218,Found,,,chrome 64.0,,desktop,Windows
3302872,New,,iOS 11.2.5,mobile safari generic,2048x1536,mobile,iOS Device
3288285,Found,,,chrome 64.0,,desktop,Windows
3288280,Found,,,chrome 64.0,,desktop,Windows
3302906,Found,,iOS 11.2.5,mobile safari generic,2048x1536,mobile,iOS Device
3288347,New,,,chrome 64.0 for android,,mobile,Mi A1 Build/N2G47H
3288420,Unknown,,,mobile safari generic,,mobile,
3288474,New,,,chrome 64.0,,desktop,
3288497,Found,,,chrome 64.0,,desktop,
3288549,New,,,chrome 64.0 for android,,mobile,HTC One_M8 Build/MRA58K
3288620,New,,,chrome 64.0,,desktop,Windows
3288666,New,,,chrome 64.0 for android,,mobile,SM-G610M Build/MMB29K
3288694,Found,,,chrome 64.0 for android,,mobile,SM-A720F Build/NRD90M
3288771,New,,,chrome 63.0 for android,,mobile,SM-G532M Build/MMB29T
3288759,New,,,chrome 63.0,,desktop,
3288822,New,,,chrome 64.0 for android,,mobile,SLA-L03 Build/HUAWEISLA-L03
3288852,Unknown,,,mobile safari generic,,mobile,
3288790,New,,,chrome 64.0 for android,,mobile,SLA-L03 Build/HUAWEISLA-L03
3288807,Found,,,chrome 64.0 for android,,mobile,SLA-L03 Build/HUAWEISLA-L03
3288848,Unknown,,,mobile safari generic,,mobile,
3288860,Found,,,chrome 64.0 for android,,mobile,SLA-L03 Build/HUAWEISLA-L03
3288861,New,,,chrome 64.0 for android,,mobile,Moto Z2 Play Build/NPSS26.118-19-14
3288885,New,,,chrome 64.0 for android,,mobile,SM-G570M Build/MMB29K
3289024,Unknown,,,mobile safari generic,,mobile,
3289052,Unknown,,,mobile safari generic,,mobile,
3289038,Found,,,chrome 64.0,,desktop,Windows
3289059,Unknown,,,mobile safari generic,,mobile,
3289084,New,,,chrome 50.0 for android,,mobile,Y635-L03 Build/HuaweiY635-L03
3289124,New,,,chrome 63.0,,desktop,Windows
3289089,New,,,chrome 63.0,,desktop,
3294801,New,,iOS 11.2.1,mobile safari generic,2436x1125,mobile,iOS Device
3294766,Found,,iOS 11.2.1,mobile safari generic,2436x1125,mobile,iOS Device
3289159,Found,,,chrome 56.0 for android,,mobile,SM-J500M Build/LMY48B
3289196,Found,,,chrome 64.0 for android,,mobile,PRA-LX3 Build/HUAWEIPRA-LX3
3289182,New,,,chrome 64.0 for android,,mobile,Lenovo K33b36 Build/NRD90N
3289223,Found,,,firefox 58.0,,desktop,Windows
3289226,Found,,,firefox 58.0,,desktop,Windows
3289254,New,,,chrome 64.0 for android,,mobile,SM-A320Y
3289255,New,,,chrome 64.0,,desktop,Windows
3289270,New,,,chrome 64.0 for android,,mobile,LG-M400 Build/NRD90U
3289268,New,,,chrome 64.0,,desktop,
3289283,New,,,firefox 58.0,,desktop,rv:58.0
3289315,New,IP_PROXY:TRANSPARENT,,,,desktop,
3289319,Found,IP_PROXY:TRANSPARENT,,,,desktop,
3289316,Found,IP_PROXY:TRANSPARENT,,,,desktop,
3289322,Found,IP_PROXY:TRANSPARENT,,,,desktop,
3289323,Found,IP_PROXY:TRANSPARENT,,,,desktop,
3289325,New,IP_PROXY:TRANSPARENT,,ie,,desktop,Windows NT 6.1
3289328,Found,IP_PROXY:TRANSPARENT,,ie,,desktop,Windows NT 6.1
3292160,New,,iOS 11.2.5,mobile safari generic,1136x640,mobile,iOS Device
3289604,New,,,chrome 64.0 for android,,mobile,F3213 Build/36.1.A.1.86
3289677,New,,,firefox,,desktop,rv:52.0
3289687,Found,,,chrome 64.0,,desktop,
3289762,Found,,,Samsung/SM-G532M,,mobile,SAMSUNG SM-G532M Build/MMB29T
3289768,,,,,,,
3289809,Found,,,Samsung/SM-G532M,,mobile,SAMSUNG SM-G532M Build/MMB29T
3289806,New,,,safari generic,,desktop,
3289750,,,,,,,
3289753,Found,,,Samsung/SM-G532M,,mobile,SAMSUNG SM-G532M Build/MMB29T
3289917,Found,,,chrome 64.0,,desktop,Windows
3289966,Found,,,Samsung/SM-G532M,,mobile,SAMSUNG SM-G532M Build/MMB29T
3289991,Found,,,Samsung/SM-G532M,,mobile,SAMSUNG SM-G532M Build/MMB29T
3290047,Found,,,Samsung/SM-G532M,,mobile,SAMSUNG SM-G532M Build/MMB29T
3290145,New,,,chrome 64.0 for android,,mobile,SM-G900M Build/LRX21T
3290219,New,,,chrome 63.0,,desktop,
3290268,Found,,,chrome 63.0,,desktop,
3305276,New,,,chrome 63.0,,desktop,Windows
3290367,New,,,firefox 48.0,,desktop,rv:48.0
3290318,New,,,chrome 64.0 for android,,mobile,SM-G610M Build/MMB29K
3290425,Found,,,firefox 48.0,,desktop,rv:48.0
3290440,Found,,,chrome 63.0,,desktop,Windows
3290474,New,,,chrome 64.0 for android,,mobile,5011A Build/NRD90M
3290552,New,,,chrome 64.0 for android,,mobile,WAS-LX3 Build/HUAWEIWAS-LX3
3290587,Found,,,firefox 48.0,,desktop,rv:48.0
3290669,Found,,,firefox 48.0,,desktop,rv:48.0
3290633,New,,,chrome 64.0,,desktop,Windows
3290715,New,,,chrome 64.0,,desktop,Windows
3290755,Found,,,chrome 63.0,,desktop,Windows
3290719,New,,,chrome 63.0,,desktop,Windows
3290839,New,,,firefox 58.0,,desktop,Windows
3305887,,,,,,,
3291184,Unknown,,,mobile safari generic,,mobile,
3291218,Found,,,chrome 63.0,,desktop,Windows
3291202,Found,,,chrome 63.0,,desktop,Windows
3291274,Found,,,chrome 63.0,,desktop,Windows
3291221,Found,,,chrome 63.0,,desktop,Windows
3291336,Unknown,,,mobile safari generic,,mobile,
3291350,,,,,,,
3291393,Found,,,chrome 64.0 for android,,mobile,BAC-L03 Build/HUAWEIBAC-L03
3291464,New,,,firefox 58.0,,desktop,Windows
3291512,New,,,chrome 63.0,,desktop,
3297370,Found,,iOS 11.2.5,mobile safari generic,2208x1242,mobile,iOS Device
3291580,Found,,,chrome 64.0,,desktop,Windows
3291523,Found,,,chrome 63.0 for android,,mobile,MotoG3 Build/MPI24.65-33.1-2
3291531,New,,,chrome 64.0 for android,,mobile,SM-J700M Build/MMB29K
3291655,Found,,,chrome 63.0,,desktop,Windows
3291638,Found,,,chrome 64.0 for android,,mobile,HUAWEI VNS-L53 Build/HUAWEIVNS-L53
3291626,Found,,,chrome 64.0 for android,,mobile,HUAWEI VNS-L53 Build/HUAWEIVNS-L53
3291675,New,,,Samsung/SM-G532M,,mobile,SM-G532M Build/MMB29T
3291630,New,,,chrome generic,,desktop,Moto E (4) Plus Build/NMA26.42-11-3
3291693,Found,,,Samsung/SM-G532M,,mobile,SM-G532M Build/MMB29T
3291705,Found,,,Samsung/SM-G532M,,mobile,SM-G532M Build/MMB29T
3291674,Found,,,chrome 64.0 for android,,mobile,SM-G531H Build/LMY48B
3291737,New,,,chrome 64.0 for android,,mobile,SM-G530H Build/LRX22G
3291753,New,,,chrome 63.0,,desktop,Windows
3291793,New,,,chrome 64.0 for android,,mobile,SM-G530H Build/LRX22G
3291852,Unknown,,,mobile safari generic,,mobile,
3291953,Found,,,chrome 64.0 for android,,mobile,HUAWEI VNS-L53 Build/HUAWEIVNS-L53
3291937,New,,,chrome 63.0,,desktop,
3291965,Found,,,chrome 64.0 for android,,mobile,CAM-L03 Build/HUAWEICAM-L03
3291950,New,,,chrome 64.0,,desktop,Windows
3291982,Unknown,,,mobile safari generic,,mobile,
3291993,New,,,chrome 64.0,,desktop,Windows
3291970,Found,,,chrome 64.0,,desktop,Windows
3291984,Unknown,,,mobile safari generic,,mobile,
3292006,Found,,,chrome 63.0,,desktop,Windows
3292015,Unknown,,,mobile safari generic,,mobile,
3292058,New,,,chrome 64.0 for android,,mobile,G3223 Build/42.0.A.4.101
3292096,New,,,ie 11.0 for desktop,,desktop,Trident/7.0
3292106,Unknown,,,mobile safari generic,,mobile,
3292107,Unknown,,,mobile safari generic,,mobile,
3292108,Unknown,,,mobile safari generic,,mobile,
3292373,Unknown,,,mobile safari generic,,mobile,
3292469,Found,,,chrome 64.0 for android,,mobile,XT1063 Build/MPB24.65-34
3292505,New,,,chrome 64.0 for android,,mobile,SM-T110 Build/JDQ39
3292492,Found,,,chrome 64.0 for android,,mobile,SM-T110 Build/JDQ39
3292504,Found,,,chrome 64.0 for android,,mobile,XT1063 Build/MPB24.65-34
3292609,Found,,,chrome generic,,desktop,Moto G (4) Build/NPJ25.93-14.7
3292535,Found,,,ie 11.0 for desktop,,desktop,Trident/7.0
3292745,New,,,chrome 63.0,,desktop,Windows
3292732,Unknown,,,mobile safari generic,,mobile,
3292706,Found,,,chrome 63.0,,desktop,
3292829,New,,,chrome 63.0,,desktop,Windows
3292858,Unknown,,,mobile safari generic,,mobile,
3293250,Found,,,chrome 64.0,,desktop,Windows
3293317,Found,,,chrome 63.0,,desktop,Windows
3293330,New,,,chrome 64.0,,desktop,Windows
3293382,Found,,,chrome 63.0,,desktop,Windows
3293341,New,,,mobile safari generic,,mobile,
3293554,New,,,chrome 64.0,,desktop,
3293555,New,,,chrome 64.0,,desktop,Windows
3293553,Found,,,chrome 64.0,,desktop,Windows
3293600,New,,,samsung browser 6.2,,mobile,SAMSUNG SM-A520F Build/NRD90M
3293606,New,,,chrome 63.0,,desktop,
3293597,Found,,,chrome 43.0 for android,,mobile,ALUMINI
3293729,New,,,chrome 64.0 for android,,mobile,LG-H870 Build/NRD90U
3293677,Unknown,,,mobile safari generic,,mobile,
3293748,Found,,,chrome 63.0,,desktop,
3293780,Found,,,chrome 63.0,,desktop,
3293728,Found,,,chrome 63.0,,desktop,
3293813,New,,,chrome 64.0 for android,,mobile,LG-D693n
3293885,Found,,,chrome 64.0,,desktop,Windows
3293966,Unknown,,,mobile safari generic,,mobile,
3293996,New,,,chrome 64.0,,desktop,Windows
3294018,Found,,,chrome 64.0,,desktop,Windows
3294030,Found,,,chrome 64.0 for android,,mobile,SM-A520F Build/NRD90M
3293992,Found,,,chrome 64.0 for android,,mobile,SM-A520F Build/NRD90M
3294039,Found,,,chrome 64.0 for android,,mobile,SM-A520F Build/NRD90M
3293973,Found,,,chrome 64.0 for android,,mobile,SM-A520F Build/NRD90M
3294031,Found,,,chrome 64.0 for android,,mobile,SM-A520F Build/NRD90M
3294005,Unknown,,,mobile safari generic,,mobile,
3294103,New,,,chrome 64.0 for android,,mobile,SM-J120H Build/LMY47V
3294120,Found,,,chrome 64.0 for android,,mobile,SM-A520F Build/NRD90M
3294175,Found,,,chrome 64.0 for android,,mobile,H1711 Build/HUAWEIH1711
3294279,Found,,,chrome 64.0 for android,,mobile,SM-A520F Build/NRD90M
3294313,Unknown,,,mobile safari generic,,mobile,
3294320,Found,,,samsung browser 6.2,,mobile,SAMSUNG SM-G950F Build/NRD90M
3294390,New,,,chrome 63.0,,desktop,
3294510,Found,,,chrome 64.0 for android,,mobile,ALE-L23 Build/HuaweiALE-L23
3294470,Found,,,chrome 63.0,,desktop,Windows
3294588,New,,,chrome 64.0,,desktop,Windows
3294753,New,,,chrome 64.0 for android,,mobile,HUAWEI RIO-L03 Build/HUAWEIRIO-L03
3294752,Found,,,chrome 63.0,,desktop,Windows
3294762,New,,,chrome 64.0 for android,,mobile,LG-M320 Build/NRD90U
3294781,New,,,chrome 64.0 for android,,mobile,F3113 Build/33.3.A.1.97
3294825,New,,,chrome 64.0 for android,,mobile,SM-J730GM Build/NRD90M
3294843,New,,,chrome 64.0,,desktop,
3294833,Unknown,,,mobile safari generic,,mobile,
3294962,Found,,,chrome 64.0 for android,,mobile,SM-G530H Build/LRX22G
3292070,New,,iOS 11.2.5,mobile safari generic,2208x1242,mobile,iOS Device
3295001,Found,,,chrome 64.0 for android,,mobile,VS5012 Build/NRD90M
3295167,Found,,,chrome 64.0 for android,,mobile,LG-K410 Build/LRX22G
3295270,New,,,chrome 60.0 for android,,mobile,C1904
3295286,Unknown,,,mobile safari generic,,mobile,
3295348,New,,,mobile safari generic,,mobile,
3295444,New,,,other,,mobile,MOT-A6020l37 Build/LMY47V
3295566,New,,,firefox 58.0,,desktop,Windows
3295639,New,,,chrome 64.0 for android,,mobile,SM-J510MN Build/MMB29M
3295602,Found,,,chrome 64.0 for android,,mobile,SM-J510MN Build/MMB29M
3295681,Found,,,chrome 64.0 for android,,mobile,SM-J510MN Build/MMB29M
3298689,New,,Windows 10,chrome 64.0,1366x768,desktop,Windows
3295888,New,,,chrome 63.0,,desktop,Windows
3296116,New,,,chrome 58.0 for android,,mobile,F3213 Build/36.1.A.1.86
3296074,New,,,chrome 61.0,,desktop,
3296114,New,,,chrome 63.0 for android,,mobile,XT1635-02 Build/NPN26.118-22-2
3296267,New,,,chrome 61.0 for android,,mobile,LG-X180g Build/LMY47I
3296301,New,,,chrome 64.0 for android,,mobile,Moto G Play Build/NPIS26.48-36-2
3305566,New,,,samsung browser 6.2,,mobile,SAMSUNG SM-G900F Build/MMB29M
3305634,Found,,,samsung browser 6.2,,mobile,SAMSUNG SM-G900F Build/MMB29M
3299662,New,,iOS 11.0.3,mobile safari generic,1334x750,mobile,iOS Device
3296579,Unknown,,,mobile safari generic,,mobile,
3296537,New,,,edge 16.0,,desktop,Windows
3296541,Found,,,firefox 58.0,,desktop,Windows
3296554,Found,,,chrome 64.0,,desktop,
3296702,New,,,chrome 62.0 for android,,mobile,Blade V6 Max Build/MRA58K
3296770,New,,,chrome 64.0,,desktop,Windows
3296862,Found,,,chrome 64.0 for android,,mobile,F5121 Build/34.3.A.0.238
3296893,New,,,samsung browser 6.2,,mobile,SAMSUNG SM-J700M Build/MMB29K
3297051,New,,,firefox 58.0,,desktop,Windows
3297080,Found,,,firefox 58.0,,desktop,Windows
3297176,Unknown,,,mobile safari generic,,mobile,
3297301,Found,,,chrome 63.0,,desktop,Windows
3297415,Found,,,safari generic,2048x1536,desktop,
3297455,Unknown,,,chrome 64.0,,desktop,Windows
3297586,New,,,chrome 64.0 for android,,mobile,TA-1028 Build/NMF26O
3297736,Found,,,chrome 64.0,,desktop,Windows
3297770,New,,,chrome 52.0 for android,,mobile,MYA-L13 Build/HUAWEIMYA-L13
3313877,Found,,,chrome 64.0 for android,,mobile,SM-A300H Build/LRX22G
3297883,New,,,ie 11.0 for desktop,,desktop,Trident/7.0
3297868,Found,,,ie 11.0 for desktop,,desktop,Trident/7.0
3297889,New,,,chrome 64.0 for android,,mobile,SM-G610M Build/MMB29K
3297875,Found,,,chrome 64.0 for android,,mobile,SM-G531H Build/LMY48B
3297877,New,,,chrome 64.0 for android,,mobile,F3113 Build/33.3.A.1.97
3297880,New,,,chrome 64.0,,desktop,
3297892,Found,,,chrome 64.0,,desktop,
3297951,Unknown,,,mobile safari generic,,mobile,
3297961,Found,,,chrome 61.0 for android,,mobile,Redmi Note 4 Build/NRD90M
3298230,New,,,chrome 64.0 for android,,mobile,5080A Build/MRA58K
3298229,Found,,,chrome 64.0 for android,,mobile,5080A Build/MRA58K
3298248,Found,,,chrome 64.0 for android,,mobile,5080A Build/MRA58K
3298282,Found,,,chrome 64.0 for android,,mobile,5080A Build/MRA58K
3298367,New,,,chrome 64.0 for android,,mobile,SM-G950F Build/NRD90M
3298353,Unknown,,,mobile safari generic,,mobile,
3298438,New,,,chrome 63.0 for android,,mobile,SM-G531H Build/LMY48B
3298563,New,,,chrome 63.0 for android,,mobile,Blade V6 Plus Build/MRA58K
3298717,Unknown,,,mobile safari generic,,mobile,
3298798,Found,,,chrome 60.0 for android,,mobile,HTC
3298804,Unknown,,,mobile safari generic,,mobile,
3298982,Found,,,chrome 64.0 for android,,mobile,SM-A510M Build/MMB29K
3299002,New,,,chrome 64.0,,desktop,Windows
3299082,New,,,chrome 64.0,,desktop,Windows
3299155,Unknown,,,mobile safari generic,,mobile,
3299140,Unknown,,,mobile safari generic,,mobile,
3299278,Found,,,chrome 64.0,,desktop,Windows
3302347,New,,,chrome 64.0,,desktop,Windows
3299418,Found,,,chrome 64.0 for android,,mobile,BLL-L23 Build/HUAWEIBLL-L23
3299452,Found,,,ie 11.0 for desktop,,desktop,Trident/7.0
3299650,Unknown,,,safari generic,,desktop,
3299700,Found,,,chrome 63.0,,desktop,Windows
3299889,Found,,,chrome 63.0 for android,,mobile,SM-G532M Build/MMB29T
3299918,Found,,,chrome 63.0 for android,,mobile,SM-G532M Build/MMB29T
3299907,Found,,,chrome 63.0 for android,,mobile,SM-G532M Build/MMB29T
3299904,Found,,,chrome 63.0 for android,,mobile,SM-G532M Build/MMB29T
3300018,Found,,,chrome 63.0 for android,,mobile,SM-G532M Build/MMB29T
3309431,Found,,,chrome 64.0 for android,,mobile,SM-G950F Build/NRD90M
3300054,New,,,chrome 63.0,,desktop,
3300250,New,,,chrome 64.0 for android,,mobile,Lenovo K33b36 Build/MMB29M
3300280,Found,,,chrome 64.0 for android,,mobile,SM-G570M Build/MMB29K
3300328,,,,,,,
3300323,New,,,chrome 64.0 for android,,mobile,MYA-L13 Build/HUAWEIMYA-L13
3300347,Found,,,chrome 63.0 for android,,mobile,SM-G532M Build/MMB29T
3300430,Found,,,chrome 64.0,,desktop,Windows
3309908,New,,,chrome 64.0,,desktop,
3309839,Found,,,chrome 64.0,,desktop,
3300523,New,,,chrome 64.0 for android,,mobile,SLA-L03 Build/HUAWEISLA-L03
3300535,Unknown,,,mobile safari generic,,mobile,
3306844,New,,,mobile safari generic,2208x1242,mobile,
3300585,New,,,chrome 64.0 for android,,mobile,SM-G570M Build/MMB29K
3300558,Found,,,chrome 64.0,,desktop,
3300569,New,,,safari generic,,desktop,
3300613,New,,,chrome 51.0 for android,,mobile,SM-G925I
3300709,Found,,,chrome 64.0 for android,,mobile,LG-K410 Build/LRX22G
3300699,Unknown,,,mobile safari generic,,mobile,
3300736,New,,,chrome 63.0 for android,,mobile,SM-J320M Build/LMY47V
3301489,New,,,chrome 64.0 for android,,mobile,SM-G570M Build/MMB29K
3301540,Found,,,chrome 63.0,,desktop,Windows
3301674,New,,,chrome 64.0 for android,,mobile,Lenovo K33b36 Build/MMB29M
3301718,New,,,chrome 64.0 for android,,mobile,Moto Z2 Play Build/NPS26.74-16-1
3301736,New,,,mobile safari generic,,mobile,
3301855,Found,,,chrome 64.0,,desktop,Windows
3302022,New,,,chrome 64.0 for android,,mobile,PRA-LX3 Build/HUAWEIPRA-LX3
3302336,Found,,,chrome 64.0,,desktop,Windows
3302372,Found,,,chrome 64.0,,desktop,Windows
3302646,Found,IP_PROXY:TRANSPARENT,,ie 11.0 for desktop,,desktop,Trident/7.0
3302694,New,,,chrome 64.0,,desktop,
3320509,,,,,,,
3302878,Found,,,chrome 64.0,,desktop,Windows
3302993,New,,,chrome 55.0,,desktop,Windows
3303194,New,,,chrome 64.0 for android,,mobile,LG-X180g Build/LMY47I
3303285,Unknown,,,mobile safari generic,,mobile,
3303335,Found,,,chrome 64.0,,desktop,
3303319,New,,,chrome 64.0 for android,,mobile,ALE-L23 Build/HuaweiALE-L23
3303412,New,,,firefox 58.0,,desktop,rv:58.0
3303465,New,,,safari generic,,desktop,
3303418,Found,,,edge 15.0,,desktop,Windows
3303449,Found,,,firefox 58.0,,desktop,
3313487,New,,,chrome 64.0,,desktop,
3303935,New,,,chrome 61.0 for android,,mobile,Blade L5 Build/LMY47I
3303889,New,,,chrome 62.0 for android,,mobile,PLE-701L
3303980,Unknown,,,mobile safari generic,,mobile,
3303995,New,,,chrome 63.0,,desktop,Windows
3304171,New,,,chrome generic,,desktop,Moto G (5) Build/NPP25.137-93
3304245,Found,,,chrome 64.0 for android,,mobile,HUAWEI TAG-L13 Build/HUAWEITAG-L13
3322771,New,,,chrome 56.0 for android,,mobile,5011A Build/NRD90M
3307848,Found,,Windows 8.1,chrome 64.0,1366x768,desktop,Windows
3305007,Found,,,chrome 49.0,,desktop,
3305194,New,,,chrome 63.0,,desktop,
3302409,New,,Windows 10,edge 16.0,1600x900,desktop,Windows
3305630,Found,,,chrome 63.0,,desktop,
3305687,New,,,chrome 63.0,,desktop,Windows
3305667,Found,,,chrome 64.0,,desktop,Windows
3305775,New,,,chrome 64.0,,desktop,
3305738,New,,,chrome generic,,desktop,LG-D320 Build/KOT49I.V10a
3305760,Found,,,chrome 64.0,,desktop,Windows
3324555,New,,iOS 11.2.6,mobile safari generic,1334x750,mobile,iOS Device
3305815,Unknown,,,mobile safari generic,,mobile,
3305795,Found,,,chrome 64.0,,desktop,Windows
3305881,New,,,chrome 63.0 for android,,mobile,iris702
3305957,Found,,,chrome 64.0 for android,,mobile,Hisense F102 Build/NRD90M
3305943,New,,,chrome 64.0,,desktop,Windows
3305939,New,,,ie 11.0 for tablet,,desktop,Trident/7.0
3305975,Found,,,chrome 64.0,,desktop,Windows
3306008,Found,,,chrome 64.0,,desktop,Windows
3306015,Found,,,chrome 64.0,,desktop,Windows
3305990,Unknown,,,mobile safari generic,,mobile,
3306082,Found,,,chrome 64.0,,desktop,Windows
3306042,Unknown,,,mobile safari generic,,mobile,
3306049,New,,,mobile safari generic,,mobile,
3306113,Found,,,chrome 64.0,,desktop,Windows
3316685,Found,,,chrome 64.0,,desktop,Windows
3316755,Found,,,chrome 64.0,,desktop,Windows
3306148,Unknown,,,mobile safari generic,,mobile,
3306397,Found,,,chrome 64.0,,desktop,Windows
3306487,New,,,Samsung/SM-G532M,,mobile,SAMSUNG SM-G532M Build/MMB29T
3306440,Found,,,Samsung/SM-G532M,,mobile,SAMSUNG SM-G532M Build/MMB29T
3306610,Unknown,,,mobile safari generic,,mobile,
3306629,Found,,,chrome 63.0,,desktop,Windows
3306608,New,,,mobile safari generic,,mobile,
3306946,Unknown,,,mobile safari generic,,mobile,
3306921,New,,,mobile safari generic,,mobile,
3306916,New,,,ie 11.0 for desktop,,desktop,Trident/7.0
3306976,Unknown,,,mobile safari generic,,mobile,
3307056,Found,,,chrome 64.0,,desktop,Windows
3307037,Found,,,chrome 63.0 for android,,mobile,Moto Z2 Play Build/NPSS26.118-19-14
3307060,New,,,chrome 58.0 for android,,mobile,SM-J730GM Build/NRD90M
3307158,Found,,,chrome 58.0 for android,,mobile,SM-J730GM Build/NRD90M
3307116,Found,,,chrome 58.0 for android,,mobile,SM-J730GM Build/NRD90M
3307113,Found,,,ie 11.0 for desktop,,desktop,Trident/7.0
3307135,New,,,chrome 64.0 for android,,mobile,MYA-L13 Build/HUAWEIMYA-L13
3307144,Found,,,ie 11.0 for desktop,,desktop,Trident/7.0
3307161,Found,,,ie 11.0 for desktop,,desktop,Trident/7.0
3307202,Found,,,chrome 64.0,,desktop,Windows
3313978,Found,,,chrome 64.0,,desktop,Windows
3310371,Found,,iOS 11.2.6,mobile safari generic,2208x1242,mobile,iOS Device
3307219,Found,,,chrome 63.0,,desktop,Windows
3307245,Found,,,chrome 63.0,,desktop,Windows
3307228,New,,,firefox 58.0,,desktop,Windows
3307244,Found,,,chrome 63.0,,desktop,Windows
3307257,Found,,,chrome generic,,desktop,Moto G (5) Plus Build/NPN25.137-72
3307264,Found,,,chrome generic,,desktop,Moto G (5) Plus Build/NPN25.137-72
3307265,Found,,,chrome generic,,desktop,Moto G (5) Plus Build/NPN25.137-72
3307261,Found,,,chrome generic,,desktop,Moto G (5) Plus Build/NPN25.137-72
3307272,Unknown,,,chrome 64.0,,desktop,
3307649,New,,,chrome 64.0 for android,,mobile,Blade V580 Build/LMY47D
3307598,Found,,,mobile safari generic,,mobile,
3307624,Found,,,chrome 62.0 for android,,mobile,Blade V6 Max Build/MRA58K
3314647,New,,Windows 8.1,chrome 63.0,3840x1080,desktop,Windows
3308072,New,,,chrome 64.0 for android,,mobile,SM-G570M Build/MMB29K
3308074,New,,,chrome 63.0,,desktop,Windows
3308150,Found,,,chrome 64.0 for android,,mobile,ALE-L23 Build/HuaweiALE-L23
3308499,New,,,chrome generic,,desktop,Moto
3308522,Found,,,chrome 64.0 for android,,mobile,LG-K220 Build/MXB48T
3308562,Found,,,chrome 64.0 for android,,mobile,LG-K220 Build/MXB48T
3308572,Found,IP_PROXY:ANONYMOUS,,chrome 64.0,,desktop,
3308616,Found,,,chrome 64.0 for android,,mobile,LG-K220 Build/MXB48T
3308786,New,,,chrome 63.0,,desktop,
3308817,Unknown,,,mobile safari generic,,mobile,
3308790,Unknown,,,mobile safari generic,,mobile,
3308868,Unknown,,,mobile safari generic,,mobile,
3308898,New,,,chrome 64.0,,desktop,Windows
3308929,Found,,,chrome 64.0,,desktop,Windows
3308997,New,,,chrome generic,,desktop,SM-G530H Build/KTU84P
3308951,Unknown,,,mobile safari generic,,mobile,
3308978,New,,,chrome 50.0 for android,,mobile,LG-H542 Build/MRA58K
3308971,Unknown,,,mobile safari generic,,mobile,
3308935,New,,,chrome 63.0,,desktop,
3309100,New,,,chrome generic,,desktop,Moto G (5) Build/NPP25.137-93
3309241,Found,,,mobile safari generic,,mobile,
3309233,Found,,,chrome 64.0 for android,,mobile,H1711 Build/HUAWEIH1711
3309225,Found,,,chrome 64.0,,desktop,Windows
3309209,Found,,,chrome 60.0 for android,,mobile,C1904
3309407,New,,,safari generic,,desktop,
3309553,Found,,,chrome 64.0,,desktop,
3309471,New,,,chrome 64.0,,desktop,Windows
3309712,,,,,,,
3309652,,,,,,,
3309735,New,,,chrome 63.0 for android,,mobile,5054S Build/LMY47V
3309891,Unknown,,,mobile safari generic,,mobile,
3309941,Found,,,chrome 64.0,,desktop,
3310005,Found,,,chrome 64.0 for android,,mobile,TRT-L53 Build/HUAWEITRT-L53
3309965,Unknown,,,mobile safari generic,,mobile,
3310025,New,,,chrome 64.0,,desktop,Windows
3310058,New,,,chrome 64.0,,desktop,Windows
3310062,New,,,chrome 64.0,,desktop,
3310042,New,,,firefox,,desktop,rv:39.0
3310090,New,,,chrome 64.0,,desktop,Windows
3310040,Found,,,firefox,,desktop,rv:39.0
3310095,Found,,,firefox,,desktop,rv:39.0
3310132,New,,,chrome 63.0 for android,,mobile,SM-G531H Build/LMY48B
3310070,Found,,,firefox,,desktop,rv:39.0
3310066,Found,,,firefox,,desktop,rv:39.0
3310131,Found,,,firefox,,desktop,rv:39.0
3307015,New,,Android 7.1.1,chrome 64.0 for android,1280x800,mobile,NX16A8116KP
3310182,New,,,chrome 64.0 for android,,mobile,HUAWEI TAG-L13 Build/HUAWEITAG-L13
3310191,New,,,chrome 64.0,,desktop,Windows
3310143,Found,,,chrome 64.0,,desktop,Windows
3310193,New,,,chrome 64.0 for android,,mobile,5011A Build/NRD90M
3310209,Found,,,chrome 64.0,,desktop,Windows
3310184,New,,,chrome 64.0 for android,,mobile,MYA-L13 Build/HUAWEIMYA-L13
3322019,New,,,chrome 64.0,,desktop,
3310296,New,,,chrome 64.0,,desktop,Windows
3310319,Found,,,chrome 64.0 for android,,mobile,MotoG3-TE Build/MPDS24.65-33-1-30
3310339,New,,,chrome 63.0,,desktop,
3310328,New,,,chrome 64.0,,desktop,
3310353,New,,,chrome 64.0,,desktop,Windows
3310335,New,,,chrome 64.0 for android,,mobile,E2306 Build/26.1.A.3.111
3310390,New,,,chrome 64.0 for android,,mobile,LG-K580 Build/MRA58K
3310512,Found,,,samsung browser generic,,mobile,SAMSUNG SM-T710 Build/NRD90M
3310510,Found,,,samsung browser generic,,mobile,SAMSUNG SM-T710 Build/NRD90M
3310646,New,,,edge 15.0,,desktop,Windows
3310645,Found,,,chrome 64.0 for android,,mobile,H1711 Build/HUAWEIH1711
3310697,Found,,,chrome 64.0 for android,,mobile,H1711 Build/HUAWEIH1711
3310676,Found,,,chrome 64.0 for android,,mobile,H1711 Build/HUAWEIH1711
3310694,Found,,,chrome 64.0 for android,,mobile,H1711 Build/HUAWEIH1711
3310732,New,,,chrome 64.0,,desktop,Windows
3310737,Found,,,chrome 64.0,,desktop,Windows
3310704,Found,,,chrome 64.0,,desktop,Windows
3314513,Found,,,safari generic,,desktop,
3322692,Found,,,chrome 64.0,,desktop,
3322716,Found,,,chrome 63.0,,desktop,
3311022,New,,,edge 16.0,,desktop,Windows
3318714,New,IP_PROXY:ANONYMOUS,Windows 7,ie 11.0 for desktop,1600x900,desktop,Trident/7.0
3318718,Found,IP_PROXY:ANONYMOUS,Windows 7,ie 11.0 for desktop,1600x900,desktop,Trident/7.0
3311397,Unknown,,,mobile safari generic,,mobile,
3311432,New,,,chrome 64.0,,desktop,Windows
3311673,New,,,chrome 64.0 for android,,mobile,LG-M250 Build/NRD90U
3315527,New,,,chrome 64.0,,desktop,Windows
3311799,New,,,chrome 64.0,,desktop,Windows
3311844,Found,,,chrome generic,,desktop,MotoE2(4G-LTE
3312012,New,,,chrome 64.0,,desktop,Windows
3312261,Found,,,chrome 64.0 for android,,mobile,XT1635-02 Build/NPN26.118-22-2
3312267,New,,,chrome 62.0 for android,,mobile,SM-J320M Build/LMY47V
3324490,Found,,,chrome 64.0,,desktop,Windows
3312443,New,,,chrome 60.0 for android,,mobile,Ilium L1120 Build/NRD90M
3312546,Found,,,chrome 64.0 for android,,mobile,0PM92
3312580,New,,,chrome 64.0 for android,,mobile,CAM-L03 Build/HUAWEICAM-L03
3312535,New,,,chrome 63.0 for android,,mobile,SM-J710MN Build/MMB29K
3312685,New,,,chrome 64.0,,desktop,
3312704,Found,,,chrome 64.0,,desktop,
3312649,New,,,samsung browser generic,,mobile,SAMSUNG SM-A730F Build/NMF26X
3312841,Found,,,chrome 64.0,,desktop,
3312822,Found,,,chrome 64.0,,desktop,
3312824,Found,,,chrome 63.0 for android,,mobile,SM-G531H Build/LMY48B
3312852,Found,,,chrome 63.0 for android,,mobile,SM-G531H Build/LMY48B
3312919,New,,,chrome 64.0,,desktop,Windows
3312929,New,,,chrome 64.0,,desktop,
3313049,New,,,chrome 64.0 for android,,mobile,ALE-L23 Build/HuaweiALE-L23
3313166,New,,,chrome 64.0 for android,,mobile,SM-J701M Build/NRD90M
3313265,Found,,,chrome 64.0,,desktop,
3313293,New,,,chrome 64.0,,desktop,
3313374,Unknown,,,mobile safari generic,,mobile,
3313352,New,,,chrome 64.0,,desktop,Windows
3313406,Found,,,chrome 64.0 for android,,mobile,5011A Build/NRD90M
3313408,New,,,chrome 64.0,,desktop,Windows
3313448,New,,,chrome 63.0 for android,,mobile,HTC Desire 626s Build/LMY47O
3313362,Found,,,chrome 64.0,,desktop,Windows
3313394,Found,,,chrome 64.0 for android,,mobile,LG-K200 Build/MXB48T
3313549,New,,,chrome 64.0,,desktop,
3333735,Found,,,chrome 64.0,,desktop,Windows
3313561,Found,,,chrome 64.0,,desktop,
3313626,New,,,chrome 64.0,,desktop,
3313700,,,,,,,
3313758,Unknown,,,mobile safari generic,,mobile,
3313724,New,,,chrome 64.0,,desktop,Windows
3313757,Found,,,chrome 64.0,,desktop,Windows
3313761,Found,,,chrome 64.0,,desktop,Windows
3313697,Found,,,chrome 64.0 for android,,mobile,LG-M710 Build/NRD90U
3313705,Found,,,chrome 64.0,,desktop,Windows
3313727,Found,,,chrome 64.0 for android,,mobile,5011A Build/NRD90M
3313748,New,,,chrome 64.0 for android,,mobile,SM-A720F Build/NRD90M
3313825,Found,,,chrome generic,,desktop,Moto G (5) Plus Build/NPN25.137-72
3313777,Found,,,chrome generic,,desktop,Moto G (5) Plus Build/NPN25.137-72
3313752,Found,,,chrome generic,,desktop,Moto G (5) Plus Build/NPN25.137-72
3313808,Found,,,chrome generic,,desktop,Moto G (5) Plus Build/NPN25.137-72
3313798,New,,,chrome 64.0 for android,,mobile,SM-J730G Build/NRD90M
3313804,New,,,chrome 64.0 for android,,mobile,VTR-L09 Build/HUAWEIVTR-L09
3313834,Found,,,chrome generic,,desktop,Moto G (5) Plus Build/NPN25.137-72
3313807,Found,,,chrome generic,,desktop,Moto G (5) Plus Build/NPN25.137-72
3313831,Found,,,chrome generic,,desktop,Moto G (5) Plus Build/NPN25.137-72
3313908,Found,,,chrome 64.0 for android,,mobile,SM-J700M Build/MMB29K
3313913,Found,,,chrome 63.0 for android,,mobile,VTR-L09 Build/HUAWEIVTR-L09
3313948,Found,,,chrome 63.0 for android,,mobile,VTR-L09 Build/HUAWEIVTR-L09
3313956,Found,,,samsung browser generic,,mobile,SAMSUNG SM-G950F Build/NRD90M
3313989,Found,,,chrome 63.0 for android,,mobile,VTR-L09 Build/HUAWEIVTR-L09
3313994,Found,,,chrome 63.0 for android,,mobile,VTR-L09 Build/HUAWEIVTR-L09
3313996,Found,,,samsung browser generic,,mobile,SAMSUNG SM-G950F Build/NRD90M
3313972,Found,,,chrome 63.0 for android,,mobile,VTR-L09 Build/HUAWEIVTR-L09
3313997,Unknown,,,mobile safari generic,,mobile,
3314005,Unknown,,,mobile safari generic,,mobile,
3313985,Found,,,chrome 63.0 for android,,mobile,VTR-L09 Build/HUAWEIVTR-L09
3314022,New,,,other,,mobile,Lenovo
3314024,Found,,,chrome 64.0,,desktop,Windows
3314031,New,,,chrome 64.0 for android,,mobile,Blade V580 Build/LMY47D
3314001,Found,,,chrome 64.0 for android,,mobile,Blade V580 Build/LMY47D
3314043,Found,,,chrome 49.0,,desktop,
3314046,Found,,,chrome 64.0 for android,,mobile,CAM-L03 Build/HUAWEICAM-L03
3314055,New,,,chrome 64.0 for android,,mobile,ALE-L23 Build/HuaweiALE-L23
3314059,Found,,,chrome 64.0 for android,,mobile,CAM-L03 Build/HUAWEICAM-L03
3314089,New,,,chrome 64.0 for android,,mobile,LG-H320 Build/LRX21Y
3318081,Unknown,,,mobile safari generic,,mobile,
3314366,Found,,,chrome 64.0,,desktop,Windows
3314339,Found,,,chrome 64.0,,desktop,Windows
3314393,Found,,,chrome 63.0 for android,,mobile,8050G Build/LMY47I
3314409,Found,,,chrome 63.0 for android,,mobile,8050G Build/LMY47I
3314417,Found,,,chrome 63.0 for android,,mobile,8050G Build/LMY47I
3314432,Found,,,chrome 63.0 for android,,mobile,8050G Build/LMY47I
3322690,New,,Windows 7,ie 11.0 for desktop,1920x1080,desktop,Trident/7.0
3314912,New,,,edge 16.0,,desktop,Windows
3314999,New,,,chrome 64.0 for android,,mobile,Blade V6 Plus Build/MRA58K
3315099,New,,,safari generic,,desktop,
3315135,New,,,ie 11.0 for desktop,,desktop,Trident/7.0
3315222,New,,,mobile safari generic,,mobile,
3315275,Found,,,samsung browser generic,,mobile,SAMSUNG SM-T810 Build/NRD90M
3315255,New,,,firefox 58.0,,desktop,
3315448,Unknown,,,chrome 64.0,,desktop,Windows
3315459,Unknown,,,mobile safari generic,,mobile,
3315481,Found,,,samsung browser generic,,mobile,Moto G (4) Build/NPJ25.93-14.7
3315558,Found,,,ie 11.0 for desktop,,desktop,Trident/7.0
3315659,New,,,chrome 64.0,,desktop,Windows
3315746,New,,,chrome 64.0 for android,,mobile,SM-G935F Build/NRD90M
3316240,New,,,chrome 64.0,,desktop,Windows
3316188,New,,,,,mobile,TA-1044 Build/OPR1.170623.026
3316345,New,,,chrome 64.0,,desktop,Windows
3316466,Found,,,chrome 64.0,,desktop,Windows
3316610,New,,,chrome 64.0,,desktop,Windows
3328963,New,,Windows 7,firefox 58.0,1366x768,desktop,Windows
3316632,New,,,chrome 64.0 for android,,mobile,LG-K410 Build/LRX22G
3316781,New,,,chrome 64.0,,desktop,
3316974,New,,,chrome 64.0 for android,,mobile,SM-A720F Build/NRD90M
3316984,New,,,chrome 64.0 for android,,mobile,BLU ENERGY X PLUS Build/LRX21M
3317098,Unknown,,,mobile safari generic,,mobile,
3317066,New,,,chrome 64.0,,desktop,Windows
3317078,Found,,,chrome 64.0,,desktop,Windows
3317062,Found,,,chrome 64.0,,desktop,Windows
3317203,New,,,chrome,,desktop,
3317112,New,,,chrome 64.0,,desktop,Windows
3317142,Found,,,chrome 64.0 for android,,mobile,SM-J710MN Build/MMB29K
3317227,New,,,chrome 64.0,,desktop,Windows
3317162,,,,,,,
3317304,New,,,firefox 58.0,,desktop,Windows
3317290,Unknown,,,mobile safari generic,,mobile,
3317339,Found,,,safari generic,,desktop,
3317595,Found,,,chrome 64.0 for android,,mobile,LG-K410 Build/LRX22G
3317604,Found,,,chrome 64.0 for android,,mobile,LG-K410 Build/LRX22G
3317743,Found,,,samsung browser 6.2,,mobile,SAMSUNG SM-A520F Build/NRD90M
3317817,Found,,,chrome 64.0 for android,,mobile,LG-H840 Build/NRD90U
3317866,New,,,firefox 52.0,,desktop,
3317927,Unknown,,,mobile safari generic,,mobile,
3317954,New,,,chrome 64.0,,desktop,
3317956,Found,,,chrome 64.0,,desktop,
3317939,Found,,,chrome 64.0,,desktop,
3317948,Found,,,chrome 64.0,,desktop,
3317959,Found,,,chrome 64.0,,desktop,
3330430,Found,,,chrome 64.0 for android,,mobile,SM-G950F Build/NRD90M
3318049,Found,,,chrome 64.0 for android,,mobile,SM-S727VL Build/MMB29M
3318174,New,,,chrome 64.0 for android,,mobile,EVA-L09 Build/HUAWEIEVA-L09
3318180,New,,,firefox 58.0,,desktop,Windows
3326638,Found,,,firefox 58.0,,desktop,
3318320,New,,,chrome,,desktop,
3330698,Found,,Windows 10,chrome 64.0,1680x1050,desktop,Windows
3330761,Found,,Windows 10,chrome 64.0,1680x1050,desktop,Windows
3330702,Found,,Windows 10,chrome 64.0,1680x1050,desktop,Windows
3318697,New,,,chrome 64.0 for android,,mobile,GT-S7275B
3323111,New,,Windows 10,edge 16.0,1920x1080,desktop,Windows
3318955,New,,,chrome 50.0 for android,,mobile,SM-G531H Build/LMY48B
3319203,Unknown,,,mobile safari generic,,mobile,
3319143,Found,,,chrome 64.0,,desktop,Windows
3319174,Found,,,chrome 63.0 for android,,mobile,Ilium X210 Build/LMY47I
3319582,Found,,,chrome 63.0 for android,,mobile,SM-G531H Build/LMY48B
3319602,New,,,chrome 64.0,,desktop,
3319756,New,,,chrome 56.0 for android,,mobile,LG-X230 Build/MRA58K
3319913,Found,,,chrome 64.0 for android,,mobile,SM-J701M Build/NRD90M
3319832,Found,,,chrome 64.0 for android,,mobile,SM-J701M Build/NRD90M
3319860,New,,,chrome 64.0,,desktop,Windows
3320031,New,,,chrome 64.0 for android,,mobile,RNE-L03 Build/HUAWEIRNE-L03
3320066,New,,,ie 11.0 for desktop,,desktop,Trident/7.0
3320285,New,,,chrome 52.0 for android,,mobile,5010G Build/MRA58K
3320191,Found,,,chrome 52.0 for android,,mobile,5010G Build/MRA58K
3320267,Found,,,chrome 52.0 for android,,mobile,5010G Build/MRA58K
3320449,Found,,,Samsung/SM-G532M,,mobile,SM-G532M Build/MMB29T
3320385,New,,,Inco/Minion,,mobile,Minion_Tab
3320378,New,,,chrome 64.0 for android,,mobile,Tmovi Build/Vision
3320563,Found,,,chrome 63.0,,desktop,
3320624,Found,,,chrome 64.0,,desktop,Windows
3320674,New,,,ie 11.0 for desktop,,desktop,Trident/7.0
3321164,New,,,samsung browser 6.2,,mobile,SAMSUNG SM-G610M Build/MMB29K
3321168,New,,,chrome 64.0 for android,,mobile,HUAWEI CUN-L03 Build/HUAWEICUN-L03
3321179,New,,,chrome generic,,desktop,Moto Z (2
3321277,Found,,,chrome 64.0 for android,,mobile,Blade V6 Plus Build/MRA58K
3321163,Found,,,chrome 64.0 for android,,mobile,Blade V6 Plus Build/MRA58K
3321265,Found,,,chrome 64.0 for android,,mobile,Blade V6 Plus Build/MRA58K
3321344,New,,,chrome 61.0 for android,,mobile,Redmi Note 4 Build/NRD90M
3321322,New,,,chrome 64.0,,desktop,
3321333,New,,,chrome 64.0,,desktop,Windows
3321453,Unknown,,,mobile safari generic,,mobile,
3321555,New,,,chrome 64.0 for android,,mobile,HUAWEI TAG-L13 Build/HUAWEITAG-L13
3321543,New,,,chrome 64.0 for android,,mobile,E5506 Build/29.1.A.0.101
3321646,,,,,,,
3321651,Unknown,,,chrome 63.0,,desktop,Windows
3321721,New,,,chrome 64.0,,desktop,Windows
3321735,New,,,chrome 64.0 for android,,mobile,LG-K530 Build/MMB29M
3321798,Unknown,,,mobile safari generic,,mobile,
3321865,Found,,,chrome 64.0 for android,,mobile,LGMS428
3321879,New,,,chrome 64.0 for android,,mobile,SM-J700M Build/MMB29K
3321950,Found,,,chrome 64.0,,desktop,Windows
3321971,,,,,,,
3322072,Found,,,chrome 64.0 for android,,mobile,SM-G532M Build/MMB29T
3322067,Found,,,chrome 64.0 for android,,mobile,SM-G532M Build/MMB29T
3322052,Found,,,chrome 64.0 for android,,mobile,SM-G532M Build/MMB29T
3322037,Found,,,chrome 64.0 for android,,mobile,SM-G532M Build/MMB29T
3322212,Found,,,chrome 64.0 for android,,mobile,Turbo C5 Build/LMY47I
3322206,Found,,,chrome 64.0 for android,,mobile,Turbo C5 Build/LMY47I
3322262,New,,,chrome 62.0 for android,,mobile,HUAWEI CUN-L03 Build/HUAWEICUN-L03
3322382,New,,,chrome 64.0,,desktop,Windows
3322461,Found,,,chrome 64.0 for android,,mobile,LGMS428
3322546,New,,,chrome 64.0 for android,,mobile,SM-J120H Build/LMY47V
3323768,New,,,chrome 64.0 for android,,mobile,XT1032 Build/LPBS23.13-56-2
3323813,New,,,chrome 56.0 for android,,mobile,Ilium LT520 Build/NRD90M
3323715,Unknown,,,mobile safari generic,,mobile,
3323779,Found,,,chrome 63.0,,desktop,
3323783,New,,,ie 11.0 for desktop,,desktop,Trident/7.0
3323787,Found,,,chrome 56.0 for android,,mobile,Ilium LT520 Build/NRD90M
3323823,Found,,,chrome 56.0 for android,,mobile,Ilium LT520 Build/NRD90M
3323814,Found,,,chrome 56.0 for android,,mobile,Ilium LT520 Build/NRD90M
3323797,Found,,,ie 11.0 for desktop,,desktop,Trident/7.0
3324027,Unknown,,,mobile safari generic,,mobile,
3324298,New,,,chrome 64.0,,desktop,Windows
3324374,New,,,chrome 64.0,,desktop,Windows
3324311,Found,,,chrome 64.0,,desktop,Windows
3324464,Unknown,,,mobile safari generic,,mobile,
3324442,New,,,chrome 64.0 for android,,mobile,LG-X180g Build/LMY47I
3324604,Found,,,chrome generic,,desktop,Moto E (4) Plus Build/NMA26.42-11-3
3324707,New,,,chrome 60.0 for android,,mobile,SM-G531H Build/LMY48B
3324904,Unknown,,,mobile safari generic,,mobile,
3324882,New,,,chrome generic,,desktop,Moto G (5) Build/NPP25.137-93
3325130,Found,,,chrome 64.0 for android,,mobile,SM-G531H Build/LMY48B
3325206,Found,,,chrome 64.0,,desktop,Windows
3325303,Found,,,chrome 64.0,,desktop,Windows
3325323,New,,,chrome 63.0,,desktop,Windows
3325292,New,,,mobile safari generic,,mobile,
3325377,New,,,samsung browser generic,,mobile,SAMSUNG SM-G955F Build/NRD90M
3325455,New,,,chrome 64.0,,desktop,
3325363,Unknown,,,mobile safari generic,,mobile,
3325407,New,,,chrome generic,,desktop,Moto G (4) Build/NPJS25.93-14-13
3325440,Found,,,chrome 63.0,,desktop,Windows
3325420,Found,,,chrome 63.0,,desktop,Windows
3325469,New,,,chrome 64.0 for android,,mobile,SM-J700M Build/MMB29K
3325541,New,,,chrome 64.0 for android,,mobile,E5306 Build/27.3.A.0.165
3325655,New,,,chrome 64.0 for android,,mobile,SM-G531H Build/LMY48B
3325676,Unknown,,,mobile safari generic,,mobile,
3325702,New,,,chrome 64.0,,desktop,Windows
3325716,New,,,chrome 64.0 for android,,mobile,SM-G610M Build/MMB29K
3325610,Found,,,chrome 64.0 for android,,mobile,SM-G610M Build/MMB29K
3325740,New,,,chrome generic,,desktop,Moto G (4) Build/NPJ25.93-14.5
3325803,Unknown,,,mobile safari generic,,mobile,
3325848,Found,,,chrome 64.0,,desktop,Windows
3325767,Found,,,mobile safari generic,,mobile,
3325825,New,,,Samsung/SM-G531H,,mobile,SAMSUNG SM-G531H Build/LMY48B
3325823,Found,,,chrome 64.0 for android,,mobile,SM-G610M Build/MMB29K
3325905,Found,,,chrome 64.0 for android,,mobile,SM-G610M Build/MMB29K
3325882,New,,,chrome 64.0 for android,,mobile,SM-P350 Build/MMB29M
3325919,Found,,,chrome 64.0 for android,,mobile,SM-G610M Build/MMB29K
3325938,Found,,,other,,mobile,Lenovo-A6020l36 Build/LMY47V
3325985,Found,,,chrome 64.0 for android,,mobile,SM-A520F Build/NRD90M
3325970,New,,,samsung browser generic,,mobile,SAMSUNG SM-J700M Build/MMB29K
3325980,Found,,,mobile safari generic,,mobile,
3326030,Found,,,chrome,,desktop,
3326080,New,,,chrome 64.0,,desktop,Windows
3326107,Unknown,,,mobile safari generic,,mobile,
3326105,Found,,,chrome 64.0 for android,,mobile,SM-G610M Build/MMB29K
3326130,Found,,,chrome 64.0 for android,,mobile,SM-G610M Build/MMB29K
3326108,Found,,,chrome 64.0 for android,,mobile,SM-G610M Build/MMB29K
3326174,New,,,chrome 64.0,,desktop,
3326158,Found,,,samsung browser generic,,mobile,SAMSUNG SM-J700M Build/MMB29K
3326191,Found,,,samsung browser generic,,mobile,SAMSUNG SM-J700M Build/MMB29K
3326202,New,,,chrome 64.0 for android,,mobile,SM-A530F Build/NMF26X
3326211,Found,,,chrome 64.0 for android,,mobile,SM-A530F Build/NMF26X
3326265,Found,,,chrome 64.0 for android,,mobile,BLADE V8 SE Build/NRD90M
3326262,Unknown,,,safari generic,,desktop,
3326330,New,,,other,,mobile,SM-G610M Build/MMB29K
3326341,Found,,,samsung browser generic,,mobile,SAMSUNG SM-A320Y Build/NRD90M
3326416,Unknown,,,mobile safari generic,,mobile,
3326567,Found,,,samsung browser generic,,mobile,Moto G (4) Build/NPJ25.93-14.7
3326924,New,,,chrome 61.0 for android,,mobile,LG-K410 Build/LRX22G
3327098,New,,,chrome 64.0,,desktop,
3327099,New,,,chrome 64.0 for android,,mobile,LG-M700 Build/NMF26X
3327175,Found,,,chrome 64.0,,desktop,Windows
3327380,Found,,,chrome 64.0,,desktop,
3345629,New,,Android 7.0,chrome 64.0 for android,,mobile,SM-G955U Build/NRD90M
3327725,New,,,chrome 63.0,,desktop,
3327740,Found,,,chrome 63.0,,desktop,
3327737,Found,,,chrome 63.0,,desktop,
3327804,New,,,chrome 64.0 for android,,mobile,XT1008 Build/LPBS23.13-56-2
3327941,New,,,chrome 61.0 for android,,mobile,F5321 Build/34.3.A.0.238
3328048,Found,,,chrome 64.0 for android,,mobile,G3223 Build/42.0.A.4.101
3328270,Found,,,samsung browser generic,,mobile,SAMSUNG SM-G610M Build/MMB29K
3328199,Found,,,samsung browser generic,,mobile,SAMSUNG SM-G610M Build/MMB29K
3328177,Found,,,chrome 64.0 for android,,mobile,B3-A40
3328399,Found,,,chrome 64.0 for android,,mobile,SM-J730GM Build/NRD90M
3328617,Unknown,,,mobile safari generic,,mobile,
3328591,New,,,chrome 64.0 for android,,mobile,LG-K220 Build/MXB48T
3328625,New,,,chrome 60.0,,desktop,
3328893,New,,,chrome 64.0,,desktop,Windows
3329150,Found,,Windows 7,ie 11.0 for desktop,1680x1050,desktop,Trident/7.0
3329128,New,,,chrome 64.0,,desktop,Windows
3347086,Unknown,,,android webview 4.0,,mobile,Moto G Play Build/MPIS24.241-15.3-7
3329654,New,,,chrome 64.0 for android,,mobile,LG-X240 Build/MRA58K
3329657,,,,,,,
3329706,New,,,chrome 64.0,,desktop,Windows
3329802,New,,,chrome 64.0 for android,,mobile,Ilium X220 Build/MRA58K
3329893,New,,,chrome 64.0 for android,,mobile,Moto X Play Build/NPD26.48-24-1
3330000,Found,,,chrome 63.0 for android,,mobile,SM-J320M Build/LMY47V
3329979,Found,,,chrome 63.0 for android,,mobile,SM-J320M Build/LMY47V
3330125,New,,,chrome 64.0 for android,,mobile,SM-G530H Build/LRX22G
3330180,Found,,,chrome 64.0 for android,,mobile,SM-J500M Build/LMY48B
3330275,Found,,,ie 11.0 for tablet,,desktop,Trident/7.0
3330355,Found,,,mobile safari generic,,mobile,
3330359,Found,,,chrome 64.0 for android,,mobile,Tmovi Build/Vision
3330358,Found,,,chrome 64.0 for android,,mobile,Tmovi Build/Vision
3330382,Found,,,chrome 64.0,,desktop,Windows
3330396,New,,,chrome 64.0,,desktop,Windows
3330626,Found,,,chrome 64.0 for android,,mobile,Moto G Play Build/NPIS26.48-36-2
3338320,,,,,,,
3348314,Unknown,,,mobile safari generic,,mobile,
3331208,Unknown,,,mobile safari generic,,mobile,
3331299,New,,,chrome 64.0,,desktop,
3331377,Found,,,chrome 63.0 for android,,mobile,Ilium X210 Build/LMY47I
3331564,Unknown,,,mobile safari generic,,mobile,
3331575,New,,,chrome 64.0,,desktop,
3331621,New,,,chrome 64.0,,desktop,
3331659,Found,,,chrome 64.0,,desktop,
3331660,Found,,,chrome 64.0,,desktop,
3342487,Found,,Windows 10,edge 14.0,1920x1080,desktop,Windows
3332442,New,IP_PROXY:ANONYMOUS,,chrome 64.0,,desktop,Windows
3332604,New,,,chrome 64.0,,desktop,
3332721,New,,,mobile safari generic,,mobile,
3332618,New,,,chrome generic,,desktop,Moto E (4) Build/NMA26.42-19
3332713,Found,,,chrome 64.0 for android,,mobile,Hisense F102 Build/NRD90M
3332841,New,,,chrome 61.0 for android,,mobile,SM-G935F Build/NRD90M
3332968,New,,,chrome 64.0,,desktop,Windows
3333031,Found,,,chrome 64.0,,desktop,Windows
3333460,Found,,,chrome 64.0,,desktop,Windows
3333472,New,,,chrome 64.0,,desktop,
3333508,Found,,,chrome 64.0,,desktop,Windows
3333584,Found,,,chrome 64.0,,desktop,Windows
3333632,Found,,,chrome 64.0,,desktop,Windows
3333648,New,,,chrome 64.0,,desktop,
3333741,New,,,chrome 64.0,,desktop,
3333701,Found,,,chrome 64.0,,desktop,Windows
3333818,Found,,,firefox 58.0,,desktop,Windows
3333808,New,,,chrome 64.0 for android,,mobile,SM-J730GM Build/NRD90M
3333804,Found,,,other,,mobile,MOT-A6020l37 Build/LMY47V
3333871,New,,,chrome 64.0 for android,,mobile,SM-G925I Build/NRD90M
3334025,Found,,,samsung browser generic,,mobile,SAMSUNG SM-J700M Build/MMB29K
3334067,New,,,chrome generic,,desktop,Moto G (5) Plus Build/NPN25.137-72
3334086,New,,,chrome 64.0,,desktop,Windows
3334144,New,,,chrome 64.0,,desktop,
3334182,Unknown,,,mobile safari generic,,mobile,
3334161,Found,,,chrome 64.0,,desktop,Windows
3334195,New,,,chrome 64.0,,desktop,
3338050,New,,iOS 11.1.2,mobile safari generic,1334x750,mobile,iOS Device
3334245,New,,,chrome 64.0 for android,,mobile,BLADE V8 SE Build/NRD90M
3334243,Found,,,chrome 64.0 for android,,mobile,BLADE V8 SE Build/NRD90M
3334649,Found,,,chrome generic,,desktop,Moto G (5) Plus Build/NPN25.137-72
3334675,Found,,,chrome generic,,desktop,Moto G (5) Plus Build/NPN25.137-72
3334743,Found,,,chrome 64.0,,desktop,Windows
3334735,New,,,firefox 58.0,,desktop,Windows
3334733,Found,,,chrome 64.0,,desktop,Windows
3334794,New,,,chrome 64.0 for android,,mobile,PRA-LX3 Build/HUAWEIPRA-LX3
3334807,Found,,,chrome generic,,desktop,Windows
3334830,New,,,firefox 58.0,,desktop,Windows
3335237,New,,,edge 16.0,,desktop,Windows
3335334,New,,,chrome 64.0,,desktop,Windows
3335648,Found,,,chrome 64.0,,desktop,Windows
3339340,Found,,iOS 11.2.6,mobile safari generic,2208x1242,mobile,iOS Device
3335874,Found,,,chrome 64.0,,desktop,Windows
3335929,Found,,,other,,mobile,MOT-A6020l37 Build/LMY47V
3336083,New,,,chrome generic,,desktop,
3336207,New,,,chrome generic,,desktop,Moto G (4) Build/NPJS25.93-14-13
3336192,New,,,firefox 58.0,,desktop,Windows
3336374,New,,,chrome generic for android,,mobile,LG-K200 Build/MXB48T
3336380,Found,,,chrome 64.0,,desktop,Windows
3336385,Found,,,chrome 64.0,,desktop,Windows
3336473,New,,,chrome 49.0 for android,,mobile,Ilium X510 Build/MRA58K
3346639,New,,Mac OS X 10_13_3,safari generic,3840x2160,desktop,MacOS
3336545,New,,,chrome 64.0,,desktop,Windows
3336547,Found,,,chrome 64.0,,desktop,Windows
3336612,New,,,chrome 64.0,,desktop,Windows
3336573,Found,,,chrome 64.0,,desktop,Windows
3340084,New,,iOS 11.2.6,mobile safari generic,2436x1125,mobile,iOS Device
3336609,Unknown,,,mobile safari generic,,mobile,
3336727,Unknown,,,mobile safari generic,,mobile,
3336819,Unknown,,,mobile safari generic,,mobile,
3336865,Found,,,chrome 64.0,,desktop,
3336947,Found,,,firefox 58.0,,desktop,Windows
3337056,Found,,,chrome 64.0,,desktop,
3337023,Found,,,chrome 64.0,,desktop,
3337374,New,,,chrome 64.0 for android,,mobile,SM-N900T Build/LRX21V
3337324,Found,,,chrome 64.0 for android,,mobile,SM-N900T Build/LRX21V
3344081,New,,Windows 7,,1440x900,desktop,Windows
3347315,Found,,,chrome 64.0,,desktop,Windows
3337479,Found,,,chrome 64.0,,desktop,
3337558,Found,,,chrome 64.0,,desktop,
3337563,New,,,chrome 64.0,,desktop,Windows
3337566,Found,,,chrome 64.0,,desktop,Windows
3337617,Found,,,firefox 58.0,,desktop,Windows
3353816,New,,,chrome 64.0 for android,,mobile,LG-M700 Build/NMF26X
3337675,Found,,,chrome 64.0 for android,,mobile,SM-J120H Build/LMY47V
3337657,New,,,chrome 64.0,,desktop,Windows
3337729,New,,,chrome generic,,desktop,Moto G (5) Plus Build/NPN25.137-92
3337704,Found,,,chrome generic,,desktop,Moto G (5) Plus Build/NPN25.137-92
3337703,Found,,,chrome generic,,desktop,Moto G (5) Plus Build/NPN25.137-92
3337697,Found,,,chrome generic,,desktop,Moto G (5) Plus Build/NPN25.137-92
3337712,New,,,chrome 64.0 for android,,mobile,SM-A300H Build/LRX22G
3337710,Unknown,,,mobile safari generic,,mobile,
3337732,New,,,chrome 63.0,,desktop,
3337764,Found,,,firefox 58.0,,desktop,rv:58.0
3337774,New,,,samsung browser generic,,mobile,SAMSUNG
3337845,New,,,chrome 64.0 for android,,mobile,LG-H631
3344514,New,,iOS 11.2.6,mobile safari generic,1334x750,mobile,iOS Device
3337837,Found,,,chrome 64.0 for android,,mobile,LG-H631
3337822,Found,,,chrome 64.0 for android,,mobile,LG-H631
3337877,Found,,,chrome 64.0,,desktop,
3337886,Found,,,chrome 64.0 for android,,mobile,ALE-L23 Build/HuaweiALE-L23
3337889,Found,,,chrome 64.0 for android,,mobile,ALE-L23 Build/HuaweiALE-L23
3337894,Found,,,chrome generic,,desktop,
3337869,New,,,chrome 64.0,,desktop,Windows
3337867,Found,,,chrome generic,,desktop,
3337903,New,,,chrome generic,,desktop,Moto G (4) Build/NPJ25.93-14.7
3337909,Found,,,chrome 64.0,,desktop,
3337932,Found,,,chrome 64.0 for android,,mobile,ALE-L23 Build/HuaweiALE-L23
3337941,Found,,,chrome 64.0,,desktop,Windows
3337904,New,,,chrome 64.0,,desktop,Windows
3337951,New,,,chrome 64.0,,desktop,Windows
3337961,New,,,chrome 64.0 for android,,mobile,ALE-L23 Build/HuaweiALE-L23
3337999,Found,,,chrome 64.0,,desktop,Windows
3337980,Found,,,chrome 64.0 for android,,mobile,ALE-L23 Build/HuaweiALE-L23
3337971,Found,,,chrome 64.0 for android,,mobile,ALE-L23 Build/HuaweiALE-L23
3337981,Found,,,chrome 64.0 for android,,mobile,ALE-L23 Build/HuaweiALE-L23
3337993,Found,,,chrome 64.0 for android,,mobile,ALE-L23 Build/HuaweiALE-L23
3338095,New,,,chrome,,mobile,M4
3338457,Found,,,ie 11.0 for desktop,,desktop,Trident/7.0
3338430,Found,,,ie 11.0 for desktop,,desktop,Trident/7.0
3338449,Found,,,ie 11.0 for desktop,,desktop,Trident/7.0
3338446,Found,,,chrome 64.0 for android,,mobile,TA-1039 Build/NMF26F
3338472,Found,,,chrome 64.0 for android,,mobile,TA-1039 Build/NMF26F
3338475,Found,,,chrome 64.0 for android,,mobile,TA-1039 Build/NMF26F
3338428,Found,,,chrome 64.0 for android,,mobile,TA-1039 Build/NMF26F
3338442,New,,,chrome 63.0 for android,,mobile,LG-H542 Build/MRA58K
3338450,Found,,,chrome 64.0,,desktop,Windows
3338555,New,,,chrome 64.0,,desktop,
3341842,New,,Windows 8.1,chrome 64.0,1366x768,desktop,Windows
3338521,New,,,firefox 56.0,,desktop,Windows
3338529,Found,IP_PROXY:HIDDEN,,firefox 56.0,,desktop,Windows
3338733,New,,,chrome 64.0 for android,,mobile,CAM-L03 Build/HUAWEICAM-L03
3338911,Found,,,chrome 63.0 for android,,mobile,SM-G531H Build/LMY48B
3339125,Found,,,chrome 64.0,,desktop,Windows
3339115,Found,,,chrome 64.0,,desktop,Windows
3339122,Found,,,chrome 64.0,,desktop,Windows
3339114,Unknown,,,mobile safari generic,,mobile,
3339204,Unknown,,,chrome 64.0 for android,,mobile,MHA-L09 Build/HUAWEIMHA-L09
3339415,New,,,chrome 60.0 for android,,mobile,HUAWEI TAG-L13 Build/HUAWEITAG-L13
3335940,New,,Windows 10,chrome 64.0,1920x1080,desktop,Windows
3339573,New,,,chrome 64.0,,desktop,Windows
3339585,New,,,chrome 64.0,,desktop,Windows
3339534,Found,,,chrome 64.0,,desktop,Windows
3339839,New,,,chrome 64.0,,desktop,Windows
3339747,Found,,,chrome 64.0,,desktop,Windows
3340210,New,IP_PROXY:ANONYMOUS,,ie 11.0 for desktop,,desktop,Trident/7.0
3340411,New,,,chrome generic for android,,mobile,SM-J710MN Build/MMB29K
3340552,Unknown,,,mobile safari generic,,mobile,
3340516,Found,,,chrome 64.0 for android,,mobile,ALE-L23 Build/HuaweiALE-L23
3340553,Found,,,chrome 64.0,,desktop,Windows
3340696,Found,,,ie 11.0 for desktop,,desktop,Trident/7.0
3340621,Found,,,chrome 64.0,,desktop,Windows
3340767,Unknown,,,mobile safari generic,,mobile,
3340848,New,,,chrome 64.0,,desktop,
3340842,Found,,,chrome 64.0,,desktop,
3340942,Found,,,chrome 64.0,,desktop,Windows
3340880,Unknown,,,mobile safari generic,,mobile,
3341014,New,,,edge 15.0,,desktop,Windows
3340986,New,,,edge 16.0,,desktop,Windows
3341051,Found,IP_PROXY:TRANSPARENT,iOS 11.2.5,mobile safari generic,2436x1125,mobile,iOS Device
3341107,Found,,,ie 11.0 for desktop,,desktop,Trident/7.0
3341094,Found,,,ie 11.0 for desktop,,desktop,Trident/7.0
3357111,Found,,,chrome 64.0,,desktop,Windows
3341192,New,,,chrome 64.0,,desktop,Windows
3341207,Found,,,chrome 64.0,,desktop,Windows
3341210,Found,,,chrome 64.0,,desktop,Windows
3357195,Found,,,chrome 64.0,,desktop,Windows
3341246,New,,,chrome 64.0 for android,,mobile,XT1635-02 Build/NPN26.118-22-2
3341218,Found,,,chrome 64.0,,desktop,Windows
3341242,New,,,chrome 64.0,,desktop,Windows
3341225,New,,,chrome,,desktop,
3341238,Found,,,chrome 64.0,,desktop,Windows
3341268,Found,,,chrome 64.0,,desktop,Windows
3341252,Unknown,,,mobile safari generic,,mobile,
3341279,New,,,chrome 64.0,,desktop,
3341280,New,,,chrome generic,,desktop,Moto G (4) Build/NPJ25.93-14.5
3341302,Found,,,chrome 64.0,,desktop,Windows
3341341,New,,,chrome 64.0,,desktop,Windows
3341357,New,,,edge 16.0,,desktop,Windows
3341516,Found,,,chrome 64.0 for android,,mobile,SM-T110 Build/JDQ39
3348227,Unknown,,Windows 10,chrome 64.0,1920x1080,desktop,Windows
3341704,New,,,chrome 49.0,,desktop,
3341849,New,,,chrome 56.0 for android,,mobile,8050G Build/LMY47I
3341937,New,,,chrome generic,,desktop,Moto G (5) Plus Build/NPNS25.137-15-11
3342051,Found,IP_PROXY:TRANSPARENT,,firefox 58.0,,desktop,Windows
3342233,New,,,chrome 64.0,,desktop,Windows
3342297,New,,,chrome 64.0,,desktop,Windows
3342529,New,,,ie 11.0 for desktop,,desktop,Trident/7.0
3342561,New,,,chrome generic,,desktop,Moto G (4) Build/NPJ25.93-14.7
3342685,New,IP_PROXY:ANONYMOUS,,chrome 64.0,,desktop,Windows
3342710,Found,IP_PROXY:ANONYMOUS,,chrome 64.0,,desktop,Windows
3342851,Found,,,chrome 64.0 for android,,mobile,SM-A520F Build/NRD90M
3342979,New,,,chrome 64.0,,desktop,Windows
3342989,New,,,chrome 64.0,,desktop,Windows
3343051,New,,,chrome 64.0,,desktop,
3343035,Found,,,chrome 64.0,,desktop,Windows
3343255,New,,,chrome 64.0 for android,,mobile,5056A Build/MMB29M
3343412,Found,,,chrome 64.0,,desktop,Windows
3346830,Found,,Mac OS X 10_13_3,chrome 64.0,2880x1800,desktop,MacOS
3343834,New,,,chrome generic,,desktop,Windows
3343880,Unknown,,,android webview 4.0,,mobile,es-us
3343929,New,,,chrome generic,,desktop,
3343979,New,,,chrome 64.0,,desktop,Windows
3343985,Found,,,chrome generic,,desktop,Windows
3344069,Found,,,chrome generic,,desktop,Windows
3344042,New,,,chrome 64.0,,desktop,Windows
3344152,New,,,chrome 64.0 for android,,mobile,SM-J111M Build/LMY47V
3344094,New,,,chrome generic,,desktop,Moto G (5) Build/NPP25.137-93
3344190,New,,,chrome 64.0,,desktop,Windows
3344175,New,,,chrome 64.0,,desktop,Windows
3344197,New,,,chrome 64.0,,desktop,
3344209,New,,,Samsung/SM-G532M,,mobile,SM-G532M Build/MMB29T
3344131,New,,,chrome 64.0 for android,,mobile,E2306 Build/26.1.A.3.111
3344141,New,,,chrome 64.0,,desktop,Windows
3344189,New,,,chrome 63.0 for android,,mobile,Y635-L03 Build/HuaweiY635-L03
3344324,New,,,ie 11.0 for desktop,,desktop,Trident/7.0
3344448,Unknown,,,mobile safari generic,,mobile,
3344484,Unknown,,,mobile safari generic,,mobile,
3344548,New,,,chrome generic,,desktop,Windows
3344564,Found,,,chrome generic,,desktop,Windows
3344557,Found,,,chrome generic,,desktop,Windows
3344572,New,,,chrome 64.0,,desktop,
3344619,Found,,,chrome generic,,desktop,Windows
3344617,New,,,chrome 63.0,,desktop,
3344631,Unknown,,,mobile safari generic,,mobile,
3347940,Found,,iOS 11.2.6,mobile safari generic,2048x1536,mobile,iOS Device
3344766,Found,,,chrome generic for android,,mobile,LG-K240 Build/MXB48T
3344783,Found,,,chrome generic for android,,mobile,LG-K240 Build/MXB48T
3345115,Found,,,chrome 64.0,,desktop,
3345212,Found,,,chrome 64.0,,desktop,Windows
3345260,New,,,chrome 50.0 for android,,mobile,Lenovo A2016b30 Build/MRA58K
3345353,Found,,,chrome 64.0,,desktop,Windows
3345548,New,,,chrome 64.0,,desktop,Windows
3345621,Found,,,chrome generic,,desktop,Windows
3345777,Found,,,chrome 64.0 for android,,mobile,LG-K530 Build/MMB29M
3361474,Found,,,firefox 58.0,,desktop,rv:58.0
3345947,Found,,,chrome 64.0 for android,,mobile,SM-J500M Build/LMY48B
3345898,New,,,firefox,,desktop,rv:38.0
3346251,New,,,edge 14.0,,desktop,Windows
3346421,Unknown,,,mobile safari generic,,mobile,
3346507,New,,,samsung browser generic,,mobile,SAMSUNG SM-A510M Build/NRD90M
3346607,New,,,chrome 63.0,,desktop,Windows
3347144,Unknown,,,mobile safari generic,,mobile,
3362724,New,,,chrome 64.0,,desktop,Windows
3347248,Unknown,,,mobile safari generic,,mobile,
3347574,New,,,chrome generic for android,,mobile,BAC-L03 Build/HUAWEIBAC-L03
3357070,New,,,chrome 64.0,,desktop,
3347605,Found,,,chrome 64.0 for android,,mobile,5056A Build/MMB29M
3357075,Found,,,chrome 64.0,,desktop,
3357102,Found,,,chrome 64.0,,desktop,
3347668,New,,,chrome generic,,desktop,Moto G (5) Plus Build/NPNS25.137-15-11
3347689,Found,,,chrome 64.0,,desktop,Windows
3347676,New,,,safari generic,,desktop,
3363110,New,,,chrome 64.0,,desktop,Windows
3347723,Found,,,chrome 64.0,,desktop,Windows
3347763,Found,,,chrome 64.0,,desktop,Windows
3347757,Found,,,chrome 64.0,,desktop,Windows
3347755,Found,,,chrome 63.0 for android,,mobile,Y635-L03 Build/HuaweiY635-L03
3347791,New,,,chrome 64.0,,desktop,Windows
3347806,Found,,,firefox 58.0,,desktop,Windows
3347862,Found,,,chrome generic,,desktop,CHC-U03 Build/HuaweiCHC-U03
3347915,New,,,chrome generic for android,,mobile,SM-G900M Build/MMB29M
3348206,,,,,,,
3348242,Found,,,chrome generic,,desktop,Moto G (4) Build/NPJ25.93-14.7
3348357,New,,,chrome 63.0 for android,,mobile,SM-J700M Build/MMB29K
3348529,New,,,mobile safari generic,,mobile,
3348549,New,,,chrome 64.0,,desktop,
3348612,Unknown,,,mobile safari generic,,mobile,
3348660,Found,,,chrome generic,,desktop,Windows
3348680,Found,,,chrome generic,,desktop,Moto G (4) Build/NPJ25.93-14.7
3348864,New,,,chrome 64.0,,desktop,Windows
3349068,Unknown,,,mobile safari generic,,mobile,
3349104,Found,,,chrome 64.0 for android,,mobile,SM-G532M Build/MMB29T
3364536,New,,,chrome generic,,desktop,
3349182,New,,,chrome generic,,desktop,Moto G (5) Build/NPP25.137-93
3349166,New,,,chrome generic,,desktop,Moto G (5) Build/NPP25.137-72
3349255,New,,,chrome 64.0 for android,,mobile,LG-K430 Build/MRA58K
3349356,Unknown,,,mobile safari generic,,mobile,
3346128,New,,Android 7.0,samsung browser generic,2220x1080,mobile,SAMSUNG SM-G950U Build/NRD90M
3346137,Found,,Android 7.0,samsung browser generic,2220x1080,mobile,SAMSUNG SM-G950U Build/NRD90M
3349412,Unknown,,,mobile safari generic,,mobile,
3349433,Unknown,,,mobile safari generic,,mobile,
3349494,New,,,samsung browser generic,,mobile,SAMSUNG SM-G610M Build/NRD90M
3349546,Found,,,chrome 64.0,,desktop,Windows
3349554,Unknown,,,mobile safari generic,,mobile,
3349605,New,,,chrome 62.0 for android,,mobile,LG-D680 Build/KOT49I
3349637,New,,,chrome 64.0,,desktop,Windows
3349739,Found,,,chrome 64.0,,desktop,Windows
3350058,Unknown,,,chrome 64.0 for ios,,mobile,
3350104,New,,,chrome 64.0,,desktop,Windows
3350218,New,,,chrome generic,,desktop,
3350319,Unknown,,,mobile safari generic,,mobile,
3350406,Found,,,chrome generic,,desktop,Moto G (5) Plus Build/NPN25.137-92
3350433,New,,,chrome 64.0 for android,,mobile,F3113 Build/33.3.A.1.97
3350493,New,,,edge 16.0,,desktop,Windows
3356926,New,,iOS 11.2.2,mobile safari generic,1334x750,mobile,iOS Device
3350554,Found,,,chrome 64.0,,desktop,Windows
3357004,Found,,iOS 11.2.2,mobile safari generic,1334x750,mobile,iOS Device
3350620,Unknown,,,mobile safari generic,,mobile,
3350624,Found,,,chrome generic for android,,mobile,TRT-L53 Build/HUAWEITRT-L53
3350628,New,,,chrome 64.0 for android,,mobile,ALCATEL ONE TOUCH 7042A Build/JDQ39
3350794,Found,,,chrome 62.0 for android,,mobile,MotoG3 Build/MPI24.65-33.1-2
3357184,Found,,Windows 7,ie 11.0 for desktop,1440x900,desktop,Trident/7.0
3350855,Unknown,,,chrome 63.0 for ios,,mobile,
3350910,Found,,,chrome 64.0,,desktop,Windows
3350924,New,,,mobile safari generic,,mobile,
3350929,Found,,,mobile safari generic,,mobile,
3350970,Found,,,chrome 64.0 for android,,mobile,SM-N900T Build/LRX21V
3350983,Found,,,firefox 57.0,,desktop,Windows
3351371,New,IP_PROXY:ANONYMOUS,,chrome 64.0,,desktop,Windows
3351590,New,,,chrome 64.0,,desktop,Windows
3351695,New,,,chrome generic,,desktop,SM-G355M Build/KOT49H
3351763,New,,,chrome 64.0,,desktop,Windows
3351837,New,,,chrome 64.0,,desktop,
3351946,New,,,chrome 64.0,,desktop,Windows
3351981,Unknown,,,mobile safari generic,,mobile,
3352061,Found,,,chrome generic,,desktop,Moto G (5) Plus Build/NPN25.137-82
3358442,New,,iOS 11.2.2,mobile safari generic,1334x750,mobile,iOS Device
3367711,Found,IP_PROXY:TRANSPARENT,iOS 11.2.5,mobile safari generic,1334x750,mobile,iOS Device
3352635,Unknown,,,chrome 63.0 for ios,,mobile,
3352680,New,,,chrome 64.0,,desktop,Windows
3352796,Found,IP_PROXY:TRANSPARENT,,ie 11.0 for desktop,,desktop,Trident/7.0
3352871,New,,,chrome 63.0 for android,,mobile,LG-D693n Build/LRX22G
3352852,Found,,,chrome 63.0 for android,,mobile,LG-D693n Build/LRX22G
3352878,New,,,chrome 58.0 for android,,mobile,SM-G928T Build/NRD90M
3353130,Found,,,chrome 64.0 for android,,mobile,SM-G531H Build/LMY48B
3353219,Found,,,chrome 64.0 for android,,mobile,SM-G531H Build/LMY48B
3353188,Found,,,chrome 64.0 for android,,mobile,SM-G531H Build/LMY48B
3353469,New,,,chrome 64.0 for android,,mobile,SM-G925I Build/NRD90M
3356675,New,,iOS 10.2.1,mobile safari generic,2208x1242,mobile,iOS Device
3356668,Found,,iOS 10.2.1,mobile safari generic,2208x1242,mobile,iOS Device
3356684,Found,,iOS 10.2.1,mobile safari generic,2208x1242,mobile,iOS Device
3356674,New,,Mac OS X 10.10,firefox 58.0,1280x800,desktop,rv:58.0
3356689,Found,,Mac OS X 10.10,firefox 58.0,1280x800,desktop,rv:58.0
3353639,Found,,,chrome 64.0 for android,,mobile,LG-K430 Build/MRA58K
3353531,New,,,chrome 64.0,,desktop,Windows
3353641,Unknown,,,mobile safari generic,,mobile,
3353686,Found,,,chrome 64.0,,desktop,Windows
3353706,Found,IP_PROXY:TRANSPARENT,,ie 11.0 for desktop,,desktop,Trident/7.0
3353735,Found,,,chrome 64.0,,desktop,Windows
3353731,Found,IP_PROXY:ANONYMOUS,,chrome 64.0,,desktop,
3353762,Found,,,chrome 64.0,,desktop,Windows
3362873,New,,Windows 7,firefox 58.0,1366x768,desktop,Windows
3353828,New,,,chrome 64.0,,desktop,
3353807,Found,,,chrome 64.0 for android,,mobile,SM-G935F Build/NRD90M
3353874,Found,,,samsung browser generic,,mobile,SAMSUNG SM-G955F Build/NRD90M
3353863,New,,,chrome generic,,desktop,ALE-L23 Build/HuaweiALE-L23
3353926,Found,,,chrome generic,,desktop,ALE-L23 Build/HuaweiALE-L23
3353928,Found,,,chrome generic,,desktop,ALE-L23 Build/HuaweiALE-L23
3353905,Found,,,chrome generic,,desktop,ALE-L23 Build/HuaweiALE-L23
3353886,New,,,mobile safari generic,,mobile,
3353946,New,,,edge 16.0,,desktop,
3353945,New,,,chrome 64.0,,desktop,Windows
3353970,Found,,,firefox 58.0,,desktop,Windows
3354034,New,,,ie 11.0 for desktop,,desktop,Trident/7.0
3354055,New,,,chrome 64.0,,desktop,Windows
3354036,Found,,,chrome 64.0,,desktop,Windows
3354043,New,,,chrome 64.0,,desktop,Windows
3354086,New,,,chrome 64.0,,desktop,
3354080,New,,,chrome 64.0 for android,,mobile,HUAWEI VNS-L23 Build/HUAWEIVNS-L23
3354126,New,,,samsung browser generic,,mobile,SAMSUNG SM-J700M Build/MMB29K
3354138,Found,,,chrome 64.0,,desktop,Windows
3354487,New,,,chrome 64.0 for android,,mobile,SM-G900T Build/MMB29M
3354521,Found,,,chrome generic,,desktop,Moto E (4) Plus Build/NMA26.42-69
3354795,New,,,chrome 64.0,,desktop,Windows
3354735,Found,,,chrome generic for android,,mobile,CAM-L03 Build/HUAWEICAM-L03
3354861,Unknown,,,mobile safari generic,,mobile,
3355160,Unknown,,,mobile safari generic,,mobile,
3355177,Found,,,firefox 58.0,,desktop,Windows
3364287,Found,,,chrome 64.0,,desktop,Windows
3355184,Found,,,chrome 64.0,,desktop,Windows
3355244,New,IP_PROXY:HIDDEN,,firefox 56.0,,desktop,Windows
3355196,Found,,,firefox 56.0,,desktop,Windows
3355231,New,,,chrome 64.0,,desktop,Windows
3355343,New,,,chrome 64.0,,desktop,Windows
3355324,Found,,,chrome 64.0,,desktop,Windows
3355375,New,,,chrome 64.0,,desktop,Windows
3355424,New,,,chrome generic,,desktop,SM-A300H Build/LRX22G
3355417,Found,,,chrome 64.0,,desktop,Windows
3358608,New,IP_PROXY:ANONYMOUS,Windows 7,ie 11.0 for desktop,1920x1080,desktop,Trident/7.0
3355568,New,,,firefox 58.0,,desktop,Windows
3355718,New,,,chrome 64.0 for android,,mobile,SM-G935F Build/NRD90M
3355670,Found,,,chrome generic for android,,mobile,SM-G925I Build/NRD90M
3355736,Found,,,chrome 64.0,,desktop,Windows
3355854,New,,,chrome generic,,desktop,Windows
3355982,New,,,chrome generic for android,,mobile,M4 SS4453 Build/MMB29M
3356015,Unknown,,,mobile safari generic,,mobile,
3356034,New,,,chrome 63.0 for android,,mobile,SM-J510MN Build/MMB29M
3356092,New,,,chrome 64.0,,desktop,Windows
3356097,Found,,,ie 11.0 for desktop,,desktop,rv:11.0
3356081,New,,,chrome generic,,desktop,Moto G (4) Build/NPJS25.93-14-13
3356094,Found,,,ie 11.0 for desktop,,desktop,rv:11.0
3356136,Found,,,chrome 61.0 for android,,mobile,ALE-L23 Build/HuaweiALE-L23
3356222,Found,,,ie 11.0 for desktop,,desktop,rv:11.0
3356180,Found,,,chrome 64.0 for android,,mobile,SM-G610M Build/NRD90M
3356304,Found,,,chrome 64.0 for android,,mobile,SM-G610M Build/NRD90M
3356270,Found,,,chrome 64.0 for android,,mobile,SM-G610M Build/NRD90M
3356341,Found,,,chrome 64.0 for android,,mobile,SM-G610M Build/NRD90M
3356337,New,,,chrome 64.0,,desktop,Windows
3356505,New,,,chrome 64.0 for android,,mobile,SM-G935F Build/NRD90M
3356448,,,,,,,
3356490,New,,,firefox 58.0,,desktop,rv:58.0
3356532,Found,,,chrome 64.0,,desktop,Windows
3356440,Found,,,chrome 64.0,,desktop,
3356637,New,,,chrome 56.0 for android,,mobile,SM-J710MN Build/MMB29K
3356597,Found,,,chrome,,desktop,
3356693,Found,,,chrome,,desktop,
3356763,Found,,,chrome 64.0 for android,,mobile,SM-G610M Build/NRD90M
3356781,Found,,,chrome 64.0 for android,,mobile,SM-G610M Build/NRD90M
3356811,New,,,chrome generic,,desktop,
3356877,New,,,chrome 64.0,,desktop,Windows
3357034,New,,,chrome 64.0,,desktop,Windows
3357080,New,,,chrome 64.0,,desktop,Windows
3357143,New,,,chrome 64.0,,desktop,Windows
3357095,New,,,chrome generic,,desktop,Moto E (4) Plus Build/NMA26.42-142
3357157,Unknown,,,mobile safari generic,,mobile,
3357172,New,,,chrome generic for android,,mobile,HTC One A9s Build/MRA58K
3357175,Found,,,chrome generic for android,,mobile,HTC One A9s Build/MRA58K
3357163,Found,,,chrome generic for android,,mobile,HTC One A9s Build/MRA58K
3357170,Found,,,chrome generic for android,,mobile,HTC One A9s Build/MRA58K
3357210,New,,,chrome 56.0 for android,,mobile,SM-J510MN Build/MMB29M
3357214,Found,,,chrome 64.0,,desktop,Windows
3357238,New,,,chrome 64.0 for android,,mobile,SM-A300H Build/LRX22G
3357291,Found,,,chrome 64.0,,desktop,
3357295,New,,,mobile safari generic,,mobile,
3357300,Found,,,mobile safari generic,,mobile,
3357306,Found,,,mobile safari generic,,mobile,
3357307,Found,,,mobile safari generic,,mobile,
3357609,Found,,,chrome 64.0,,desktop,Windows
3357576,Found,,,chrome 64.0,,desktop,Windows
3357625,Found,,,chrome 64.0,,desktop,Windows
3357621,Found,,,chrome 64.0,,desktop,Windows
3357639,New,,,chrome generic for android,,mobile,F80 PIABELLA Build/MRA58K
3360679,Found,,Windows 7,chrome 64.0,1920x1080,desktop,Windows
3357630,New,,,chrome generic,,desktop,Windows
3357704,Found,,,chrome 64.0,,desktop,Windows
3357680,New,,,firefox 58.0,,desktop,Windows
3357746,Found,,,chrome 64.0,,desktop,Windows
3357689,Found,,,chrome generic for android,,mobile,SM-G610M Build/NRD90M
3357719,Unknown,,,mobile safari generic,,mobile,
3357823,New,,,chrome generic,,desktop,Windows
3358142,Found,,,chrome generic,,desktop,Moto G (4) Build/NPJS25.93-14-10
3358133,New,,,ie 11.0 for desktop,,desktop,Trident/7.0
3358227,Found,,,chrome generic for android,,mobile,SM-G610M Build/NRD90M
3358320,New,,,firefox,,desktop,rv:45.0
3358385,New,,,chrome generic for android,,mobile,E5306 Build/27.3.A.0.129
3358469,Unknown,,,mobile safari generic,,mobile,
3358481,New,,,chrome 64.0,,desktop,Windows
3358785,Found,,,chrome 64.0 for android,,mobile,ALE-L23 Build/HuaweiALE-L23
3358803,Found,,,chrome 64.0,,desktop,Windows
3358816,Found,,,chrome 64.0,,desktop,Windows
3359065,New,,,samsung browser generic,,mobile,SAMSUNG SM-J710MN Build/MMB29K
3359064,New,,,mobile safari generic,,mobile,
3359129,Found,,,chrome generic,,desktop,Moto G (4) Build/NPJS25.93-14-10
3359235,New,,,chrome 64.0,,desktop,
3359202,New,,,chrome 64.0,,desktop,Windows
3374150,New,,,chrome 64.0,,desktop,
3359258,New,,,chrome 64.0,,desktop,Windows
3359317,Unknown,,,mobile safari generic,,mobile,
3359372,Unknown,,,mobile safari generic,,mobile,
3359353,Unknown,,,mobile safari generic,,mobile,
3359533,Found,,,chrome 64.0,,desktop,Windows
3359554,New,,,chrome 64.0,,desktop,Windows
3359510,Found,,,chrome generic,,desktop,Windows
3359661,Found,,,chrome 64.0,,desktop,Windows
3359608,Found,,,chrome 64.0,,desktop,Windows
3359673,New,,,chrome generic,,desktop,
3368763,New,,,chrome 64.0,,desktop,
3368735,Found,,,chrome 64.0,,desktop,
3368736,Found,,,chrome 64.0,,desktop,
3359753,Unknown,,,mobile safari generic,,mobile,
3359786,New,,,chrome generic,,desktop,
3362859,New,,iOS 11.2.6,mobile safari generic,2048x1536,mobile,iOS Device
3359918,New,,,chrome generic,,desktop,SM-J120H Build/LMY47V
3359931,New,,,chrome generic for android,,mobile,E5506
3359956,Unknown,,,mobile safari generic,,mobile,
3359969,New,,,chrome generic,,desktop,XT1032 Build/LPBS23.13-56-2
3360000,Unknown,,,mobile safari generic,,mobile,
3360061,Found,,,chrome 64.0,,desktop,Windows
3360094,Found,,,chrome 64.0,,desktop,Windows
3360114,Found,,,chrome 64.0,,desktop,Windows
3360081,Unknown,,,chrome 64.0 for android,,mobile,SM-G532M Build/MMB29T
3360126,Found,,,chrome 64.0,,desktop,
3360147,New,,,chrome 64.0,,desktop,Windows
3360156,Found,,,chrome generic,,desktop,
3360170,Found,,,chrome 64.0,,desktop,Windows
3360163,New,,,chrome generic for android,,mobile,SM-J710MN Build/MMB29K
3360151,Unknown,,,mobile safari generic,,mobile,
3360204,Found,,,chrome generic,,desktop,Windows
3374999,New,,,chrome generic,,desktop,SM-J700M Build/LMY48B
3360185,Found,,,chrome 63.0,,desktop,
3360216,New,,,chrome generic for android,,mobile,Blade V6 Plus Build/MRA58K
3360195,Found,,,firefox 48.0,,desktop,rv:48.0
3360215,Found,,,chrome 56.0 for android,,mobile,SM-J510MN Build/MMB29M
3360221,New,,,chrome 64.0 for android,,mobile,F3113 Build/33.3.A.1.97
3360247,New,,,chrome generic,,desktop,Moto E (4) Build/NMA26.42-69
3360248,New,,,chrome 64.0,,desktop,Windows
3360307,New,,,chrome 64.0,,desktop,Windows
3360320,Found,,,chrome 64.0,,desktop,Windows
3360319,Found,,,chrome 64.0,,desktop,Windows
3360316,Found,,,chrome 64.0,,desktop,Windows
3360326,Found,,,chrome 64.0,,desktop,Windows
3360328,Found,,,chrome 64.0,,desktop,Windows
3360329,Found,,,chrome 64.0,,desktop,Windows
3360331,Found,,,chrome 64.0,,desktop,Windows
3360332,Found,,,chrome 64.0,,desktop,Windows
3366280,Found,,Windows 10,chrome generic,1920x1080,desktop,Windows
3363619,Found,,Windows 10,chrome 64.0,1440x900,desktop,Windows
3363605,Found,,Windows 10,ie 11.0 for desktop,1440x900,desktop,Trident/7.0
3360674,New,,,chrome generic,,desktop,
3360801,New,,,firefox 58.0,,desktop,Windows
3363886,New,,iOS 11.2.6,mobile safari generic,2208x1242,mobile,iOS Device
3360911,Found,,,chrome 64.0,,desktop,Windows
3360929,Found,,,firefox 58.0,,desktop,Windows
3361010,Found,,,firefox 58.0,,desktop,Windows
3360996,New,,,chrome 64.0,,desktop,
3375845,Unknown,,,mobile safari generic,,mobile,
3361116,Unknown,,,mobile safari generic,,mobile,
3361096,Found,,,chrome 64.0,,desktop,Windows
3361186,Found,,,chrome 64.0,,desktop,Windows
3361237,New,,,chrome 58.0 for android,,mobile,Hisense F20 Build/MMB29M
3361247,Found,,,chrome 55.0 for android,,mobile,SM-G531H Build/LMY48B
3361233,Found,,,firefox 58.0,,desktop,Windows
3361287,New,,,chrome generic,,desktop,Windows
3361442,Found,,,chrome 64.0,,desktop,Windows
3361433,New,,,chrome generic,,desktop,LG-X210 Build/LMY47I
3361502,New,,,chrome generic for android,,mobile,SM-J730GM Build/NRD90M
3361505,New,,,chrome 64.0,,desktop,Windows
3361672,Found,,,ie 11.0 for desktop,,desktop,Trident/7.0
3361599,Found,,,ie 11.0 for desktop,,desktop,Trident/7.0
3364769,New,IP_PROXY:TRANSPARENT,iOS 11.2.6,mobile safari generic,1334x750,mobile,iOS Device
3361724,New,,,chrome 64.0,,desktop,Windows
3361803,New,,,mobile safari generic,,mobile,
3361775,New,,,chrome 63.0,,desktop,Windows
3361836,Found,,,chrome generic,,desktop,
3361849,New,,,chrome 63.0,,desktop,Windows
3361912,New,,,chrome 64.0,,desktop,Windows
3361898,Found,,,chrome 61.0 for android,,mobile,LG-D693n Build/LRX22G
3361907,New,,,mobile safari generic,,mobile,
3361939,Found,,,chrome 63.0,,desktop,Windows
3361975,New,,,ie 11.0 for desktop,,desktop,Trident/7.0
3361969,Found,,,chrome 64.0,,desktop,Windows
3361971,New,,,chrome generic,,desktop,SM-N900W8 Build/LRX21V
3362104,New,,,chrome 64.0,,desktop,Windows
3362093,New,,,chrome generic,,desktop,SM-G900M Build/LRX21T
3362211,New,,,chrome 64.0,,desktop,Windows
3362193,New,,,edge 16.0,,desktop,Windows
3362219,Found,,,chrome generic,,desktop,Windows
3362332,Found,,,chrome generic,,desktop,Windows
3362266,Found,,,chrome generic,,desktop,Windows
3362301,Found,,,chrome 64.0,,desktop,
3362320,New,,,firefox 52.0,,desktop,Windows
3368360,New,,iOS 11.2.6,mobile safari generic,1334x750,mobile,iOS Device
3362466,New,,,firefox,,desktop,rv:54.0
3362432,New,,,samsung browser generic,,mobile,SAMSUNG SM-G610M Build/MMB29K
3362490,New,,,chrome generic,,desktop,Moto E (4) Build/NMA26.42-11-3
3362537,Found,,,chrome 64.0,,desktop,
3362512,Found,,,chrome 64.0,,desktop,
3362524,Found,,,chrome 64.0,,desktop,
3362556,New,,,firefox,,desktop,rv:43.0
3362540,Found,,,samsung browser generic,,mobile,SAMSUNG SM-G610M Build/MMB29K
3362725,Found,,,chrome 64.0,,desktop,
3362648,New,,,chrome,,mobile,
3362660,Found,,,chrome 64.0,,desktop,
3362679,Found,,,chrome 64.0,,desktop,
3362752,Found,,,chrome,,mobile,
3362757,New,,,chrome 43.0 for android,,mobile,Android 5.1
3362829,New,,,chrome generic,,desktop,Moto E (4) Plus Build/NMA26.42-69
3362825,Found,,,chrome 61.0 for android,,mobile,SM-G950F Build/NRD90M
3362874,New,,,chrome 64.0,,desktop,
3362954,Unknown,,,mobile safari generic,,mobile,
3362949,Found,,,other,,mobile,MOT-A6020l37 Build/LMY47V
3362939,New,,,chrome generic for android,,mobile,SM-A710M Build/NRD90M
3365995,New,,Windows 7,firefox 58.0,1600x900,desktop,Windows
3363005,Found,,,chrome 64.0,,desktop,Windows
3363015,Found,,,firefox 58.0,,desktop,Windows
3363024,New,,,chrome generic for android,,mobile,SM-G610M Build/MMB29K
3363019,New,,,firefox 58.0,,desktop,Windows
3363030,New,,,chrome generic for android,,mobile,LG-H840 Build/NRD90U
3363027,New,,,chrome generic,,desktop,TR10CS1 Build/JDQ39
3363035,Found,,,chrome generic for android,,mobile,HUAWEI NXT-L09 Build/HUAWEINXT-L09
3363091,Unknown,,,mobile safari generic,,mobile,
3363087,New,,,chrome generic,,desktop,Windows
3363096,New,,,chrome 64.0,,desktop,Windows
3363109,Found,,,firefox 59.0,,desktop,Windows
3363127,Found,,,firefox 59.0,,desktop,Windows
3363141,Unknown,,,mobile safari generic,,mobile,
3363125,Unknown,,,mobile safari generic,,mobile,
3363128,Unknown,,,mobile safari generic,,mobile,
3363142,Found,,,firefox 59.0,,desktop,Windows
3363148,Found,,,firefox 59.0,,desktop,Windows
3363152,Found,,,firefox 59.0,,desktop,Windows
3363162,Found,,,chrome generic for android,,mobile,F3213 Build/36.1.A.1.86
3363181,Found,,,chrome generic,,desktop,SM-A300H Build/LRX22G
3363171,New,,,chrome generic,,desktop,Windows
3363198,New,,,chrome generic,,desktop,SAMSUNG SM-G900M Build/LRX21T
3363223,New,,,ie 11.0 for desktop,,desktop,Trident/7.0
3363224,Found,,,chrome generic for android,,mobile,LG-K500 Build/MMB29M
3363227,New,,,chrome generic,,desktop,Windows
3363253,New,,,chrome 64.0,,desktop,Windows
3363254,Unknown,,,mobile safari generic,,mobile,
3363270,Unknown,,,mobile safari generic,,mobile,
3363271,Unknown,,,mobile safari generic,,mobile,
3363259,Unknown,,,mobile safari generic,,mobile,
3363273,Unknown,,,mobile safari generic,,mobile,
3363276,Unknown,,,mobile safari generic,,mobile,
3363275,New,,,mobile safari generic,,mobile,
3363282,Found,,,chrome generic,,desktop,Tmovi Build/Vision
3363287,Unknown,,,mobile safari generic,,mobile,
3363297,Found,,,chrome generic for android,,mobile,HTC Desire 10 lifestyle Build/MMB29M
3363440,New,,,chrome 63.0 for android,,mobile,SM-J700M Build/MMB29K
3363698,New,,,chrome generic,,desktop,Blade V580 Build/LMY47D
3363700,New,,,mobile safari generic,,mobile,
3363826,Found,,,chrome generic,,desktop,SM-A300H Build/LRX22G
3363926,Found,,,chrome generic,,desktop,
3363918,Unknown,,,mobile safari generic,,mobile,
3363983,New,,,chrome 64.0 for android,,mobile,Ilium LT520 Build/NRD90M
3364007,New,,,chrome 64.0 for android,,mobile,SM-G530H Build/LRX22G
3364074,Found,,,chrome 64.0,,desktop,Windows
3364028,Found,,,chrome 64.0,,desktop,
3364013,Found,,,chrome 64.0,,desktop,
3364043,Found,,,chrome 64.0,,desktop,
3364047,New,,,edge 16.0,,desktop,Windows
3364132,Found,,,chrome generic for android,,mobile,RNE-L03 Build/HUAWEIRNE-L03
3370071,Found,,Windows 10,chrome 64.0,1920x1080,desktop,Windows
3369996,Found,,Windows 10,chrome 64.0,1920x1080,desktop,Windows
3379058,New,,,edge 16.0,,desktop,
3364284,New,,,chrome generic,,desktop,
3364354,New,,,ie 11.0 for desktop,,desktop,Trident/7.0
3364397,New,,,chrome generic,,desktop,Windows
3379212,Found,IP_PROXY:TRANSPARENT,iOS 11.2.5,mobile safari generic,1334x750,mobile,iOS Device
3364437,New,,,chrome generic for android,,mobile,SM-G920P Build/NRD90M
3364531,New,,,chrome generic,,desktop,
3364575,Unknown,,,mobile safari generic,,mobile,
3364591,Unknown,,,mobile safari generic,,mobile,
3364617,Found,,,other,,mobile,Lenovo-A6020l36 Build/LMY47V
3364651,Unknown,,,safari generic,,desktop,
3364629,Found,,,chrome 64.0,,desktop,Windows
3364712,New,,,chrome 64.0,,desktop,Windows
3364754,New,,,firefox 59.0,,desktop,Windows
3364878,New,,,chrome 64.0 for android,,mobile,HUAWEI RIO-L03 Build/HUAWEIRIO-L03
3364965,Found,,,chrome 64.0,,desktop,Windows
3365095,New,,,chrome generic for android,,mobile,F5121 Build/34.3.A.0.238
3365075,New,,,chrome generic,,desktop,Windows
3365104,Unknown,,,mobile safari generic,,mobile,
3365118,New,,,mobile safari generic,,mobile,
3365239,Unknown,,,mobile safari generic,,mobile,
3365331,New,,,chrome generic,,desktop,Windows
3365326,Unknown,,,mobile safari generic,,mobile,
3365400,Unknown,,,mobile safari generic,,mobile,
3365384,Found,,,chrome 64.0,,desktop,
3365407,,,,,,,
3365461,Found,,,firefox 58.0,,desktop,Windows
3365491,Unknown,,,mobile safari generic,,mobile,
3365442,Found,,,chrome 64.0,,desktop,
3365439,Found,,,chrome 64.0,,desktop,
3365531,Unknown,,,mobile safari generic,,mobile,
3365462,Found,,,chrome 64.0,,desktop,
3365457,New,,,chrome generic,,desktop,Windows
3365460,Found,,,chrome 64.0,,desktop,
3365565,New,,,chrome 64.0 for android,,mobile,XT1064 Build/MPB24.65-34-3
3365615,New,,,firefox,,desktop,
3374563,New,,,chrome 64.0,,desktop,Windows
3374650,Found,,,chrome 64.0,,desktop,Windows
3374623,Found,,,chrome 64.0,,desktop,Windows
3374642,Found,,,chrome 64.0,,desktop,Windows
3374700,Found,,,chrome 64.0,,desktop,Windows
3365800,Found,,,chrome 61.0 for android,,mobile,SM-J510MN Build/MMB29M
3365863,Found,,,chrome 61.0 for android,,mobile,SM-J510MN Build/MMB29M
3365927,Found,,,samsung browser generic,,mobile,SAMSUNG SM-G950F Build/NRD90M
3365902,Found,,,chrome 62.0 for android,,mobile,Redmi Note 4 Build/NRD90M
3365967,Found,,,safari generic,,desktop,
3366003,New,,,chrome 64.0,,desktop,Windows
3366004,Found,,,chrome generic,,desktop,ALE-L23 Build/HuaweiALE-L23
3366001,New,,,mobile safari generic,,mobile,
3366000,Found,,,mobile safari generic,,mobile,
3366010,Found,,,chrome generic,,desktop,ALE-L23 Build/HuaweiALE-L23
3366002,Found,,,samsung browser 6.2,,mobile,SAMSUNG SM-G950F Build/NRD90M
3366065,New,,,chrome generic,,desktop,Windows
3366095,New,,,mobile safari generic,,mobile,
3366102,New,,,chrome 64.0,,desktop,
3366112,Found,,,chrome generic,,desktop,Moto G (4) Build/NPJS25.93-14-10
3366117,,,,,,,
3366142,New,,,chrome generic for android,,mobile,LG-K200 Build/MXB48T
3366145,New,,,chrome 64.0,,desktop,Windows
3366131,New,,,chrome generic for android,,mobile,Lenovo TB-X103F Build/LenovoTB-X103F
3366140,New,,,chrome 64.0,,desktop,Windows
3366173,New,,,chrome generic,,desktop,Windows
3366174,Unknown,,,mobile safari generic,,mobile,
3366190,Found,,,chrome 62.0 for android,,mobile,5054S Build/LMY47V
3366192,New,,,chrome 63.0 for android,,mobile,Lenovo K33b36 Build/NRD90N
3366198,New,,,chrome generic,,desktop,Windows
3366217,New,,,chrome generic,,desktop,SM-A300H Build/LRX22G
3366231,New,,,Generic/Android,,mobile,rv:59.0
3366241,New,,,chrome 64.0,,desktop,Windows
3366260,Unknown,,,mobile safari generic,,mobile,
3366269,Unknown,,,mobile safari generic,,mobile,
3366268,Unknown,,,mobile safari generic,,mobile,
3366267,Found,,,chrome generic,,desktop,SM-T113NU Build/KTU84P
3366299,Found,,,chrome generic for android,,mobile,SM-G920P Build/NRD90M
3372266,New,,iOS 11.2.6,mobile safari generic,1334x750,mobile,iOS Device
3366510,Found,,,chrome 63.0 for android,,mobile,SM-J500M Build/MMB29M
3366481,Unknown,,,mobile safari generic,,mobile,
3366483,Unknown,,,mobile safari generic,,mobile,
3366493,Found,,,mobile safari generic,,mobile,
3366778,Found,,,chrome generic for android,,mobile,SM-G610M Build/MMB29K
3366787,Unknown,,,chrome,,mobile,
3372719,New,,iOS 11.2.6,mobile safari generic,2208x1242,mobile,iOS Device
3366764,New,,,chrome generic for android,,mobile,SM-J710MN Build/MMB29K
3366780,Found,,,chrome 64.0,,desktop,Windows
3366853,Found,,,chrome generic,,desktop,ALE-L23 Build/HuaweiALE-L23
3366874,Found,,,chrome generic,,desktop,ALE-L23 Build/HuaweiALE-L23
3366832,Found,,,samsung browser 6.2,,mobile,SAMSUNG SM-G950F Build/NRD90M
3366847,Unknown,,,chrome,,mobile,
3366973,Found,,,chrome 64.0,,desktop,Windows
3366908,Found,,,chrome 64.0,,desktop,Windows
3366964,Found,,,chrome 64.0 for android,,mobile,LG-K410 Build/LRX22G
3366933,Found,,,chrome 64.0,,desktop,Windows
3367002,New,,,ie 11.0 for desktop,,desktop,Trident/7.0
3367121,New,,,chrome generic for android,,mobile,WAS-LX3 Build/HUAWEIWAS-LX3
3367104,New,,,chrome generic,,desktop,Moto G (5) Plus Build/NPN25.137-92
3367131,Found,,,chrome 55.0 for android,,mobile,SM-G531H Build/LMY48B
3367237,Found,,,chrome 64.0,,desktop,Windows
3367270,Found,,,chrome generic for android,,mobile,G25524K
3367211,New,,,chrome generic,,desktop,SGP511
3367305,Found,,,chrome 64.0,,desktop,Windows
3367243,Found,,,chrome 64.0,,desktop,Windows
3367244,Found,,,chrome 64.0,,desktop,Windows
3367338,Found,,,chrome 64.0,,desktop,Windows
3367308,Found,,,chrome 64.0,,desktop,Windows
3367405,New,,,opera 51.0,,desktop,Windows
3367363,New,,,chrome generic for android,,mobile,Moto X Play Build/NPD26.48-24-1
3367361,Found,,,other,,mobile,MOT-A6020l37 Build/LMY47V
3367456,New,,,chrome 64.0,,desktop,Windows
3367528,New,,,chrome 64.0,,desktop,Windows
3367562,Found,,,chrome 64.0,,desktop,Windows
3367685,Found,,,chrome 64.0,,desktop,Windows
3367740,Found,,,opera 51.0,,desktop,Windows
3370745,New,,Windows 10,edge 16.0,1280x1024,desktop,Windows
3368002,New,,,chrome 64.0 for android,,mobile,SM-G935F Build/NRD90M
3368047,Unknown,,,mobile safari generic,,mobile,
3368097,Unknown,,,mobile safari generic,,mobile,
3368083,New,,iOS 11.2.5,mobile safari generic,2208x1242,mobile,iOS Device
3368229,Unknown,,,mobile safari generic,,mobile,
3368201,Found,,,chrome generic,,desktop,Z813 Build/LMY47O
3368294,New,,,chrome generic,,desktop,Windows
3368258,New,,,chrome 64.0,,desktop,
3368364,Unknown,,,mobile safari generic,,mobile,
3368371,New,,,chrome 64.0,,desktop,Windows
3368346,Found,,,chrome 64.0,,desktop,
3368410,Found,,,chrome generic,,desktop,Windows
3368401,Found,,,chrome 64.0,,desktop,Windows
3368438,Found,,,chrome 64.0,,desktop,Windows
3368471,New,,,chrome 63.0 for android,,mobile,Lenovo
3368609,New,,,chrome 64.0,,desktop,Windows
3368688,New,,,chrome 57.0 for android,,mobile,E2306 Build/26.3.A.1.33
3368760,New,,,chrome generic,,desktop,
3368739,New,,,chrome generic for android,,mobile,Moto Z2 Play Build/NPSS26.118-19-14
3383705,New,,,chrome generic for android,,mobile,TRT-L53 Build/HUAWEITRT-L53
3383700,Found,,,chrome generic for android,,mobile,TRT-L53 Build/HUAWEITRT-L53
3368966,New,,,samsung browser generic,,mobile,SAMSUNG SM-N950F Build/NMF26X
3368958,New,,,chrome generic for android,,mobile,SM-G610M Build/MMB29K
3368959,New,,,chrome generic,,desktop,Moto
3369018,New,,,chrome generic,,desktop,Moto G (5) Build/NPP25.137-82
3369059,Found,,,chrome 64.0,,desktop,
3369085,New,,,chrome 64.0,,desktop,Windows
3369118,Found,,,samsung browser 6.2,,mobile,SAMSUNG SM-G950F Build/NRD90M
3369117,Found,,,samsung browser 6.2,,mobile,SAMSUNG SM-G950F Build/NRD90M
3369147,Found,,,chrome 49.0 for android,,mobile,SM-J110M Build/LMY48B
3369150,Found,,,chrome 64.0,,desktop,Windows
3369155,New,,,chrome 64.0,,desktop,
3369160,Found,,,chrome 64.0,,desktop,
3369148,Found,,,chrome 64.0,,desktop,
3369152,Found,,,chrome 64.0,,desktop,
3369172,Unknown,,,mobile safari generic,,mobile,
3369200,New,,,chrome 64.0,,desktop,Windows
3369282,New,,,other,,mobile,SM-G610M Build/MMB29K
3369314,New,,,android webview 4.0,,mobile,SM-G930T Build/NRD90M
3369313,Found,,,other,,mobile,SM-G610M Build/MMB29K
3369344,Found,,,other,,mobile,SM-G610M Build/MMB29K
3369334,Found,,,other,,mobile,SM-G610M Build/MMB29K
3372255,New,,Android 6.0.1,chrome generic for android,1920x1080,mobile,SM-G900P Build/MMB29M
3369392,Unknown,,,mobile safari generic,,mobile,
3375376,New,IP_PROXY:TRANSPARENT,iOS 11.2.6,mobile safari generic,2208x1242,mobile,iOS Device
3369571,Found,,,chrome generic for android,,mobile,HTC One A9s Build/MRA58K
3370160,Found,,,chrome 62.0 for android,,mobile,PRA-LX3 Build/HUAWEIPRA-LX3
3370182,New,,,chrome generic for android,,mobile,SM-J700M Build/MMB29K
3370161,Unknown,,,mobile safari generic,,mobile,
3370277,Unknown,,,mobile safari generic,,mobile,
3373214,Found,,Mac OS X 10.13,firefox 59.0,2560x1600,desktop,rv:59.0
3370324,New,,,chrome generic,,desktop,SM-A310M Build/LMY47X
3370567,Found,,,chrome generic for android,,mobile,SM-G935F Build/NRD90M
3370642,New,,,chrome generic,,desktop,
3370654,New,,,chrome 64.0,,desktop,Windows
3370885,New,,,chrome generic,,desktop,Windows
3371018,Unknown,,,safari generic,,desktop,
3371249,Unknown,,,mobile safari generic,,mobile,
3371313,New,,,chrome generic,,desktop,
3371435,Unknown,,,chrome generic,,desktop,Windows
3371558,New,,,chrome 64.0,,desktop,Windows
3371740,Found,,,chrome generic,,desktop,Blade V580 Build/LMY47D
3371777,New,,,chrome generic for android,,mobile,PRA-LX3 Build/HUAWEIPRA-LX3
3371806,New,,,chrome generic,,desktop,Moto G (4) Build/NPJ25.93-14.7
3371847,New,,,chrome generic,,desktop,Windows
3371849,Found,,,chrome generic for android,,mobile,MHA-L09 Build/HUAWEIMHA-L09
3371894,Found,,,samsung browser generic,,mobile,SAMSUNG SM-G955F Build/NRD90M
3371888,New,,,chrome 64.0 for android,,mobile,SM-T800
3371923,Found,,,mobile safari generic,,mobile,
3371926,New,,,mobile safari generic,,mobile,
3371936,Found,,,edge 16.0,,desktop,Windows
3371989,Found,,,chrome generic,,desktop,Windows
3372014,New,,,mobile safari generic,,mobile,
3372044,New,,,chrome generic,,desktop,Moto E (4) Plus Build/NMA26.42-69
3372064,Unknown,,,mobile safari generic,,mobile,
3372085,New,,,chrome generic for android,,mobile,SM-A510M Build/NRD90M
3372090,New,,,other,,mobile,Lenovo-A6020l36 Build/LMY47V
3381003,New,,Windows 10,chrome generic,1920x1080,desktop,Windows
3372086,Found,,,chrome generic for android,,mobile,SM-A510M Build/NRD90M
3372096,Found,,,chrome generic for android,,mobile,SM-A510M Build/NRD90M
3372087,New,,,edge 16.0,,desktop,Windows
3372114,New,,,chrome generic,,desktop,Moto G (4) Build/NPJ25.93-14.7
3372124,New,,,samsung browser generic,,mobile,SAMSUNG SM-G930F Build/NRD90M
3372123,Found,,,samsung browser generic,,mobile,SAMSUNG SM-G930F Build/NRD90M
3372122,Found,,,samsung browser generic,,mobile,SAMSUNG SM-G930F Build/NRD90M
3372120,Found,,,samsung browser generic,,mobile,SAMSUNG SM-G930F Build/NRD90M
3372165,Found,,,chrome 64.0 for android,,mobile,LG-X180g Build/LMY47I
3372328,Unknown,,,mobile safari generic,,mobile,
3372602,New,,,chrome generic for android,,mobile,LIMIT
3372671,Unknown,,,mobile safari generic,,mobile,
3381749,Found,,Windows 7,chrome 64.0,1440x900,desktop,Windows
3372865,Found,,,ie 11.0 for desktop,,desktop,Trident/7.0
3373016,Found,,,Samsung/SM-G531H,,mobile,SAMSUNG SM-G531H Build/LMY48B
3373033,Unknown,,,chrome 64.0,,desktop,
3373013,Found,,,edge 16.0,,desktop,Windows
3373081,Unknown,,,mobile safari generic,,mobile,
3373200,Unknown,,,mobile safari generic,,mobile,
3373201,Found,,,chrome generic for android,,mobile,SM-J710MN Build/MMB29K
3373226,Found,,,chrome 64.0,,desktop,Windows
3373275,New,,,chrome generic for android,,mobile,SM-G930U Build/NRD90M
3373251,Unknown,,,mobile safari generic,,mobile,
3373494,Found,,,chrome generic for android,,mobile,CAM-L03 Build/HUAWEICAM-L03
3373553,Found,,,chrome generic for android,,mobile,SM-G920P Build/NRD90M
3373645,New,,,chrome generic for android,,mobile,HUAWEI VNS-L23 Build/HUAWEIVNS-L23
3373657,New,,,chrome 64.0,,desktop,
3373813,Found,,,other,,mobile,Lenovo-A6020l36 Build/LMY47V
3373837,Found,,,other,,mobile,Lenovo-A6020l36 Build/LMY47V
3373868,Found,,,other,,mobile,Lenovo-A6020l36 Build/LMY47V
3373792,Found,,,other,,mobile,Lenovo-A6020l36 Build/LMY47V
3373859,Unknown,,,mobile safari generic,,mobile,
3373888,Unknown,,,mobile safari generic,,mobile,
3374143,New,,,chrome generic,,desktop,Moto G (4) Build/NPJS25.93-14-13
3374165,Found,,,chrome generic for android,,mobile,5080A Build/MRA58K
3374164,Unknown,,,mobile safari generic,,mobile,
3374276,Unknown,,,chrome,,mobile,
3374212,Unknown,,,chrome,,mobile,
3374218,Unknown,,,mobile safari generic,,mobile,
3374299,Unknown,,,chrome,,mobile,
3377261,New,,iOS 11.2.2,mobile safari generic,2208x1242,mobile,iOS Device
3374510,New,,,chrome generic for android,,mobile,Lenovo K33b36 Build/MMB29M
3374576,Unknown,,,safari generic,,desktop,
3374562,New,,,chrome generic,,desktop,Windows
3374637,Found,,,chrome 64.0,,desktop,Windows
3374693,New,,,chrome 61.0 for android,,mobile,SM-G531H Build/LMY48B
3374671,Found,,,chrome 64.0,,desktop,Windows
3374654,New,,,chrome 64.0,,desktop,Windows
3374737,Found,,,chrome 64.0,,desktop,Windows
3374717,Found,,,chrome 64.0,,desktop,Windows
3374753,Unknown,,,mobile safari generic,,mobile,
3374738,Found,,,chrome 64.0,,desktop,Windows
3374699,Found,,,chrome 64.0,,desktop,Windows
3374731,Found,,,chrome 64.0,,desktop,Windows
3374774,New,,,firefox 59.0,,desktop,Windows
3374740,Found,,,firefox 59.0,,desktop,Windows
3374751,Found,,,firefox 59.0,,desktop,Windows
3374768,New,,,chrome 64.0,,desktop,
3374816,New,,,samsung browser generic,,mobile,SAMSUNG SM-J700M Build/MMB29K
3374815,Found,,,chrome 64.0,,desktop,Windows
3374863,Found,,,chrome 63.0 for android,,mobile,SM-J500M Build/LMY48B
3374851,Found,,,chrome generic for android,,mobile,M4 SS4458 Build/MMB29M
3374861,New,,,firefox 59.0,,desktop,Windows
3374950,New,,,mobile safari generic,,mobile,
3374958,Found,,,chrome generic,,desktop,
3374966,New,,,chrome,,desktop,
3374965,New,,,chrome generic for android,,mobile,SM-J700M Build/MMB29K
3374984,Found,,,chrome 63.0,,desktop,Windows
3375081,Found,,,chrome generic,,desktop,Z813 Build/LMY47O
3375082,Found,,,chrome generic,,desktop,Z813 Build/LMY47O
3375139,Found,,,chrome 64.0,,desktop,Windows
3375140,New,,,chrome 64.0,,desktop,
3375363,New,,,chrome generic for android,,mobile,HUAWEI VNS-L23 Build/HUAWEIVNS-L23
3375609,New,,,chrome 64.0,,desktop,
3375713,New,,,chrome 50.0 for android,,mobile,HUAWEI CUN-L03 Build/HUAWEICUN-L03
3375730,New,,,firefox 59.0,,desktop,Windows
3375828,New,,,chrome 64.0,,desktop,
3376163,,,,,,,
3382160,New,,Windows 10,chrome 64.0,1366x768,desktop,Windows
3376249,New,,,chrome generic,,desktop,
3376349,Found,,,chrome generic,,desktop,
3376406,New,,,chrome generic,,desktop,
3376454,Found,,,chrome generic,,desktop,Windows
3379497,Found,IP_PROXY:TRANSPARENT,iOS 11.3.0,mobile safari generic,2436x1125,mobile,iOS Device
3376504,New,,,chrome generic,,desktop,D5306
3376776,Unknown,,,mobile safari generic,,mobile,
3377053,Found,,,chrome 64.0,,desktop,Windows
3377091,New,,,chrome 64.0,,desktop,Windows
3377152,New,,,chrome 64.0,,desktop,Windows
3377240,New,,,chrome,,desktop,ILIUM
3377274,New,,,chrome 64.0 for android,,mobile,HUAWEI RIO-L03 Build/HUAWEIRIO-L03
3377252,Found,,,chrome,,desktop,ILIUM
3374300,Found,,Windows 10,chrome 64.0,1600x900,desktop,Windows
3377354,New,,,ie 11.0 for desktop,,desktop,Trident/7.0
3377555,New,,,chrome generic,,desktop,Windows
3377742,Unknown,,,mobile safari generic,,mobile,
3377741,Unknown,,,mobile safari generic,,mobile,
3377740,Unknown,,,mobile safari generic,,mobile,
3377695,Unknown,,,mobile safari generic,,mobile,
3377857,,,,,,,
3377879,New,,,chrome 64.0,,desktop,Windows
3377934,Found,,,chrome 64.0,,desktop,Windows
3377892,New,,,chrome 64.0,,desktop,Windows
3377946,Found,,,chrome 64.0,,desktop,Windows
3377943,Found,,,chrome 64.0,,desktop,Windows
3377917,New,,,chrome 64.0,,desktop,
3377939,Found,,,chrome 64.0,,desktop,Windows
3377969,Found,,,chrome 64.0,,desktop,Windows
3377960,Found,,,chrome 64.0,,desktop,Windows
3377961,Found,,,chrome 64.0,,desktop,Windows
3377975,Found,,,chrome 64.0,,desktop,Windows
3377980,New,,,chrome generic,,desktop,SM-J700M Build/LMY48B
3377998,New,,,chrome generic,,desktop,Windows
3377985,Found,,,chrome generic,,desktop,Windows
3378002,Found,,,chrome generic,,desktop,Windows
3378058,New,,,chrome 64.0,,desktop,Windows
3378077,Unknown,,,mobile safari generic,,mobile,
3378072,New,,,chrome 64.0 for android,,mobile,5012G Build/MRA58K
3378096,Found,,,chrome generic for android,,mobile,SM-J700M Build/MMB29K
3378261,New,,,chrome 64.0 for android,,mobile,BLADE V8 SE Build/NRD90M
3381231,New,,Windows 10,firefox 59.0,1600x900,desktop,Windows
3378343,New,,,chrome generic,,desktop,SM-G318ML
3378504,New,,,chrome 64.0,,desktop,Windows
3378674,Unknown,,,mobile safari generic,,mobile,
3378725,New,,,chrome 64.0,,desktop,
3378681,Found,,,chrome 64.0,,desktop,Windows
3378785,Found,,,chrome generic,,desktop,Moto E (4) Plus Build/NMA26.42-69
3378861,Unknown,,,mobile safari generic,,mobile,
3378967,Found,,,chrome generic,,desktop,Moto E (4) Plus Build/NMA26.42-69
3378892,New,,,chrome generic,,desktop,Moto E (4) Build/NMA26.42-19
3378895,Found,,,chrome 64.0,,desktop,Windows
3379009,New,,,android browser 4.0,,mobile,es-us
3379122,New,,,chrome 64.0,,desktop,
3379140,New,,,chrome 64.0,,desktop,Windows
3379321,New,,,chrome 64.0,,desktop,
3394250,New,,,chrome 49.0,,desktop,
3379540,Found,,,chrome 65.0 for android,,mobile,SM-A310M Build/LMY47X
3379481,Found,,,chrome 65.0 for android,,mobile,SM-A310M Build/LMY47X
3379482,Found,,,chrome 65.0 for android,,mobile,SM-A310M Build/LMY47X
3379505,Found,,,chrome 65.0 for android,,mobile,SM-G570M Build/MMB29K
3379610,New,,,ie 11.0 for desktop,,desktop,Trident/7.0
3379586,New,,,chrome 64.0,,desktop,Windows
3379619,Found,,,ie 11.0 for desktop,,desktop,Trident/7.0
3379679,New,,,chrome 64.0,,desktop,Windows
3379628,New,,,chrome 65.0 for android,,mobile,HUAWEI
3379740,Found,,,chrome 64.0,,desktop,
3379743,Found,,,chrome 64.0,,desktop,
3379961,Found,,,chrome 64.0 for android,,mobile,Hisense F102 Build/NRD90M
3380057,Found,,,chrome 64.0,,desktop,Windows
3380112,New,,,firefox 57.0,,desktop,Windows
3380101,New,,,chrome 65.0 for android,,mobile,ALE-L23 Build/HuaweiALE-L23
3380186,Unknown,,,mobile safari generic,,mobile,
3380196,Found,,,android browser 4.0,,mobile,es-us
3380176,Found,,,android browser 4.0,,mobile,es-us
3380172,Found,,,chrome 64.0,,desktop,
3380269,Found,,,samsung browser 6.4,,mobile,SAMSUNG SM-A520F Build/NRD90M
3380305,Found,,,chrome generic,,desktop,SAMSUNG SM-G900M Build/LRX21T
3380594,New,,,chrome 65.0,,desktop,
3380649,New,,,edge 16.0,,desktop,Windows
3380735,New,,,chrome 65.0,,desktop,Windows
3380752,Found,,,chrome 64.0,,desktop,Windows
3380743,Found,,,chrome 64.0,,desktop,Windows
3389674,New,,Windows 7,firefox 59.0,1366x768,desktop,Windows
3380756,Found,,,chrome 65.0,,desktop,Windows
3380770,New,,,chrome 65.0 for android,,mobile,SM-G935F Build/NRD90M
3380829,New,,,safari generic,,desktop,
3380814,Unknown,,,mobile safari generic,,mobile,
3380835,New,,,mobile safari generic,,mobile,
3380859,New,,,chrome 64.0,,desktop,Windows
3380877,Unknown,,,mobile safari generic,,mobile,
3380870,Found,,,chrome 65.0 for android,,mobile,M4 SS4453 Build/MMB29M
3380886,New,,,firefox 59.0,,desktop,rv:59.0
3380884,Found,,,firefox 59.0,,desktop,rv:59.0
3380874,Found,,,firefox 59.0,,desktop,rv:59.0
3380906,Found,,,firefox 59.0,,desktop,rv:59.0
3380927,New,,,safari generic,,desktop,
3380914,Found,,,safari generic,,desktop,
3380961,Found,,,chrome 64.0,,desktop,Windows
3380984,New,,,chrome 64.0,,desktop,
3381015,Found,,,chrome 55.0 for android,,mobile,SM-G531H Build/LMY48B
3381021,Found,,,chrome 65.0 for android,,mobile,XT1032 Build/LPBS23.13-56-2
3381012,New,,,chrome 65.0 for android,,mobile,PRA-LX3 Build/HUAWEIPRA-LX3
3381031,New,,,chrome 65.0 for android,,mobile,LG-D331
3381044,New,,,chrome 65.0 for android,,mobile,SM-A530F Build/NMF26X
3381155,New,,,android browser 4.0,,mobile,gxq6580_weg_l Build/LMY47I
3381192,New,,,chrome 65.0 for android,,mobile,SM-G925I Build/NRD90M
3381291,Found,,,chrome 64.0,,desktop,Windows
3381464,Found,,,chrome 64.0,,desktop,Windows
3381572,Found,,,chrome 65.0,,desktop,
3381560,Found,,,chrome 65.0 for android,,mobile,LG-K240 Build/MXB48T
3381542,New,,,mobile safari generic,,mobile,
3390612,Found,,Windows 10,chrome 64.0,1680x1050,desktop,Windows
3381779,New,,,mobile safari generic,,mobile,
3381768,Found,,,mobile safari generic,,mobile,
3381793,New,,,ie 11.0 for desktop,,desktop,rv:11.0
3381758,Found,,,mobile safari generic,,mobile,
3381837,New,,,chrome 64.0,,desktop,Windows
3381937,New,,,chrome 64.0,,desktop,
3382047,Unknown,,,mobile safari generic,,mobile,
3382054,Found,,,chrome 64.0,,desktop,Windows
3382128,New,,,chrome 65.0 for android,,mobile,SM-J700M Build/LMY48B
3382120,Found,,,chrome 64.0,,desktop,Windows
3382187,Found,,,chrome 64.0,,desktop,Windows
3382191,Found,,,chrome 64.0,,desktop,Windows
3382190,Found,,,chrome 64.0,,desktop,Windows
3382169,New,,,chrome 65.0,,desktop,Windows
3382288,Unknown,,,safari generic,,desktop,
3382333,New,IP_PROXY:ANONYMOUS,,chrome 65.0,,desktop,Windows
3382363,New,,,chrome 64.0,,desktop,Windows
3382469,New,,,chrome 64.0,,desktop,Windows
3382523,Unknown,,,mobile safari generic,,mobile,
3382615,Found,,,chrome 65.0 for android,,mobile,SM-G935F Build/NRD90M
3382727,New,,,chrome 65.0,,desktop,
3382733,New,,,chrome 65.0,,desktop,Windows
3382838,New,,,chrome 65.0,,desktop,
3382811,New,,,chrome 65.0 for android,,mobile,ALE-L23 Build/HuaweiALE-L23
3382843,New,,,chrome 64.0,,desktop,Windows
3382899,Found,,,chrome 49.0,,desktop,
3383005,Found,,,chrome 65.0,,desktop,Windows
3383009,Found,,,chrome 64.0,,desktop,
3383083,Found,,,chrome generic,,desktop,Moto G (5) Plus Build/NPN25.137-92
3383131,Found,,,chrome generic,,desktop,Moto G (5) Plus Build/NPN25.137-92
3383237,Found,,,ie 11.0 for desktop,,desktop,Trident/7.0
3383240,Found,,,firefox 59.0,,desktop,Windows
3383344,New,,,chrome 65.0 for android,,mobile,SM-A510M Build/NRD90M
3383368,Found,,,chrome 65.0,,desktop,
3398446,New,,,chrome 64.0,,desktop,Windows
3383538,Found,,,chrome 65.0 for android,,mobile,HTC One_M8 Build/MRA58K
3383541,Found,,,chrome 64.0,,desktop,
3383563,Found,,,chrome 64.0,,desktop,
3383560,New,,,chrome generic,,desktop,Moto E (4) Build/NMA26.42-69
3383622,New,,,chrome 65.0,,desktop,
3383626,New,,,chrome 65.0,,desktop,Windows
3383609,New,,,safari generic,,desktop,
3383619,Found,,,chrome 65.0 for android,,mobile,SM-G930F Build/NRD90M
3383672,New,,,chrome 65.0 for android,,mobile,SM-G935V Build/NRD90M
3383694,Found,,,chrome 65.0,,desktop,
3383789,New,,,chrome 64.0,,desktop,Windows
3383874,Unknown,,,mobile safari generic,,mobile,
3383883,New,,,chrome 65.0 for android,,mobile,WAS-LX3 Build/HUAWEIWAS-LX3
3383855,Found,,,chrome 65.0 for android,,mobile,WAS-LX3 Build/HUAWEIWAS-LX3
3383910,New,,,mobile safari generic,,mobile,
3383900,New,,,chrome 64.0 for android,,mobile,Moto C Plus Build/NRD90M.05.034
3383898,New,,,mobile safari generic,,mobile,
3383923,New,,,chrome 65.0 for android,,mobile,SM-G610M Build/NRD90M
3383918,Unknown,,,mobile safari generic,,mobile,
3383924,New,,,chrome 65.0,,desktop,Windows
3383939,Found,,,chrome 65.0,,desktop,Windows
3383954,New,,,samsung browser 6.4,,mobile,SAMSUNG SM-G950F Build/NRD90M
3383969,New,,,chrome 65.0,,desktop,Windows
3383968,New,,,chrome 65.0,,desktop,Windows
3383978,Found,,,chrome 65.0 for android,,mobile,SM-G920P Build/NRD90M
3383974,Found,,,chrome 65.0 for android,,mobile,SM-G920P Build/NRD90M
3383980,Found,,,chrome generic,,desktop,Moto G (4) Build/NPJS25.93-14-10
3384217,New,,,chrome 65.0 for android,,mobile,M4 SS4458 Build/MMB29M
3384318,New,,,chrome 65.0 for android,,mobile,SM-G955F Build/NRD90M
3384417,New,,,chrome 65.0 for android,,mobile,HUAWEI G7-L03 Build/HuaweiG7-L03
3384468,New,,,chrome 65.0,,desktop,
3384482,Unknown,,,mobile safari generic,,mobile,
3384438,Found,,,chrome 64.0,,desktop,Windows
3384523,Found,,,chrome 64.0,,desktop,Windows
3384490,Found,,,chrome 64.0,,desktop,Windows
3384540,Found,,,chrome 65.0,,desktop,
3381585,Found,,Windows 7,chrome 65.0,1920x1080,desktop,Windows
3384585,New,,,firefox 59.0,,desktop,Linux x86_64
3384564,Found,,,chrome 65.0 for android,,mobile,SM-G900M Build/LRX21T
3384580,New,,,chrome 58.0 for android,,mobile,LG-K220 Build/MXB48T
3384616,Found,,,chrome 63.0,,desktop,
3384835,New,,,chrome 65.0,,desktop,Windows
3384872,Found,,,chrome 65.0 for android,,mobile,SM-G930F Build/NRD90M
3384848,Found,,,firefox 59.0,,desktop,Windows
3384866,Found,,,firefox 59.0,,desktop,Windows
3385015,New,,,chrome 65.0,,desktop,Windows
3385101,New,,,chrome 62.0 for android,,mobile,M4 SS4453 Build/MMB29M
3385129,Unknown,,,mobile safari generic,,mobile,
3385128,New,,,chrome 65.0,,desktop,Windows
3385079,New,,,safari generic,,desktop,
3385193,New,,,chrome 65.0,,desktop,
3385241,Unknown,,,mobile safari generic,,mobile,
3385349,New,,,chrome 65.0 for android,,mobile,Nexus 6 Build/MOB30M
3388538,Found,,Windows 7,ie 11.0 for desktop,1920x1200,desktop,Trident/7.0
3391401,New,,iOS 11.2.6,mobile safari generic,1334x750,mobile,iOS Device
3385530,Found,,,firefox 59.0,,desktop,Windows
3385595,New,,,chrome 65.0 for android,,mobile,PRA-LX3 Build/HUAWEIPRA-LX3
3385561,New,,,ie 11.0 for desktop,,desktop,Trident/7.0
3385700,Unknown,,,mobile safari generic,,mobile,
3385723,Found,,,chrome 65.0,,desktop,Windows
3385863,New,,,chrome 63.0,,desktop,
3385898,Unknown,,,mobile safari generic,,mobile,
3385930,Found,,,chrome 65.0,,desktop,Windows
3385998,New,,,chrome 65.0,,desktop,Windows
3385917,Found,,,chrome 64.0,,desktop,Windows
3385952,Found,,,chrome 64.0,,desktop,Windows
3386017,Found,,,chrome 65.0 for android,,mobile,5080A Build/MRA58K
3386171,New,,,chrome 65.0 for android,,mobile,RNE-L03 Build/HUAWEIRNE-L03
3386188,Found,,,chrome 64.0 for android,,mobile,LG-D373 Build/KOT49I.V10a
3386176,New,,,chrome 65.0 for android,,mobile,LG-K580 Build/MRA58K
3386319,New,,,chrome 65.0 for android,,mobile,B1-790
3386343,New,,,chrome 65.0,,desktop,
3386289,Found,,,chrome 65.0,,desktop,Windows
3386354,New,,,chrome 65.0,,desktop,Windows
3386311,New,,,chrome 65.0,,desktop,Windows
3386446,Found,,,chrome generic,,desktop,Moto E (4) Plus Build/NMA26.42-69
3386447,Found,,,chrome 65.0,,desktop,
3386439,New,,,chrome 65.0,,desktop,Windows
3386445,Found,,,firefox 59.0,,desktop,Windows
3386466,Found,,,ie 11.0 for desktop,,desktop,Trident/7.0
3386531,Unknown,,,mobile safari generic,,mobile,
3386621,Found,,,firefox,,desktop,rv:50.0
3386561,Unknown,,,mobile safari generic,,mobile,
3386598,Unknown,,,mobile safari generic,,mobile,
3386628,Found,,,chrome 64.0 for android,,mobile,HUAWEI RIO-L03 Build/HUAWEIRIO-L03
3401728,New,,,firefox,,desktop,rv:59.0
3401738,Found,,,firefox,,desktop,rv:59.0
3386659,Found,,,chrome 65.0,,desktop,Windows
3386677,Unknown,,,mobile safari generic,,mobile,
3386660,Unknown,,,mobile safari generic,,mobile,
3386673,Found,,,firefox 58.0,,desktop,Linux x86_64
3386755,,,,,,,
3386737,New,,,chrome 65.0 for android,,mobile,HUAWEI VNS-L23 Build/HUAWEIVNS-L23
3386727,New,,,chrome 64.0,,desktop,Windows
3386774,Unknown,,,mobile safari generic,,mobile,
3386770,Found,,,chrome 65.0 for android,,mobile,HUAWEI VNS-L23 Build/HUAWEIVNS-L23
3386749,New,,,chrome 59.0 for android,,mobile,SM-J510MN Build/MMB29M
3386789,New,,,chrome 65.0 for android,,mobile,SM-G610M Build/MMB29K
3386824,Found,,,chrome 65.0 for android,,mobile,SM-G610M Build/MMB29K
3386823,Found,,,chrome 65.0 for android,,mobile,SM-G610M Build/MMB29K
3386813,Found,,,other,,mobile,Lenovo-A6020l36 Build/LMY47V
3386822,Found,,,chrome 65.0 for android,,mobile,SM-G610M Build/MMB29K
3386819,Found,,,chrome 65.0 for android,,mobile,SM-G610M Build/MMB29K
3386850,New,IP_PROXY:ANONYMOUS,,chrome 65.0,,desktop,Windows
3386865,Unknown,,,mobile safari generic,,mobile,
3386862,Found,,,chrome 65.0,,desktop,Windows
3386877,Unknown,,,mobile safari generic,,mobile,
3386876,Unknown,,,mobile safari generic,,mobile,
3386879,Unknown,,,mobile safari generic,,mobile,
3386905,New,,,chrome 65.0,,desktop,Windows
3386915,Unknown,,,mobile safari generic,,mobile,
3386907,Unknown,,,mobile safari generic,,mobile,
3386912,New,,,firefox 59.0,,desktop,Windows
3386923,Found,,,chrome 65.0 for android,,mobile,Moto X Play Build/NPD26.48-24-1
3386941,Unknown,,,chrome 65.0,,desktop,Windows
3386939,Unknown,,,mobile safari generic,,mobile,
3386948,Unknown,,,mobile safari generic,,mobile,
3386945,New,,,chrome 65.0,,desktop,
3387006,Found,,,chrome 64.0,,desktop,
3387023,Unknown,,,mobile safari generic,,mobile,
3387036,Unknown,,,mobile safari generic,,mobile,
3387131,Unknown,,,mobile safari generic,,mobile,
3387135,Unknown,,,mobile safari generic,,mobile,
3387111,Unknown,,,mobile safari generic,,mobile,
3387189,Found,,,chrome 65.0,,desktop,Windows
3387237,New,,,chrome 65.0 for android,,mobile,SM-G531H Build/LMY48B
3387306,New,,,firefox 55.0,,desktop,rv:55.0
3387398,Found,,,chrome 65.0,,desktop,
3387498,Unknown,,,mobile safari generic,,mobile,
3387473,Unknown,,,mobile safari generic,,mobile,
3387484,New,,,ie 11.0 for desktop,,desktop,Trident/7.0
3387533,New,,,chrome 65.0,,desktop,Windows
3387611,Found,,,chrome 65.0,,desktop,Windows
3387675,New,,,chrome 65.0,,desktop,Windows
3387622,Found,,,chrome 65.0,,desktop,Windows
3387655,Unknown,,,mobile safari generic,,mobile,
3387774,New,,,Samsung/SM-G531H,,mobile,SAMSUNG SM-G531H Build/LMY48B
3387832,Found,,,chrome 65.0,,desktop,Windows
3387854,Found,,,chrome 65.0,,desktop,Windows
3387840,New,,,chrome 65.0 for android,,mobile,SM-G950F Build/NRD90M
3387872,Found,IP_PROXY:ANONYMOUS,,chrome 65.0 for android,,mobile,LG-M700 Build/NMF26X
3387850,Found,IP_PROXY:ANONYMOUS,,chrome 65.0 for android,,mobile,LG-M700 Build/NMF26X
3387886,Found,,,Samsung/SM-G531H,,mobile,SAMSUNG SM-G531H Build/LMY48B
3387801,Found,,,Samsung/SM-G531H,,mobile,SAMSUNG SM-G531H Build/LMY48B
3387884,Found,,,chrome 65.0,,desktop,Windows
3387881,New,,,chrome 65.0 for android,,mobile,SM-G955F Build/NRD90M
3396976,New,,,chrome generic,,desktop,Moto G (4) Build/NPJS25.93-14-13
3387983,Found,,,Samsung/SM-G531H,,mobile,SAMSUNG SM-G531H Build/LMY48B
3388056,New,,,chrome 65.0,,desktop,
3388187,Found,,,chrome 65.0 for android,,mobile,SM-G950F Build/NRD90M
3388114,New,,,chrome 65.0 for android,,mobile,SM-J510MN Build/MMB29M
3403242,Found,,,chrome 65.0,,desktop,Windows
3388289,Unknown,,,mobile safari generic,,mobile,
3388319,Unknown,,,mobile safari generic,,mobile,
3388350,Found,,,chrome 65.0,,desktop,
3388370,New,,,chrome 64.0 for android,,mobile,4047G Build/NRD90M
3388696,New,,,ie 11.0 for desktop,,desktop,Trident/7.0
3388751,Found,,,chrome 62.0 for android,,mobile,SM-A500M Build/LRX22G
3388887,New,,,chrome 65.0 for android,,mobile,ALE-L23 Build/HuaweiALE-L23
3388986,New,,,chrome 65.0,,desktop,Windows
3389085,New,,,chrome 65.0 for android,,mobile,SM-G950F Build/NRD90M
3395133,New,,Mac OS X 10_13_3,safari generic,1280x800,desktop,MacOS
3389144,Found,,,chrome 62.0 for android,,mobile,MotoG3 Build/MPI24.65-33.1-2
3389116,Found,,,chrome 65.0 for android,,mobile,TRT-L53 Build/HUAWEITRT-L53
3389108,New,,,chrome 65.0,,desktop,Windows
3389167,Unknown,,,chrome 65.0 for android,,mobile,SM-G920I
3389273,New,,,chrome 65.0,,desktop,Windows
3389400,New,,,chrome 64.0,,desktop,Windows
3389403,Found,,,chrome 64.0 for android,,mobile,4047G Build/NRD90M
3389472,New,,,edge 16.0,,desktop,Windows
3389452,Found,,,chrome 64.0 for android,,mobile,4047G Build/NRD90M
3389415,Found,,,chrome 64.0 for android,,mobile,4047G Build/NRD90M
3389499,New,,,chrome 64.0,,desktop,Windows
3389542,Found,,,chrome 65.0,,desktop,Windows
3389523,New,IP_PROXY:TRANSPARENT,iOS 11.2.6,mobile safari generic,2001x1125,mobile,iOS Device
3389493,Found,,,chrome 65.0,,desktop,Windows
3389545,New,,,chrome 62.0 for android,,mobile,SM-G532M Build/MMB29T
3389533,Found,,,chrome 65.0,,desktop,Windows
3389515,Unknown,,,mobile safari generic,,mobile,
3389538,Found,,,chrome 65.0,,desktop,Windows
3389584,New,,,chrome 65.0,,desktop,
3389586,New,,,chrome generic,,desktop,Moto E (4) Build/NMA26.42-69
3389643,Found,,,chrome 65.0,,desktop,
3389664,New,,,other,,mobile,SAMSUNG SM-G9600 Build/R16NW
3389687,Found,,,chrome 58.0,,desktop,
3389701,Found,,,chrome 65.0 for android,,mobile,SM-G570M Build/MMB29K
3389732,New,,,chrome 65.0,,desktop,Windows
3389728,Found,,,chrome 65.0,,desktop,Windows
3389731,New,,,mobile safari generic,,mobile,
3389769,New,,,mobile safari generic,,mobile,
3389776,Found,,,mobile safari generic,,mobile,
3389806,Found,,,chrome 65.0 for android,,mobile,LG-H840 Build/MMB29M
3389854,Found,,,ie 11.0 for desktop,,desktop,Trident/7.0
3389875,New,,,chrome 65.0,,desktop,Windows
3389934,New,,,chrome 64.0 for android,,mobile,LG-K580 Build/MRA58K
3389954,Found,,,chrome 65.0 for android,,mobile,SM-J730G Build/NRD90M
3389952,Found,,,chrome 65.0 for android,,mobile,SM-J730G Build/NRD90M
3389957,New,,,chrome 62.0 for android,,mobile,M4 SS4451 Build/LMY47D
3389953,New,,,chrome 65.0,,desktop,Windows
3389987,Found,,,chrome 64.0 for android,,mobile,4047G Build/NRD90M
3390307,Found,,,chrome 64.0 for android,,mobile,4047G Build/NRD90M
3393397,New,,iOS 11.2.6,mobile safari generic,2436x1125,mobile,iOS Device
3390485,Unknown,,,chrome 65.0,,desktop,
3390494,Found,,,chrome 65.0,,desktop,
3390541,New,,,chrome 65.0,,desktop,Windows
3390567,New,,,chrome 60.0 for android,,mobile,HTC Desire 10 lifestyle Build/MMB29M
3390634,New,,,chrome 65.0,,desktop,Windows
3390801,Found,,,chrome 65.0,,desktop,
3390889,New,,,chrome 64.0 for android,,mobile,5010G Build/MRA58K
3390820,New,,,chrome 65.0,,desktop,
3390895,New,,,chrome 65.0,,desktop,Windows
3390940,Found,,,chrome 65.0,,desktop,Windows
3390953,Found,,,chrome 65.0,,desktop,Windows
3391019,Found,,,chrome 65.0,,desktop,
3391112,Unknown,,,mobile safari generic,,mobile,
3391065,New,,,chrome 65.0 for android,,mobile,HUAWEI G7-L03 Build/HuaweiG7-L03
3391056,Found,,,chrome 65.0,,desktop,
3397117,Found,,Windows 7,chrome 65.0,1600x900,desktop,Windows
3391084,Found,,,chrome 65.0,,desktop,
3391116,Found,,,chrome 65.0,,desktop,
3391101,Found,,,chrome 65.0,,desktop,
3391235,Found,,,chrome 65.0,,desktop,
3391258,Found,,,chrome 65.0,,desktop,
3391213,New,,,mobile safari generic,,mobile,
3391220,Found,,,chrome 65.0,,desktop,
3391201,Found,,,chrome 65.0,,desktop,Windows
3391229,Found,,,chrome 65.0,,desktop,Windows
3391349,Found,,,chrome 65.0,,desktop,Windows
3391324,New,,,chrome 50.0 for android,,mobile,LG-X210 Build/LMY47I
3391458,New,,,chrome 65.0,,desktop,Windows
3391484,Found,,,chrome 65.0 for android,,mobile,HTCD160LVWPP
3391509,New,,,chrome generic,,desktop,Moto G (4) Build/NPJS25.93-14-10
3391499,Unknown,,,mobile safari generic,,mobile,
3391586,New,,,chrome 65.0,,desktop,Windows
3391696,New,,,chrome 65.0,,desktop,Windows
3392012,New,,,chrome,,desktop,LG-D693n Build/LRX22G
3392140,New,,,mobile safari generic,,mobile,
3392285,New,,,chrome 65.0 for android,,mobile,SM-G935F Build/NRD90M
3392293,New,,,chrome 64.0,,desktop,
3392352,Found,,,chrome 65.0,,desktop,Windows
3392461,New,,,chrome 65.0,,desktop,Windows
3392477,New,,,chrome 65.0,,desktop,Windows
3392637,Found,,,chrome 65.0 for android,,mobile,Nexus 6 Build/MOB30M
3392622,New,,,chrome 65.0,,desktop,
3392601,Found,,,chrome 65.0 for android,,mobile,Nexus 6 Build/MOB30M
3392653,Found,,,chrome 49.0,,desktop,
3392627,Found,,,chrome 49.0,,desktop,
3392631,Found,,,chrome 49.0,,desktop,
3392677,New,,,chrome 65.0 for android,,mobile,HUAWEI VNS-L53 Build/HUAWEIVNS-L53
3392676,Found,,,chrome 49.0,,desktop,
3392712,Found,,,chrome 64.0 for android,,mobile,LG-K410 Build/LRX22G
3392703,New,,,chrome 65.0,,desktop,
3392671,Found,,,chrome 49.0,,desktop,
3392718,Found,,,chrome 64.0 for android,,mobile,HUAWEI RIO-L03 Build/HUAWEIRIO-L03
3392839,Unknown,,,mobile safari generic,,mobile,
3392824,Found,,,chrome 61.0 for android,,mobile,LG-H542 Build/MRA58K
3392856,New,,,chrome 65.0,,desktop,Windows
3392872,Unknown,,,chrome 65.0,,desktop,
3392880,Unknown,,,chrome 65.0,,desktop,
3392910,Found,,,ie 11.0 for desktop,,desktop,Trident/7.0
3392913,Unknown,,,chrome 65.0,,desktop,Windows
3392947,Found,,,ie 11.0 for desktop,,desktop,Trident/7.0
3396053,Found,,Windows 10,edge 16.0,1366x768,desktop,Windows
3393367,Unknown,,,chrome 63.0,,desktop,
3393401,Unknown,,,chrome 65.0 for android,,mobile,4047G Build/NRD90M
3393437,Found,,,chrome 65.0 for android,,mobile,HUAWEI G7-L03 Build/HuaweiG7-L03
3393654,Found,,,chrome 65.0,,desktop,Windows
3393742,Unknown,,,chrome 65.0,,desktop,Windows
3393740,New,,,chrome 65.0,,desktop,Windows
3393784,New,,,chrome 65.0,,desktop,Windows
3393745,Found,,,chrome 65.0,,desktop,Windows
3393808,Found,,,chrome 65.0,,desktop,Windows
3393727,Found,,,chrome 65.0,,desktop,Windows
3393830,New,,,chrome 65.0,,desktop,Windows
3393846,Found,,,chrome 65.0,,desktop,Windows
3393903,Found,,,firefox 59.0,,desktop,Windows
3393940,Unknown,,,mobile safari generic,,mobile,
3393960,Found,,,chrome 65.0,,desktop,
3393983,Unknown,,,chrome 65.0,,desktop,
3394047,Unknown,,,chrome 65.0,,desktop,
3394070,Unknown,,,chrome 64.0 for android,,mobile,SM-G928T Build/NRD90M
3394071,Found,,,chrome 65.0,,desktop,Windows
3394043,Found,,,chrome 65.0,,desktop,Windows
3397310,Found,,Mac OS X 10_10_5,chrome 65.0,1280x800,desktop,MacOS
3394377,Found,,,chrome 65.0 for android,,mobile,Nexus 6 Build/N6F27M
3394329,New,,,chrome,,desktop,
3394493,Unknown,,,chrome 65.0,,desktop,
3394480,New,,,ie 11.0 for desktop,,desktop,Trident/7.0
3394504,Found,,,chrome 65.0,,desktop,
3394514,New,,,chrome 64.0,,desktop,
3394572,Unknown,,,mobile safari generic,,mobile,
3394563,Found,,,samsung browser 6.2,,mobile,TRT-L53 Build/HUAWEITRT-L53
3394593,New,,,chrome 65.0 for android,,mobile,E5306 Build/27.3.A.0.129
3394667,Unknown,,,mobile safari generic,,mobile,
3403833,New,,Windows 10,chrome 65.0,1920x1080,desktop,Windows
3394744,Unknown,,,samsung browser 6.4,,mobile,SAMSUNG SM-G950F Build/NRD90M
3394848,Unknown,,,chrome 65.0,,desktop,Windows
3394876,Found,,,chrome 65.0 for android,,mobile,SM-J700M Build/MMB29K
3394920,Found,,,other,,mobile,MOT-A6020l37 Build/LMY47V
3394997,Unknown,,,mobile safari generic,,mobile,
3395059,New,,,chrome 65.0,,desktop,Windows
3395095,New,,,chrome 65.0,,desktop,Windows
3395143,New,,,chrome 64.0,,desktop,Windows
3398160,New,,Windows 7,chrome 61.0,1366x768,desktop,Windows
3395163,Unknown,,,mobile safari generic,,mobile,
3395182,Unknown,,,chrome generic,,desktop,Moto E (4) Build/NDQS26.69-23-2-3
3395113,Unknown,,,chrome 64.0,,desktop,
3395181,New,,,chrome 65.0,,desktop,
3395247,Unknown,,,mobile safari generic,,mobile,
3395221,Unknown,,,chrome 65.0,,desktop,Windows
3395274,New,,,chrome 65.0 for android,,mobile,ALE-L23 Build/HuaweiALE-L23
3395251,Unknown,,,mobile safari generic,,mobile,
3395304,Found,,,chrome 59.0 for android,,mobile,SM-J700M Build/MMB29K
3395414,Unknown,,,chrome 52.0 for android,,mobile,5080A Build/MRA58K
3395435,New,,,edge 16.0,,desktop,Windows
3395577,Unknown,,,mobile safari generic,,mobile,
3395633,New,,,other,,mobile,MOT-A6020l37 Build/LMY47V
3395638,Found,,,chrome 65.0 for android,,mobile,LG-K240 Build/MXB48T
3395656,New,,,chrome 55.0 for android,,mobile,BLADE V8 Build/NRD90M
3395640,New,,,chrome 65.0,,desktop,Windows
3395686,New,,,chrome 65.0,,desktop,Windows
3395662,Unknown,,,chrome 65.0 for android,,mobile,Moto X Play Build/NPD26.48-24-1
3395693,New,,,chrome 65.0,,desktop,Windows
3395691,New,,,chrome 64.0,,desktop,Windows
3395724,Found,,,chrome 65.0,,desktop,Windows
3395721,New,,,chrome 65.0,,desktop,Windows
3395722,Found,,,chrome 65.0,,desktop,Windows
3395762,Unknown,,,mobile safari generic,,mobile,
3395731,Unknown,,,mobile safari generic,,mobile,
3395725,New,,,chrome 65.0 for android,,mobile,PRA-LX3 Build/HUAWEIPRA-LX3
3395785,Found,,,chrome 65.0 for android,,mobile,PRA-LX3 Build/HUAWEIPRA-LX3
3395830,Unknown,,,chrome generic,,desktop,Moto G (4) Build/NPJ25.93-14.7
3395836,Found,,,chrome 65.0,,desktop,Windows
3395848,Unknown,,,chrome generic,,desktop,Moto G (4) Build/NPJS25.93-14-10
3395824,Found,,,chrome 65.0,,desktop,Windows
3395866,Found,,,chrome 65.0,,desktop,
3395888,Found,,,chrome 65.0,,desktop,
3395892,Unknown,,,mobile safari generic,,mobile,
3395901,Unknown,,,chrome 65.0,,desktop,Windows
3395897,Unknown,,,mobile safari generic,,mobile,
3395880,Unknown,,,chrome 65.0 for ios,,mobile,
3395902,New,,,chrome 65.0,,desktop,Windows
3395907,Found,,,chrome 65.0,,desktop,Windows
3395929,New,,,chrome 65.0 for android,,mobile,XT1650 Build/NPLS26.118-20-5-11
3395952,Found,,,chrome 65.0 for android,,mobile,C6906
3395959,Unknown,,,chrome 65.0 for android,,mobile,SM-G928G
3395956,Unknown,,,chrome generic,,desktop,SAMSUNG SM-A310M Build/LMY47X
3395971,Unknown,,,mobile safari generic,,mobile,
3395985,Unknown,,,chrome 65.0,,desktop,Windows
3395988,New,,,firefox 59.0,,desktop,
3395994,Unknown,,,chrome 65.0 for android,,mobile,M4 SS4458 Build/MMB29M
3396013,Found,,,chrome 65.0 for android,,mobile,Z813 Build/LMY47O
3396164,Unknown,,,chrome 65.0 for android,,mobile,M4 SS4458 Build/MMB29M
3396208,New,,,chrome 65.0,,desktop,Windows
3396254,Unknown,,,mobile safari generic,,mobile,
3396266,Unknown,,,chrome 64.0 for android,,mobile,SM-G532M Build/MMB29T
3396394,Found,,,chrome 65.0,,desktop,Windows
3396461,Found,,,chrome 65.0,,desktop,Windows
3396434,Found,,,chrome 65.0 for android,,mobile,SM-A520F Build/NRD90M
3396545,Unknown,,,chrome 65.0,,desktop,Windows
3396504,New,,,mobile safari generic,,mobile,
3396604,New,,,chrome 50.0 for android,,mobile,Ilium LT510 Build/MRA58K
3396644,,,,,,,
3396654,Unknown,,,safari generic,,desktop,
3396664,,,,,,,
3396634,Unknown,,,safari generic,,desktop,
3396618,Unknown,,,safari generic,,desktop,
3396714,New,,,ie 11.0 for desktop,,desktop,Trident/7.0
3396839,Unknown,,,chrome 65.0,,desktop,
3396940,New,,,chrome 52.0 for android,,mobile,Lenovo PB2-650Y Build/MRA58K
3396910,Unknown,,,chrome 65.0 for android,,mobile,Lenovo PB2-650Y Build/MRA58K
3396929,Unknown,,,chrome 65.0 for android,,mobile,SM-J700M Build/MMB29K
3397018,New,,,firefox 59.0,,desktop,rv:59.0
3396954,New,,,chrome 65.0,,desktop,Windows
3396985,New,,,ie 11.0 for desktop,,desktop,Trident/7.0
3397058,Unknown,,,mobile safari generic,,mobile,
3396998,Found,,,chrome 65.0,,desktop,Windows
3397055,Found,,,chrome 65.0 for android,,mobile,SM-G570M Build/MMB29K
3397028,Unknown,,,chrome 65.0 for android,,mobile,Hisense U963 Build/MRA58K
3397096,Unknown,,,chrome 65.0,,desktop,Windows
3397129,Unknown,,,mobile safari generic,,mobile,
3397136,Found,,,samsung browser 6.4,,mobile,SAMSUNG SM-A520F Build/NRD90M
3397182,New,,,chrome 64.0 for android,,mobile,SM-J730GM Build/NRD90M
3397133,Found,,,chrome 65.0,,desktop,
3397184,Unknown,,,chrome 65.0,,desktop,Windows
3397176,Found,,,chrome 65.0,,desktop,
3397259,,,,,,,
3397233,Unknown,,,firefox,,mobile,rv:57.0
3397258,Found,,,chrome 65.0,,desktop,
3397420,Unknown,,,chrome 65.0,,desktop,Windows
3397483,Unknown,,,mobile safari generic,,mobile,
3397574,Unknown,,,edge 16.0,,desktop,Windows
3397680,Unknown,,,chrome generic,,desktop,Windows
3397619,Unknown,,,chrome generic,,desktop,Windows
3397723,Unknown,,,chrome generic,,desktop,Windows
3397709,Unknown,,,chrome generic,,desktop,Windows
3397708,Found,,Linux,chrome 65.0,2560x1440,desktop,
3397765,New,,,chrome 65.0,,desktop,
3397736,Unknown,,,mobile safari generic,,mobile,
3397756,Unknown,,,mobile safari generic,,mobile,
3397907,Found,,,chrome generic,,desktop,Moto G (4) Build/NPJ25.93-14.7
3397960,New,,,chrome 65.0,,desktop,
3397958,Found,IP_PROXY:ANONYMOUS,,chrome 63.0,,desktop,Windows
3397944,Found,,,chrome 65.0,,desktop,
3397982,Found,,,chrome 65.0,,desktop,
3401047,Found,,iOS 11.1.2,mobile safari generic,2208x1242,mobile,iOS Device
3398020,Unknown,,,chrome 64.0,,desktop,Windows
3398044,Unknown,,,mobile safari generic,,mobile,
3398109,New,,,chrome 65.0,,desktop,Windows
3413962,Found,,Android 8.0.0,chrome 65.0 for android,2961x1442,mobile,SM-G955U Build/R16NW
3398147,Unknown,,,edge 16.0,,desktop,
3398198,New,,,chrome 65.0,,desktop,
3398128,Found,,,chrome 65.0,,desktop,
3398216,Found,,,chrome 65.0,,desktop,
3398222,Unknown,,,mobile safari generic,,mobile,
3398186,Unknown,,,mobile safari generic,,mobile,
3398201,Found,,,chrome 65.0,,desktop,
3398262,Found,,,chrome 65.0,,desktop,
3395339,New,,Windows 7,chrome 65.0,1920x1080,desktop,Windows
3398340,New,,,chrome 65.0,,desktop,Windows
3398390,Unknown,,,chrome 65.0,,desktop,Windows
3398546,Unknown,,,chrome 65.0,,desktop,Windows
3398516,Found,,,chrome 65.0 for android,,mobile,SM-T710 Build/NRD90M
3401592,New,,iOS 11.2.2,mobile safari generic,1334x750,mobile,iOS Device
3398646,Unknown,,,chrome 65.0,,desktop,
3398684,New,,,chrome 64.0 for android,,mobile,SM-N950U Build/NMF26X
3398653,Unknown,,,mobile safari generic,,mobile,
3404840,Found,,,chrome 65.0 for android,,mobile,Redmi 4X Build/N2G47H
3398674,Found,,,edge 16.0,,desktop,Windows
3398736,New,,,chrome 60.0 for android,,mobile,LG-K410 Build/LRX22G
3398760,Unknown,,,mobile safari generic,,mobile,
3398766,Found,,,chrome 64.0,,desktop,Windows
3398797,New,,,chrome 65.0 for android,,mobile,Tmovi Build/Vision
3398827,Found,,,chrome 65.0 for android,,mobile,Tmovi Build/Vision
3398812,Found,,,chrome 65.0 for android,,mobile,Tmovi Build/Vision
3398861,Found,,,chrome 65.0,,desktop,
3398905,Found,,,chrome 63.0 for android,,mobile,SM-J701M Build/NRD90M
3398900,New,,,firefox 58.0,,desktop,rv:58.0
3398916,Unknown,,,chrome 65.0 for android,,mobile,XT1580 Build/NPKS25.200-17-8
3398919,New,,,ie 11.0 for desktop,,desktop,Trident/7.0
3398925,Found,IP_PROXY:ANONYMOUS,,chrome 49.0,,desktop,
3398959,Found,,,chrome 65.0 for android,,mobile,SM-J710MN Build/MMB29K
3398977,New,,,chrome 64.0 for android,,mobile,E5606 Build/30.2.A.1.21
3399002,Unknown,,,chrome 65.0 for android,,mobile,WAS-LX3 Build/HUAWEIWAS-LX3
3414899,New,,,chrome 65.0,,desktop,Windows
3399155,Unknown,,,chrome 65.0 for android,,mobile,LG-M250 Build/NRD90U
3399260,New,,,chrome 65.0 for android,,mobile,Moto X Play Build/NPD26.48-24-1
3399262,New,,,chrome 65.0,,desktop,Windows
3399316,Found,,,chrome 65.0,,desktop,Windows
3399302,Found,,,other,,mobile,MOT-A6020l37 Build/LMY47V
3399384,Unknown,,,mobile safari generic,,mobile,
3399371,Unknown,,,mobile safari generic,,mobile,
3399402,Unknown,,,mobile safari generic,,mobile,
3399404,Unknown,,,mobile safari generic,,mobile,
3399412,Unknown,,,mobile safari generic,,mobile,
3399390,Unknown,,,chrome 65.0 for android,,mobile,Moto Z2 Play Build/NPSS26.118-19-14
3399439,Found,,,chrome 65.0,,desktop,
3399554,Unknown,,,chrome 65.0,,desktop,Windows
3399585,Unknown,,,chrome 65.0,,desktop,Windows
3399703,Unknown,,,chrome generic,,desktop,Moto G (5) Plus Build/NPN25.137-92
3399665,New,,,chrome 65.0,,desktop,Windows
3399701,New,,,ie 11.0 for desktop,,desktop,Trident/7.0
3399712,New,,,chrome 65.0,,desktop,Windows
3399710,,,,,,,
3399713,New,,,firefox 59.0,,desktop,Windows
3399695,Found,,,chrome 65.0,,desktop,Windows
3402758,Found,,Android 7.0,chrome 65.0 for android,1280x720,mobile,LG-M210 Build/NRD90U
3399816,Unknown,,,chrome 65.0,,desktop,Windows
3399836,Found,,,chrome 65.0,,desktop,Windows
3399772,Unknown,,,chrome 65.0,,desktop,Windows
3399806,Found,,,chrome 65.0,,desktop,
3399852,Found,,,chrome 65.0,,desktop,
3399894,Found,,,chrome 65.0,,desktop,
3399851,Found,,,chrome 65.0,,desktop,
3399833,Found,,,chrome 65.0,,desktop,
3399832,Unknown,,,mobile safari generic,,mobile,
3399914,Unknown,,,chrome 65.0,,desktop,Windows
3399949,Unknown,,,mobile safari generic,,mobile,
3399961,Found,,,mobile safari generic,,mobile,
3400053,New,,,firefox 59.0,,desktop,Windows
3400034,Found,,,chrome 65.0,,desktop,Windows
3400155,New,,,firefox 59.0,,desktop,Windows
3400339,New,,,chrome 65.0 for android,,mobile,XT1032 Build/LPBS23.13-56-2
3400295,Unknown,,,chrome 65.0,,desktop,Windows
3400334,Found,,,ie 11.0 for tablet,,desktop,Trident/7.0
3400362,Found,,,chrome 65.0 for android,,mobile,XT1032 Build/LPBS23.13-56-2
3400365,Found,,,chrome 65.0,,desktop,Windows
3400406,Found,,,ie 11.0 for tablet,,desktop,Trident/7.0
3400393,Unknown,,,chrome 65.0,,desktop,Windows
3400361,Found,,,chrome 65.0,,desktop,Windows
3400436,Found,,,ie 11.0 for tablet,,desktop,Trident/7.0
3400385,Found,,,ie 11.0 for tablet,,desktop,Trident/7.0
3400395,Found,,,ie 11.0 for tablet,,desktop,Trident/7.0
3406713,Found,,,chrome 49.0,,desktop,
3400511,New,,,firefox,,desktop,rv:53.0
3400552,Found,,,ie 11.0 for tablet,,desktop,Trident/7.0
3400451,Found,,,ie 11.0 for tablet,,desktop,Trident/7.0
3400507,Found,,,firefox,,desktop,rv:53.0
3400494,Found,,,ie 11.0 for tablet,,desktop,Trident/7.0
3400570,Found,,,chrome 65.0 for android,,mobile,SM-G531H Build/LMY48B
3400583,Unknown,,,chrome 58.0 for android,,mobile,SM-G530H Build/LRX22G
3400695,Unknown,,,chrome 65.0 for android,,mobile,F3113 Build/33.3.A.1.97
3400716,New,,,firefox 59.0,,desktop,Windows
3400620,Found,,,chrome 65.0 for android,,mobile,F5321 Build/34.3.A.0.238
3400710,Found,,,firefox 59.0,,desktop,Windows
3400717,Found,,,firefox 59.0,,desktop,Windows
3400762,Found,,,firefox 59.0,,desktop,Windows
3400777,New,,,chrome 63.0 for android,,mobile,SM-G350M
3400886,Unknown,,,mobile safari generic,,mobile,
3400935,Unknown,,,chrome 46.0 for android,,mobile,SM-G530H Build/LRX22G
3400931,New,,,chrome 65.0 for android,,mobile,F3213 Build/36.1.A.1.86
3401000,Unknown,,,chrome 65.0 for android,,mobile,SM-G531H Build/LMY48B
3400984,Found,IP_PROXY:ANONYMOUS,,ie 11.0 for desktop,,desktop,Trident/7.0
3401029,Found,IP_PROXY:ANONYMOUS,,ie 11.0 for desktop,,desktop,Trident/7.0
3401107,New,,,chrome 65.0 for android,,mobile,G3313 Build/43.0.A.5.79
3401099,New,,,chrome 65.0,,desktop,Windows
3401093,New,,,chrome 65.0,,desktop,Windows
3401120,New,,,chrome 65.0,,desktop,Windows
3401134,Found,,,chrome 65.0,,desktop,Windows
3401165,Unknown,,,chrome 65.0,,desktop,Windows
3401180,New,,,ie 11.0 for tablet,,desktop,Touch
3401253,New,,,ie 11.0 for desktop,,desktop,Trident/7.0
3401244,Unknown,,,mobile safari generic,,mobile,
3401187,Unknown,,,samsung browser 6.4,,mobile,SAMSUNG SM-J730GM Build/NRD90M
3401322,Unknown,,,chrome 65.0,,desktop,Windows
3401370,Unknown,,,chrome 65.0,,desktop,Windows
3401415,New,,,firefox 58.0,,desktop,rv:58.0
3401439,New,,,chrome 65.0,,desktop,Windows
3401389,New,,,chrome 65.0,,desktop,Windows
3401392,Unknown,,,chrome 65.0,,desktop,Windows
3401432,New,,,chrome 65.0,,desktop,Windows
3401492,Unknown,,,chrome 65.0 for android,,mobile,RNE-L03 Build/HUAWEIRNE-L03
3401452,New,,,chrome 65.0,,desktop,Windows
3401594,Found,,,samsung browser 6.2,,mobile,SAMSUNG SM-G950F Build/NRD90M
3401571,Unknown,,,mobile safari generic,,mobile,
3401646,Unknown,,,edge 16.0,,desktop,Windows
3401616,Found,,,chrome 65.0,,desktop,Windows
3401628,Unknown,,,mobile safari generic,,mobile,
3401645,Unknown,,,chrome 65.0,,desktop,Windows
3417834,New,,,chrome 65.0 for android,,mobile,SM-G900M Build/LRX21T
3401707,Unknown,,,mobile safari generic,,mobile,
3401657,Found,,,chrome 65.0 for android,,mobile,SM-G955F Build/NRD90M
3401689,Unknown,,,mobile safari generic,,mobile,
3401703,Unknown,,,mobile safari generic,,mobile,
3401697,Unknown,,,chrome 65.0,,desktop,Windows
3401722,Unknown,,,chrome 65.0,,desktop,Windows
3401745,Unknown,,,chrome 65.0,,desktop,Windows
3401795,Unknown,,,chrome 65.0,,desktop,
3401794,Unknown,,,chrome 65.0,,desktop,
3401818,New,,,chrome 65.0 for android,,mobile,F8331 Build/41.2.A.7.76
3418042,New,,,chrome 65.0,,desktop,
3401911,Found,,,chrome 65.0 for android,,mobile,HTC Desire 10 lifestyle Build/MMB29M
3401965,New,,,chrome 60.0 for android,,mobile,SM-J700M Build/MMB29K
3401956,Unknown,,,mobile safari generic,,mobile,
3401986,New,,,chrome 65.0,,desktop,
3401989,New,,,chrome 65.0,,desktop,
3401990,Unknown,,,mobile safari generic,,mobile,
3401981,Unknown,,,mobile safari generic,,mobile,
3401999,Unknown,,,mobile safari generic,,mobile,
3402000,Unknown,,,mobile safari generic,,mobile,
3402007,Unknown,,,mobile safari generic,,mobile,
3402008,Unknown,,,mobile safari generic,,mobile,
3402015,New,,,chrome 64.0,,desktop,Windows
3402028,New,,,chrome 65.0 for android,,mobile,XT1032 Build/LPBS23.13-56-2
3402052,New,,,chrome 64.0 for android,,mobile,AOC_U706G
3402154,New,IP_PROXY:ANONYMOUS,,ie 11.0 for desktop,,desktop,Trident/7.0
3402203,Found,,,ie 11.0 for desktop,,desktop,Trident/7.0
3402217,Unknown,,,mobile safari generic,,mobile,
3402210,New,,,chrome generic,,desktop,Moto G (5) Build/NPP25.137-93
3402241,Unknown,,,mobile safari generic,,mobile,
3405425,New,,Windows 7,ie 11.0 for desktop,1920x1080,desktop,rv:11.0
3402323,Unknown,,,mobile safari generic,,mobile,
3402416,New,,,chrome generic,,desktop,Moto G (5) Build/NPP25.137-93
3405614,Found,,iOS 10.3.3,mobile safari generic,1136x640,mobile,iOS Device
3402413,New,,,chrome 65.0 for android,,mobile,HUAWEI RIO-L03 Build/HUAWEIRIO-L03
3402448,Unknown,,,mobile safari generic,,mobile,
3402538,New,,,chrome 65.0,,desktop,Windows
3402564,New,,,chrome 64.0 for android,,mobile,LG-X240 Build/MRA58K
3402520,Found,,,chrome 65.0,,desktop,
3402570,Unknown,,,mobile safari generic,,mobile,
3402615,New,,,chrome 65.0,,desktop,
3402540,Found,,,chrome 64.0 for android,,mobile,Moto X Play Build/NPD26.48-24-1
3418919,New,,,chrome 56.0 for android,,mobile,5054S Build/LMY47V
3402616,Unknown,,,mobile safari generic,,mobile,
3402711,New,,,chrome 56.0 for android,,mobile,SM-G570M Build/MMB29K
3402785,New,,,other,,mobile,CHC-U03 Build/HuaweiCHC-U03
3402837,New,,,chrome 65.0,,desktop,Windows
3402860,Found,,,chrome 65.0,,desktop,Windows
3402978,Found,,,chrome 65.0,,desktop,Windows
3403019,New,,,chrome 65.0 for android,,mobile,LG-M320 Build/NRD90U
3403232,Found,,,other,,mobile,SAMSUNG SM-J500M Build/LMY48B
3403245,Unknown,,,mobile safari generic,,mobile,
3403276,Unknown,,,mobile safari generic,,mobile,
3403226,New,,,chrome 65.0,,desktop,Windows
3403309,New,,,chrome 65.0,,desktop,
3403287,Found,,,chrome 65.0,,desktop,
3419659,New,,,chrome generic,,desktop,Moto G (5) Build/NPPS25.137-15-11
3403395,Unknown,,,mobile safari generic,,mobile,
3403554,New,,,chrome 65.0,,desktop,Windows
3403593,,,,,,,
3403659,Found,,,chrome 65.0,,desktop,Windows
3403723,New,,,chrome 62.0,,desktop,Windows
3403774,Found,,,chrome 65.0,,desktop,Windows
3403910,New,,,chrome 64.0 for android,,mobile,SM-J320M Build/LMY47V
3403832,Unknown,,,mobile safari generic,,mobile,
3403862,,,,,,,
3403917,Found,,,chrome 65.0,,desktop,
3403882,New,,,mobile safari generic,,mobile,
3403970,New,,,chrome 65.0,,desktop,
3403972,New,,,chrome 65.0,,desktop,
3404009,New,,,chrome 65.0 for android,,mobile,SM-G935F Build/NRD90M
3404050,Found,,,chrome 65.0,,desktop,
3404071,New,,,edge 16.0,,desktop,Windows
3404086,New,,,chrome 63.0 for android,,mobile,Hisense
3404098,New,,,chrome generic,,desktop,Moto G (4) Build/NPJS25.93-14-10
3404121,Found,,,chrome 65.0 for android,,mobile,SM-G935F Build/NRD90M
3404114,Found,,,chrome 65.0,,desktop,
3404205,Found,,,chrome 65.0,,desktop,
3404182,New,,,mobile safari generic,,mobile,
3404235,New,,,chrome 65.0 for android,,mobile,LG-M700 Build/NMF26X
3404190,New,,,chrome 64.0 for android,,mobile,M4 SS4453 Build/MMB29M
3404280,,,,,,,
3404244,New,,,chrome generic,,desktop,Moto E (4) Build/NMA26.42-69
3404238,New,,,chrome 65.0 for android,,mobile,SLA-L03 Build/HUAWEISLA-L03
3404311,Found,,,chrome 65.0,,desktop,
3404302,New,,,chrome 65.0 for android,,mobile,SM-P350 Build/MMB29M
3404438,Unknown,,,chrome 64.0 for android,,mobile,LG-K580 Build/MRA58K
3404558,New,,,chrome 65.0,,desktop,Windows
3404512,New,,,chrome 49.0,,desktop,
3410985,New,,iOS 11.0.2,mobile safari generic,1136x640,mobile,iOS Device
3404589,Found,,,chrome 63.0 for android,,mobile,Hisense
3411036,New,,iOS 11.2.6,mobile safari generic,2208x1242,mobile,iOS Device
3404643,New,,,chrome 65.0,,desktop,
3404651,New,,,ie 11.0 for desktop,,desktop,Trident/7.0
3404614,Unknown,,,mobile safari generic,,mobile,
3404670,New,,,chrome 65.0 for android,,mobile,XT1635-02
3404627,Unknown,,,mobile safari generic,,mobile,
3404747,Unknown,,,mobile safari generic,,mobile,
3404746,Unknown,,,mobile safari generic,,mobile,
3404719,New,,,chrome 65.0 for android,,mobile,Redmi Note 3 Build/MMB29M
3404752,New,,,chrome generic,,desktop,Moto E (4) Plus Build/NMA26.42-69
3404811,New,,,ie 11.0 for desktop,,desktop,Trident/7.0
3404826,Found,,,chrome generic,,desktop,Moto G (5) Plus Build/NPN25.137-82
3404880,New,,,chrome 58.0 for android,,mobile,LG-D693n Build/LRX22G
3404901,Found,,,chrome 65.0,,desktop,
3404926,Found,,,chrome 65.0 for android,,mobile,XT1650 Build/NPLS26.118-20-5-11
3404918,New,,,chrome 65.0 for android,,mobile,CHC-U03 Build/HuaweiCHC-U03
3404925,New,,,chrome 65.0 for android,,mobile,SM-G950F Build/NRD90M
3404930,New,,,chrome generic,,desktop,Moto E (4) Build/NMA26.42-69
3404986,New,,,chrome 65.0,,desktop,Windows
3405023,New,,,chrome 65.0,,desktop,
3404990,Found,,,chrome generic,,desktop,Moto G (5) Plus Build/NPN25.137-72
3405032,Unknown,,,chrome 59.0 for android,,mobile,HTC Desire 626s Build/LMY47O
3405055,New,,,chrome 65.0 for android,,mobile,PRA-LX3 Build/HUAWEIPRA-LX3
3421437,Unknown,,,mobile safari generic,,mobile,
3405065,Found,,,chrome 65.0 for android,,mobile,SAMSUNG-SM-G530AZ Build/LMY48B
3405110,New,,,chrome 65.0 for android,,mobile,HTC Desire 10 lifestyle Build/MMB29M
3405113,New,,,chrome 65.0 for android,,mobile,HUAWEI G7-L03 Build/HuaweiG7-L03
3405134,New,,,chrome 65.0 for android,,mobile,GRACE
3405146,New,,,chrome 65.0 for android,,mobile,Moto G Play Build/MPIS24.241-15.3-7
3405318,Found,,,chrome 65.0,,desktop,
3405333,Found,,,chrome generic,,desktop,Moto G (5) Plus Build/NPNS25.137-92-4
3405362,Found,,,chrome 65.0,,desktop,Windows
3408509,New,,Windows 7,ie 11.0 for desktop,1920x1080,desktop,rv:11.0
3405588,New,,,chrome generic,,desktop,Moto G (5) Build/NPP25.137-93
3405665,New,,,chrome generic,,desktop,Moto E (4) Plus Build/NMA26.42-69
3405693,New,,,other,,mobile,SM-G610M Build/MMB29K
3405735,New,,,chrome generic,,desktop,Moto G (4) Build/NPJS25.93-14-15
3406055,New,,,other,,mobile,SM-G610M Build/MMB29K
3406103,New,,,samsung browser 6.4,,mobile,SAMSUNG SM-G955F Build/NRD90M
3406169,New,,,samsung browser 6.4,,mobile,SAMSUNG SM-P580 Build/NRD90M
3406183,Found,,,mobile safari generic,,mobile,
3406215,Found,,,samsung browser 6.4,,mobile,SAMSUNG SM-G955F Build/NRD90M
3406197,New,,,chrome 65.0 for android,,mobile,SM-J700M Build/MMB29K
3406202,Found,,,samsung browser 6.4,,mobile,SAMSUNG SM-G955F Build/NRD90M
3406185,Unknown,,,mobile safari generic,,mobile,
3406248,New,,,chrome 65.0 for android,,mobile,Ilium L910 Build/MRA58K
3406339,Found,,,chrome generic,,desktop,LG-D320 Build/KOT49I.V10a
3406335,New,,,chrome 55.0 for android,,mobile,SM-J700M Build/MMB29K
3406295,Found,,,chrome 65.0,,desktop,Windows
3406284,Found,,,chrome 65.0,,desktop,Windows
3406362,New,,,chrome 63.0,,desktop,Windows
3406411,Unknown,,,mobile safari generic,,mobile,
3406331,Unknown,,,mobile safari generic,,mobile,
3406405,New,IP_PROXY:ANONYMOUS,,ie 11.0 for desktop,,desktop,Trident/7.0
3406459,Found,,,chrome 65.0,,desktop,Windows
3406524,New,,,firefox 59.0,,desktop,Windows
3406609,Found,IP_PROXY:ANONYMOUS,,ie 11.0 for desktop,,desktop,Trident/7.0
3406615,New,,,chrome 65.0 for android,,mobile,ALP-L09 Build/HUAWEIALP-L09S
3406641,New,,,chrome generic,,desktop,Moto E (4) Build/NMA26.42-19
3409959,New,,iOS 11.2.6,mobile safari generic,1334x750,mobile,iOS Device
3406744,Found,,,other,,mobile,Lenovo-A6020l36 Build/LMY47V
3406773,New,,,chrome 64.0 for android,,mobile,SM-P350 Build/MMB29M
3406792,New,,,chrome 64.0 for android,,mobile,LG-K580 Build/MRA58K
3406724,New,,,chrome 65.0,,desktop,
3406786,Found,,,chrome 64.0 for android,,mobile,SM-G935F Build/MMB29K
3406821,New,,,chrome 65.0 for android,,mobile,SM-G532M Build/MMB29T
3406906,New,,,chrome 65.0,,desktop,
3406940,New,,,chrome 65.0 for android,,mobile,LG-X180g Build/LMY47I
3406937,New,,,chrome 63.0 for ios,,mobile,
3406957,Found,,,chrome 65.0 for android,,mobile,LG-X180g Build/LMY47I
3406960,New,,,chrome generic,,desktop,Moto G (5) Build/NPP25.137-82
3407035,New,,,chrome 65.0 for android,,mobile,Moto
3407110,Unknown,,,mobile safari generic,,mobile,
3407175,Found,,,chrome generic,,desktop,Moto G (4) Build/NPJ25.93-14.7
3407202,New,,,chrome 65.0 for android,,mobile,SM-G610M Build/MMB29K
3407204,New,,,chrome 64.0 for android,,mobile,SM-J700M Build/MMB29K
3407238,Found,,,chrome generic,,desktop,LG-D320 Build/KOT49I.V10a
3410601,New,,Windows 10,edge 16.0,1600x900,desktop,Windows
3407275,Found,,,chrome 65.0 for android,,mobile,SM-G935F Build/NRD90M
3410694,New,,iOS 11.2.5,mobile safari generic,2436x1125,mobile,iOS Device
3407323,New,,,chrome 65.0 for android,,mobile,LG-H840 Build/MMB29M
3407364,Unknown,,,mobile safari generic,,mobile,
3407387,,,,,,,
3407332,Found,,,chrome generic,,desktop,LG-D320 Build/KOT49I.V10a
3407401,Unknown,,,mobile safari generic,,mobile,
3407407,Unknown,,,mobile safari generic,,mobile,
3407536,New,,,chrome 65.0,,desktop,Windows
3407633,New,,,chrome generic,,desktop,Moto G (5) Plus Build/NPN25.137-92
3407695,New,,,chrome 57.0 for android,,mobile,SM-G532M Build/MMB29T
3407711,New,,,chrome 65.0,,desktop,
3407753,Found,,,chrome 64.0 for android,,mobile,SM-J320M Build/LMY47V
3414513,New,,Windows 10,firefox 59.0,1600x900,desktop,Windows
3414540,Found,,Windows 10,firefox 59.0,1600x900,desktop,Windows
3414487,Found,,Windows 10,firefox 59.0,1600x900,desktop,Windows
3414528,Found,,Windows 10,firefox 59.0,1600x900,desktop,Windows
3407786,New,,,chrome 65.0,,desktop,Windows
3407782,New,,,chrome 65.0 for android,,mobile,TA-1038 Build/NMF26O
3407812,Found,,,chrome 65.0,,desktop,
3407879,New,,,chrome 60.0,,desktop,Windows
3407899,New,,,chrome 65.0,,desktop,Windows
3407887,New,,,chrome 61.0 for android,,mobile,SM-G530H Build/LRX22G
3407930,Unknown,,,mobile safari generic,,mobile,
3407904,Found,,,chrome 60.0 for android,,mobile,LG-K410 Build/LRX22G
3407958,New,,,Cherry,,mobile,V502015
3407964,New,,,chrome 65.0 for android,,mobile,ZTE BLADE A6 Build/NMF26F
3407949,Found,,,chrome 65.0,,desktop,Windows
3407988,New,,,chrome 65.0 for android,,mobile,CHC-U03 Build/HuaweiCHC-U03
3407973,New,,,chrome 65.0 for android,,mobile,HUAWEI VNS-L53 Build/HUAWEIVNS-L53
3408002,New,,,chrome 65.0 for android,,mobile,SM-G610M Build/MMB29K
3408030,New,,,chrome generic,,desktop,Moto G (5) Plus Build/NPN25.137-82
3408058,Unknown,,,safari generic,,desktop,
3408066,Unknown,,,safari generic,,desktop,
3408090,New,,,chrome 65.0,,desktop,
3408137,New,,,chrome 65.0,,desktop,Windows
3408139,New,,,chrome generic,,desktop,Moto G (4) Build/NPJ25.93-14.7
3408160,New,,,chrome 65.0,,desktop,Windows
3408178,Found,,,chrome 65.0,,desktop,Windows
3408185,Unknown,,,mobile safari generic,,mobile,
3408187,Found,,,chrome 65.0,,desktop,Windows
3408195,Found,,,chrome 65.0,,desktop,Windows
3408183,New,,,chrome 65.0,,desktop,Windows
3408361,Unknown,,,mobile safari generic,,mobile,
3405413,Unknown,,Windows 10,firefox 59.0,1920x1080,desktop,Windows
3408521,New,,,chrome 65.0 for android,,mobile,SM-G570M Build/MMB29K
3408643,New,,,Samsung/SM-G531H,,mobile,SAMSUNG SM-G531H Build/LMY48B
3408706,New,,,chrome 65.0,,desktop,Windows
3412243,New,,iOS 11.2.6,mobile safari generic,2208x1242,mobile,iOS Device
3409019,New,,,firefox,,desktop,rv:52.0
3409143,New,,,chrome 65.0 for android,,mobile,SM-T113NU Build/KTU84P
3409144,New,,,samsung browser 6.4,,mobile,SAMSUNG SM-G570M Build/MMB29K
3412675,Found,,Android 5.0.2,chrome 63.0 for android,1920x1080,mobile,VS980 4G Build/LRX22G
3409507,New,,,chrome 65.0 for android,,mobile,SM-J730GM Build/NRD90M
3426604,Found,,Windows 10,firefox 59.0,2560x1080,desktop,Windows
3409726,Found,,,chrome 65.0 for android,,mobile,SM-N920C Build/NRD90M
3409753,New,,,chrome 65.0 for android,,mobile,Moto Z2 Play Build/NPSS26.118-19-14
3409804,New,,,chrome 65.0 for android,,mobile,BLADE V8 SE Build/NRD90M
3409872,Found,,,chrome 65.0,,desktop,Windows
3409840,New,,,chrome generic,,desktop,Moto G (4) Build/NPJ25.93-14.7
3409871,New,,,firefox 59.0,,desktop,
3413177,Found,,Android 5.0.2,chrome 63.0 for android,1920x1080,mobile,VS980 4G Build/LRX22G
3410284,Found,,,chrome 64.0 for android,,mobile,T1
3410316,Found,,,chrome 65.0,,desktop,Windows
3410364,Found,,,chrome generic,,desktop,Moto G (5) Plus Build/NPN25.137-82
3410477,Unknown,,,mobile safari generic,,mobile,
3410625,Found,,,chrome 64.0 for android,,mobile,HUAWEI RIO-L03 Build/HUAWEIRIO-L03
3410620,New,,,chrome 65.0,,desktop,Windows
3410642,New,,,chrome 61.0 for android,,mobile,GT-I9060M Build/KTU84P
3410679,New,,,chrome 65.0,,desktop,Windows
3410773,Found,,,chrome 65.0 for android,,mobile,LG-X240 Build/MRA58K
3410868,New,,,chrome 65.0 for android,,mobile,XT1053 Build/LPAS23.12-21.7-1
3410894,New,,,chrome 65.0 for android,,mobile,Y635-L03 Build/HuaweiY635-L03
3410936,Found,,,chrome 65.0,,desktop,Windows
3411034,Found,,,chrome 65.0,,desktop,Windows
3411043,Found,,,chrome 65.0,,desktop,Windows
3411091,Found,,,edge 16.0,,desktop,Windows
3411147,New,IP_PROXY:TRANSPARENT,,edge,,desktop,Windows
3428212,Found,,,chrome 58.0 for android,,mobile,SM-G531H Build/LMY48B
3411246,New,,,chrome 65.0 for android,,mobile,LG-X210 Build/LMY47I
3411295,Found,,,chrome generic,,desktop,Moto G (5) Build/NPPS25.137-93-4
3411293,Found,,,chrome generic,,desktop,Moto G (5) Build/NPPS25.137-93-4
3411278,Found,,,chrome generic,,desktop,Moto G (5) Build/NPPS25.137-93-4
3411302,New,,,chrome 65.0 for android,,mobile,LG-M700 Build/NMF26X
3411323,New,,,chrome 65.0 for android,,mobile,LG-M700 Build/NMF26X
3411305,Found,,,chrome 65.0 for android,,mobile,LG-M700 Build/NMF26X
3411328,New,,,chrome 65.0,,desktop,Windows
3411343,Found,,,chrome 65.0,,desktop,Windows
3418015,New,,iOS 11.2.6,mobile safari generic,2208x1242,mobile,iOS Device
3411359,Found,,,chrome 65.0,,desktop,Windows
3411369,Unknown,,,mobile safari generic,,mobile,
3411406,Unknown,,,mobile safari generic,,mobile,
3411402,Found,,,chrome 65.0 for android,,mobile,SM-G935V Build/NRD90M
3411416,Found,,,chrome 65.0 for android,,mobile,SM-G935V Build/NRD90M
3411399,Found,,,chrome 65.0 for android,,mobile,SM-G935V Build/NRD90M
3411411,Unknown,,,mobile safari generic,,mobile,
3411423,Unknown,,,mobile safari generic,,mobile,
3411427,Unknown,,,mobile safari generic,,mobile,
3411430,New,,,chrome 65.0 for android,,mobile,SM-G935F Build/NRD90M
3411415,Unknown,,,mobile safari generic,,mobile,
3411418,Found,,,other,,mobile,SM-G610M Build/MMB29K
3411438,Unknown,,,mobile safari generic,,mobile,
3411447,Unknown,,,mobile safari generic,,mobile,
3411432,New,,,chrome 65.0,,desktop,Windows
3414790,Found,,iOS 11.2.6,mobile safari generic,2208x1242,mobile,iOS Device
3411462,Found,,,chrome generic,,desktop,Moto E (4) Plus Build/NMA26.42-69
3411457,New,,,chrome 65.0 for android,,mobile,SM-J700M Build/MMB29K
3414825,Found,,iOS 11.2.6,mobile safari generic,2208x1242,mobile,iOS Device
3411532,New,,,chrome 63.0 for android,,mobile,XT1635-02 Build/NPN26.118-22-2
3411540,Found,,,chrome 65.0 for android,,mobile,SM-J700M Build/MMB29K
3411565,New,,,chrome 65.0,,desktop,Windows
3411771,Found,,,chrome 65.0 for android,,mobile,TRT-L53 Build/HUAWEITRT-L53
3411808,New,,,chrome 65.0 for android,,mobile,SM-A520F Build/NRD90M
3412012,Found,,,chrome 65.0,,desktop,Windows
3415299,Unknown,,iOS 10.3.3,mobile safari generic,2048x1536,mobile,iOS Device
3415373,New,,,chrome 65.0 for android,,mobile,SM-G930P Build/NRD90M
3412026,New,,,ie 11.0 for desktop,,desktop,Trident/7.0
3412072,New,,,chrome 55.0 for android,,mobile,SM-G531H Build/LMY48B
3412170,New,,,chrome generic,,desktop,Moto G (5) Plus Build/NPNS25.137-92-4
3412378,Unknown,,,chrome 65.0 for ios,,mobile,
3412510,New,,,chrome generic,,desktop,Moto G (5) Build/NPP25.137-93
3412494,New,,,chrome 65.0,,desktop,Windows
3412514,Unknown,,,mobile safari generic,,mobile,
3412669,New,,,chrome generic,,desktop,Moto E (4) Plus Build/NMA26.42-69
3412613,Found,,,chrome 65.0 for android,,mobile,SM-N900W8 Build/LRX21V
3412658,Found,,,chrome 63.0 for android,,mobile,SM-G531H Build/LMY48B
3419333,Unknown,,,ie 11.0 for desktop,,desktop,rv:11.0
3419383,Found,,Windows 10,chrome 65.0,1920x1080,desktop,Windows
3412899,New,,,chrome 65.0,,desktop,Windows
3412821,Found,,,chrome 65.0,,desktop,
3412895,New,,,chrome generic,,desktop,Moto E (4) Plus Build/NMA26.42-69
3412988,Found,,,chrome 65.0 for android,,mobile,HUAWEI CUN-L03 Build/HUAWEICUN-L03
3412954,Found,,,samsung browser 6.4,,mobile,SAMSUNG SM-J700M Build/MMB29K
3413068,Unknown,,,mobile safari generic,,mobile,
3413045,New,,,chrome generic,,desktop,Moto E (4) Build/NMA26.42-69
3413183,New,,,chrome 65.0 for android,,mobile,SGH-M919 Build/KTU84P
3413154,New,,,chrome 65.0,,desktop,
3413173,Unknown,,,mobile safari generic,,mobile,
3413190,New,,,chrome 62.0,,desktop,Windows
3413291,New,,,chrome 62.0 for android,,mobile,ALCATEL
3413250,New,,,chrome generic,,desktop,Moto G (5) Build/NPP25.137-15
3413456,New,,,chrome 65.0 for android,,mobile,SLA-L03 Build/HUAWEISLA-L03
3413410,Unknown,,,mobile safari generic,,mobile,
3413638,New,,,chrome 65.0 for android,,mobile,HTC Desire 650 Build/MMB29M
3413647,New,,,chrome 65.0 for android,,mobile,SM-J700H Build/MMB29K
3413608,Unknown,,,mobile safari generic,,mobile,
3413750,New,,,samsung browser 7.0,,mobile,SAMSUNG SM-G955U Build/R16NW
3413763,Found,,,chrome generic,,desktop,SAMSUNG SM-G900M Build/LRX21T
3413894,Unknown,,,mobile safari generic,,mobile,
3417221,Unknown,,,mobile safari generic,,mobile,
3413979,New,,,chrome 65.0 for android,,mobile,XT1225
3414065,New,,,chrome 65.0 for android,,mobile,EVA-L09 Build/HUAWEIEVA-L09
3414163,New,,,chrome 65.0 for android,,mobile,TRT-L53 Build/HUAWEITRT-L53
3414205,New,,,chrome generic,,desktop,Moto G (4) Build/NPJ25.93-14.7
3414230,New,,,chrome 65.0 for android,,mobile,Ilium L910 Build/MRA58K
3414180,Found,,,chrome generic,,desktop,Moto G (5) Build/NPP25.137-93
3414275,Found,,,chrome 65.0,,desktop,
3414326,New,,,mobile safari generic,,mobile,
3414327,New,,,chrome 65.0,,desktop,Windows
3414506,New,,,chrome 65.0 for android,,mobile,LG-D680 Build/KOT49I
3414521,Unknown,,,mobile safari generic,,mobile,
3414517,Unknown,,,mobile safari generic,,mobile,
3414576,Unknown,,,mobile safari generic,,mobile,
3421272,New,,,chrome 65.0,,desktop,
3414590,Unknown,,,mobile safari generic,,mobile,
3421288,Found,,,chrome 65.0,,desktop,
3414617,New,,,chrome 65.0 for android,,mobile,SM-N950U Build/NMF26X
3414609,Unknown,,,mobile safari generic,,mobile,
3414686,Unknown,,,mobile safari generic,,mobile,
3414714,Unknown,,,mobile safari generic,,mobile,
3414734,New,,,chrome 65.0 for android,,mobile,SM-G532M Build/MMB29T
3414726,Found,,,chrome generic,,desktop,Moto G (5) Plus Build/NPN25.137-92
3414754,New,,,chrome 65.0,,desktop,Windows
3415004,New,,,chrome 64.0 for android,,mobile,SM-A500FU Build/MMB29M
3415093,Unknown,,,mobile safari generic,,mobile,
3415420,Found,,,other,,mobile,Lenovo-A6020l36 Build/LMY47V
3415433,New,,,chrome 65.0 for android,,mobile,SM-G928G Build/NRD90M
3415425,Found,,,chrome 63.0 for android,,mobile,SM-G531H Build/LMY48B
3415419,Found,,,chrome 65.0,,desktop,Windows
3415471,New,,,chrome 65.0,,desktop,
3415529,New,,,chrome 65.0 for android,,mobile,Lenovo K33b36 Build/MMB29M
3415715,New,,,chrome 65.0,,desktop,Windows
3415880,,,,,,,
3415896,Found,,,chrome 65.0 for android,,mobile,F3313 Build/37.0.A.2.248
3415997,New,,,ie 11.0 for desktop,,desktop,Trident/7.0
3415959,Unknown,,,mobile safari generic,,mobile,
3416075,Found,,,chrome 65.0 for android,,mobile,LG-K200 Build/MXB48T
3416147,Found,,,chrome 65.0 for android,,mobile,HTC Desire 650 Build/MMB29M
3416186,New,,,chrome generic,,desktop,Moto G (5) Plus Build/NPN25.137-72
3416275,New,,,chrome 65.0,,desktop,
3416580,Found,,,chrome generic,,desktop,LG-D320 Build/KOT49I.V10a
3416758,New,,,chrome 65.0 for android,,mobile,CAM-L03 Build/HUAWEICAM-L03
3416737,Found,,,chrome 65.0,,desktop,Windows
3416917,New,,,chrome 65.0,,desktop,Windows
3416944,Unknown,,,mobile safari generic,,mobile,
3420416,New,IP_PROXY:TRANSPARENT,iOS 11.2.6,mobile safari generic,1334x750,mobile,iOS Device
3433769,Found,,,chrome 65.0 for android,,mobile,Moto G Play Build/MPIS24.241-15.3-7
3417067,New,,,chrome 65.0 for android,,mobile,M4
3417087,New,,,chrome 65.0,,desktop,Windows
3417111,New,,,chrome 64.0,,desktop,Windows
3417383,Found,,,chrome 65.0,,desktop,Windows
3417451,Found,,,chrome 65.0,,desktop,
3417622,Found,,,ie 11.0 for desktop,,desktop,Trident/7.0
3417611,New,,,chrome generic,,desktop,Moto G (4) Build/NPJ25.93-14.7
3417616,Found,,,mobile safari generic,,mobile,
3417679,New,,,chrome 65.0,,desktop,
3417807,Found,,,chrome 65.0,,desktop,Windows
3417812,New,,,chrome 65.0 for android,,mobile,Blade V6 Plus Build/MRA58K
3418007,New,,,chrome 65.0,,desktop,Windows
3418045,Found,,,chrome 65.0,,desktop,Windows
3418040,Found,,,chrome 65.0,,desktop,Windows
3418097,New,,,chrome 65.0,,desktop,Windows
3418119,New,,,chrome 65.0,,desktop,Windows
3418135,Found,,,chrome 65.0,,desktop,Windows
3418129,Found,,,mobile safari generic,,mobile,
3418182,New,,,chrome 65.0 for android,,mobile,SM-J710MN Build/MMB29K
3418187,Found,,,edge 16.0,,desktop,Windows
3418479,Unknown,,,mobile safari generic,,mobile,
3418499,Unknown,,,mobile safari generic,,mobile,
3435015,Found,,Windows 10,chrome 65.0,1366x768,desktop,Windows
3418662,Unknown,,,mobile safari generic,,mobile,
3418737,,,,,,,
3418787,Found,,,chrome 56.0 for android,,mobile,HTC Desire 650 Build/MMB29M
3418868,New,,,chrome 65.0 for android,,mobile,HUAWEI VNS-L53 Build/HUAWEIVNS-L53
3418978,New,,,chrome 64.0,,desktop,
3419110,New,,,chrome 65.0,,desktop,Windows
3419182,Found,,,chrome generic,,desktop,Moto G (4) Build/NPJS25.93-14-8.1-4
3419407,New,,,chrome 65.0,,desktop,
3419585,New,,,chrome 65.0,,desktop,Windows
3419657,Unknown,,,mobile safari generic,,mobile,
3419644,New,,,chrome 65.0,,desktop,
3419710,New,,,chrome 65.0 for android,,mobile,SM-G925I Build/MMB29K
3419841,New,,,samsung browser 6.4,,mobile,SAMSUNG SM-J701M Build/NRD90M
3419958,New,,,chrome 65.0,,desktop,Windows
3420051,New,,Windows 10,chrome 65.0,1366x768,desktop,Windows
3420026,Found,,,chrome 65.0,,desktop,Windows
3420052,,,,,,,
3420085,Found,,,chrome 65.0,,desktop,Windows
3420102,Found,,,chrome 65.0,,desktop,Windows
3420158,New,,,chrome 65.0 for android,,mobile,SM-G610M Build/MMB29K
3420186,New,,,chrome,,desktop,
3420261,Found,,,chrome 65.0,,desktop,Windows
3420212,Found,,,chrome 64.0 for android,,mobile,Hisense F102 Build/NRD90M
3423856,Found,,Windows 7,ie 11.0 for desktop,1600x900,desktop,Trident/7.0
3420312,Unknown,,,mobile safari generic,,mobile,
3420628,New,,,chrome 65.0 for ios,,mobile,
3420737,New,,,other,,mobile,LG-H320 Build/LRX21Y
3420749,New,,,ie 11.0 for desktop,,desktop,Trident/7.0
3420706,New,,,mobile safari generic,,mobile,
3420720,Found,,,chrome 65.0 for android,,mobile,Moto Z2 Play Build/NPSS26.118-19-14
3420775,Found,,,chrome 65.0,,desktop,Windows
3420951,Found,,,chrome 58.0,,desktop,
3420969,New,,,chrome 52.0 for android,,mobile,SM-A500M Build/LRX22G
3421083,New,,,chrome generic,,desktop,Moto G (4) Build/NPJ25.93-14.7
3421116,Found,,,chrome 65.0 for android,,mobile,Blade V6 Plus Build/MRA58K
3421104,Found,,,chrome generic,,desktop,Moto G (5) Plus Build/NPN25.137-82
3421078,New,,,chrome 65.0 for android,,mobile,F3213 Build/36.1.A.1.86
3421093,New,,,firefox 59.0,,desktop,Linux x86_64
3437324,Unknown,,,mobile safari generic,,mobile,
3421195,Found,,,chrome 65.0 for android,,mobile,SM-G955U Build/NRD90M
3421175,Unknown,,,chrome 65.0 for android,,mobile,HUAWEI VNS-L53 Build/HUAWEIVNS-L53
3421356,New,,,chrome 65.0 for android,,mobile,SM-A520F Build/NRD90M
3421453,Found,,,mobile safari generic,,mobile,
3421471,Found,,,chrome 65.0 for android,,mobile,Lenovo K33b36 Build/MMB29M
3421561,New,,,chrome 65.0 for android,,mobile,SM-G950F Build/NRD90M
3429062,Found,,Mac OS X 10_12_6,safari generic,2560x1600,desktop,MacOS
3429104,Found,,Mac OS X 10_12_6,safari generic,2560x1600,desktop,MacOS
3418766,Found,,Windows 7,chrome 65.0,1280x1024,desktop,Windows
3429135,Found,,Mac OS X 10_12_6,safari generic,2560x1600,desktop,MacOS
3422313,Found,,,mobile safari generic,,mobile,
3429511,New,,iOS 11.2.6,mobile safari generic,2208x1242,mobile,iOS Device
3429608,New,,iOS 11.2.6,mobile safari generic,2208x1242,mobile,iOS Device
3422788,Unknown,,,mobile safari generic,,mobile,
3422838,New,,,chrome 64.0 for android,,mobile,LG-H500 Build/LRX21Y
3422911,New,,,chrome 65.0 for android,,mobile,Moto Z2 Play Build/NPSS26.118-19-14
3423164,New,,,chrome 65.0,,desktop,
3423323,New,,,chrome 65.0,,desktop,
3426727,Found,,Windows 10,chrome 65.0,1680x1050,desktop,Windows
3423384,Found,,,chrome 65.0,,desktop,
3423679,Unknown,,,mobile safari generic,,mobile,
3423683,Found,,,chrome 65.0,,desktop,Windows
3423739,Unknown,,,mobile safari generic,,mobile,
3423801,Unknown,,,mobile safari generic,,mobile,
3423755,New,,,other,,mobile,HUAWEI VNS-L53 Build/HUAWEIVNS-L53
3423780,Unknown,,,mobile safari generic,,mobile,
3423704,Unknown,,,mobile safari generic,,mobile,
3423783,Unknown,,,mobile safari generic,,mobile,
3423851,Unknown,,,mobile safari generic,,mobile,
3423834,Unknown,,,mobile safari generic,,mobile,
3423860,Found,,,chrome 65.0,,desktop,Windows
3423829,New,,,chrome 65.0,,desktop,Windows
3423936,New,,,mobile safari generic,,mobile,
3423955,New,,,chrome 65.0,,desktop,
3424005,New,,,chrome 65.0,,desktop,
3424189,Found,,,chrome 65.0,,desktop,Windows
3424172,New,,,chrome 65.0,,desktop,Windows
3424333,New,,,chrome generic,,desktop,Moto G (5) Build/NPP25.137-93
3424650,Found,,,chrome 65.0 for android,,mobile,BLU ENERGY X PLUS Build/LRX21M
3424853,Unknown,,,mobile safari generic,,mobile,
3424859,Found,,,chrome generic,,desktop,Moto G (5) Build/NPP25.137-38
3424866,Found,,,chrome,,desktop,
3424920,New,,,chrome 65.0,,desktop,Windows
3424928,New,,,chrome 65.0,,desktop,Windows
3424925,Found,,,chrome 65.0,,desktop,Windows
3424943,Found,,,chrome 65.0,,desktop,Windows
3424976,Found,,,chrome 65.0 for android,,mobile,SM-J700M Build/MMB29K
3424990,New,,,chrome 65.0 for android,,mobile,SM-N950F Build/NMF26X
3425087,Unknown,,,mobile safari generic,,mobile,
3440399,Found,,,firefox,,desktop,rv:59.0
3425112,New,,,chrome 65.0,,desktop,Windows
3425148,New,,,samsung browser 6.4,,mobile,SAMSUNG SM-N950F Build/NMF26X
3425155,Found,,,firefox 59.0,,desktop,Windows
3425192,New,,,chrome 65.0,,desktop,Windows
3425199,Found,,,chrome 65.0,,desktop,Windows
3425191,Found,,,chrome 65.0,,desktop,Windows
3425185,Found,,,chrome 65.0,,desktop,Windows
3425195,Found,,,chrome 65.0,,desktop,Windows
3425202,Found,,,chrome 65.0,,desktop,Windows
3425216,Found,,,chrome 65.0,,desktop,Windows
3425418,Unknown,,,mobile safari generic,,mobile,
3425803,New,,,samsung browser 7.0,,mobile,SAMSUNG SM-G965U1 Build/R16NW
3425816,Found,,,chrome generic,,desktop,Moto E (4) Plus Build/NMA26.42-69
3425775,Found,,,chrome 65.0,,desktop,Windows
3425891,Found,,,chrome generic,,desktop,LG-D320 Build/KOT49I.V10a
3425949,Found,,,chrome generic,,desktop,LG-D320 Build/KOT49I.V10a
3426024,Unknown,,,mobile safari generic,,mobile,
3426218,New,,,chrome 65.0,,desktop,
3426222,Found,,,chrome 65.0,,desktop,
3426214,Found,,,chrome 65.0,,desktop,
3426250,Unknown,,,mobile safari generic,,mobile,
3426366,Found,,,chrome 65.0,,desktop,Windows
3426315,New,,,chrome 65.0,,desktop,Windows
3426319,New,,,chrome 65.0 for android,,mobile,SM-G935F Build/NRD90M
3426408,Found,,,chrome 65.0,,desktop,Windows
3429696,New,,,ie 11.0 for desktop,,desktop,Trident/7.0
3426455,,,,,,,
3426505,Found,,,chrome 65.0,,desktop,
3426458,New,,,chrome 65.0 for android,,mobile,LG-D855
3426586,Found,,,chrome 65.0 for android,,mobile,LG-D855
3426699,New,,,chrome 65.0 for android,,mobile,Lenovo K33b36 Build/NRD90N
3426692,Unknown,,,mobile safari generic,,mobile,
3426718,New,,,chrome 65.0 for android,,mobile,SM-J700M Build/MMB29K
3426747,New,,,chrome 65.0 for android,,mobile,LG-X230 Build/MRA58K
3426858,New,,,chrome 65.0 for android,,mobile,M4 SS4453 Build/MMB29M
3426920,Found,,,chrome 65.0,,desktop,
3426932,Found,,,chrome 65.0,,desktop,
3426993,New,,,chrome 65.0,,desktop,
3427013,New,,,chrome 65.0,,desktop,
3433401,,,,,,,
3427026,New,,,chrome 65.0 for android,,mobile,LG-X240 Build/MRA58K
3427172,Found,,,chrome 65.0 for android,,mobile,HUAWEI CUN-L03 Build/HUAWEICUN-L03
3427380,Unknown,,,mobile safari generic,,mobile,
3427325,Unknown,,,mobile safari generic,,mobile,
3427345,Unknown,,,mobile safari generic,,mobile,
3427336,New,,,samsung browser 6.4,,mobile,SAMSUNG SM-G532M Build/MMB29T
3427459,New,,,mobile safari generic,,mobile,
3427446,New,,,chrome 65.0 for android,,mobile,RNE-L03 Build/HUAWEIRNE-L03
3427494,New,,,chrome generic,,desktop,Moto E (4) Build/NMA26.42-69
3427590,New,,,chrome 63.0 for android,,mobile,Moto C Build/NRD90M.063
3427646,New,,,chrome,,desktop,LG-H320 Build/LRX21Y
3442555,New,,,other,,mobile,Lenovo-A6020l36 Build/LMY47V
3427955,Unknown,,,mobile safari generic,,mobile,
3428035,New,,,chrome 56.0 for android,,mobile,SM-J700M Build/MMB29K
3428058,New,,,chrome 65.0 for android,,mobile,Moto
3428033,Found,,,chrome 65.0 for ios,,mobile,
3428162,New,,,chrome 65.0,,desktop,Windows
3428206,New,,,chrome 65.0,,desktop,
3431244,Found,,Windows 10,chrome 65.0,1920x1080,desktop,Windows
3431290,Found,,Windows 10,chrome 65.0,1920x1080,desktop,Windows
3428286,Found,,,samsung browser 6.4,,mobile,SAMSUNG SM-G532M Build/MMB29T
3434497,Found,,Windows 10,chrome 65.0,1440x900,desktop,Windows
3428293,New,,,chrome 65.0,,desktop,
3443075,New,,,chrome 64.0,,desktop,
3428328,New,,,chrome 65.0 for android,,mobile,Moto Z2 Play Build/NPSS26.118-19-14
3428334,New,,,chrome 65.0 for android,,mobile,SM-A720F Build/NRD90M
3428403,New,,,ie 11.0 for desktop,,desktop,rv:11.0
3443123,New,,,chrome 57.0 for android,,mobile,SM-G360T1 Build/LMY47X
3428407,New,,,chrome 65.0 for android,,mobile,SGH-I337M Build/LRX22C
3428397,Found,,,chrome 65.0 for android,,mobile,SM-G950F Build/NRD90M
3428460,Unknown,,,mobile safari generic,,mobile,
3428488,New,,,,,mobile,Mi A1 Build/OPR1.170623.026
3428566,Found,,,chrome 65.0 for android,,mobile,HTC Desire 10 lifestyle Build/MMB29M
3428780,New,,,chrome 65.0,,desktop,Windows
3428857,New,,,chrome 65.0,,desktop,
3428979,New,,,chrome 65.0,,desktop,Windows
3438059,Found,,Windows 10,edge 16.0,1366x767,desktop,Windows
3429005,Found,,,chrome 64.0,,desktop,Windows
3429041,New,,,chrome generic,,desktop,Moto G (4) Build/NPJ25.93-14.7
3429107,New,,,chrome 65.0 for android,,mobile,SM-J510MN Build/MMB29M
3429099,Unknown,,,mobile safari generic,,mobile,
3429335,Unknown,,,mobile safari generic,,mobile,
3429334,New,,,chrome generic,,desktop,Moto G (5S
3429409,New,,,chrome 65.0 for android,,mobile,PRA-LX3 Build/HUAWEIPRA-LX3
3429462,New,IP_PROXY:HIDDEN,,ie 11.0 for desktop,,desktop,Trident/7.0
3429458,Found,,,chrome 65.0 for android,,mobile,SM-G950F Build/NRD90M
3444123,New,,,chrome 65.0,,desktop,Windows
3429499,New,,,samsung browser 6.4,,mobile,SAMSUNG SM-J700M Build/MMB29K
3429520,New,,,samsung browser 5.4,,mobile,SAMSUNG SM-G532M Build/MMB29T
3429658,Found,,,chrome 65.0 for android,,mobile,SM-J730GM Build/NRD90M
3429859,New,,,chrome 64.0,,desktop,
3429985,Found,,,chrome 65.0 for android,,mobile,ALP-L09 Build/HUAWEIALP-L09
3429982,New,,,mobile safari generic,,mobile,
3430079,New,,,mobile safari generic,,mobile,
3430117,New,,,chrome 65.0 for android,,mobile,SM-J700M Build/MMB29K
3430174,Found,,,chrome 65.0 for android,,mobile,ALE-L23 Build/HuaweiALE-L23
3430375,Found,,,chrome 65.0 for android,,mobile,SM-J111M Build/LMY47V
3430388,New,,,chrome 65.0 for android,,mobile,SM-G925I Build/NRD90M
3433589,New,,iOS 11.3.0,mobile safari generic,2208x1242,mobile,iOS Device
3430453,New,,,chrome 65.0,,desktop,Windows
3430433,New,,iOS 11.2.6,mobile safari generic,2208x1242,mobile,iOS Device
3430448,Found,,,samsung browser 7.0,,mobile,SAMSUNG SM-G950F Build/R16NW
3430457,Found,,,samsung browser 7.0,,mobile,SAMSUNG SM-G950F Build/R16NW
3430528,Found,,,samsung browser 7.0,,mobile,SAMSUNG SM-G950F Build/R16NW
3430462,Found,,,chrome 65.0,,desktop,Windows
3430540,Unknown,,,mobile safari generic,,mobile,
3430584,New,,,chrome 65.0 for android,,mobile,hi6210sft Build/MRA58K
3430670,Found,,,chrome 65.0 for android,,mobile,PRA-LX3 Build/HUAWEIPRA-LX3
3430726,New,,,chrome 65.0,,desktop,Windows
3430756,Found,,,mobile safari generic,,mobile,
3430810,New,,,chrome 65.0,,desktop,Windows
3430755,Found,,,other,,mobile,Lenovo-A6020l36 Build/LMY47V
3434114,New,,Mac OS X 10_13_3,safari generic,2560x1600,desktop,MacOS
3430962,Found,,,chrome 65.0 for android,,mobile,F5321
3434212,Found,,Windows 7,chrome 64.0,1600x900,desktop,Windows
3431165,New,,,chrome 65.0 for android,,mobile,WAS-LX3 Build/HUAWEIWAS-LX3
3431237,New,,,chrome 65.0 for android,,mobile,SM-T380
3431281,New,,,chrome 65.0 for android,,mobile,LG-D855 Build/LRX21R
3431305,Found,,,chrome 65.0,,desktop,
3431325,Found,,,mobile safari generic,,mobile,
3431403,New,,,chrome 65.0,,desktop,Windows
3431378,New,,,chrome 65.0 for android,,mobile,TRT-L53 Build/HUAWEITRT-L53
3431419,Found,,,chrome 65.0,,desktop,Windows
3431423,Found,,,chrome 65.0 for android,,mobile,Redmi
3431464,New,,,chrome 64.0 for android,,mobile,SM-G532M Build/MMB29T
3431449,Found,,,chrome 65.0 for android,,mobile,Ilium X510 Build/MRA58K
3431515,Found,,,chrome generic,,desktop,Moto E (4) Build/NMA26.42-19
3431546,New,,,chrome 65.0 for android,,mobile,XT1064 Build/MPB24.65-34-3
3431629,Found,,,chrome 65.0 for android,,mobile,Moto Z2 Play Build/NPSS26.118-19-14
3431749,Found,,,chrome generic,,desktop,Moto G (4) Build/NPJ25.93-14.7
3431771,Found,,,chrome generic,,desktop,Moto G (4) Build/NPJ25.93-14.7
3431936,New,,,chrome 65.0 for android,,mobile,ALE-L23 Build/HuaweiALE-L23
3431916,Found,,,chrome 65.0,,desktop,Windows
3432141,New,,,chrome 65.0 for android,,mobile,Moto X Play Build/NPD26.48-24-1
3432193,New,,,chrome generic,,desktop,Moto G (4) Build/NPJ25.93-14.7
3432317,New,,,mobile safari generic,,mobile,
3432364,Found,,,chrome 59.0 for android,,mobile,SM-J700M Build/MMB29K
3432535,New,,,chrome 61.0 for android,,mobile,F5121 Build/34.3.A.0.252
3432572,Unknown,,,mobile safari generic,,mobile,
3432679,New,,,chrome 65.0,,desktop,Windows
3432732,Unknown,,,mobile safari generic,,mobile,
3432792,New,,,chrome 65.0 for android,,mobile,SM-P600
3432810,New,,,chrome 51.0 for android,,mobile,SM-J700M Build/LMY48B
3433178,New,,,edge 16.0,,desktop,Windows
3433172,Found,,,edge 16.0,,desktop,Windows
3433214,Found,,,edge 16.0,,desktop,Windows
3433208,Found,,,edge 16.0,,desktop,Windows
3433207,New,,,mobile safari generic,,mobile,
3433259,Found,,,edge 16.0,,desktop,Windows
3433228,Found,,,chrome 65.0 for android,,mobile,SM-A510M Build/LMY47X
3433348,New,,,chrome 65.0 for android,,mobile,LG-X180g Build/LMY47I
3436277,Found,,Windows 10,chrome 65.0,1920x1080,desktop,Windows
3433374,Found,,,chrome 65.0 for android,,mobile,XT1225
3433535,New,,,chrome 50.0 for android,,mobile,M4 SS4458 Build/MMB29M
3433571,New,,,chrome 64.0 for android,,mobile,LG-D693n Build/LRX22G
3433628,Found,,,chrome 64.0 for android,,mobile,LG-D693n Build/LRX22G
3433608,Found,,,chrome 64.0 for android,,mobile,LG-D693n Build/LRX22G
3433641,Found,,,chrome 50.0 for android,,mobile,M4 SS4458 Build/MMB29M
3433607,New,,,edge 16.0,,desktop,Windows
3433899,Unknown,,,mobile safari generic,,mobile,
3433934,Found,,,chrome 55.0 for android,,mobile,SM-G531H Build/LMY48B
3433977,Unknown,,,mobile safari generic,,mobile,
3434072,Found,,,chrome 55.0 for android,,mobile,SM-G531H Build/LMY48B
3434096,Unknown,,,mobile safari generic,,mobile,
3434202,Found,,,chrome 65.0,,desktop,Windows
3434266,New,,,chrome 65.0 for android,,mobile,SM-G610M Build/MMB29K
3434225,Found,,,chrome 65.0 for android,,mobile,F3313 Build/37.0.A.2.248
3434421,New,,,chrome 65.0 for android,,mobile,5010G Build/MRA58K
3434494,New,,,chrome 65.0 for android,,mobile,CHC-U03 Build/HuaweiCHC-U03
3434462,New,,,chrome 65.0 for android,,mobile,Moto Z2 Play Build/NPSS26.118-19-14
3434660,Unknown,,,mobile safari generic,,mobile,
3434892,New,,,chrome 65.0 for android,,mobile,Moto C Build/NRD90M.063
3434918,Found,,,chrome 65.0 for android,,mobile,Moto C Build/NRD90M.063
3434940,Found,,,chrome 65.0 for android,,mobile,Moto C Build/NRD90M.063
3434908,Found,,,chrome 65.0 for android,,mobile,Moto C Build/NRD90M.063
3435311,New,,,chrome 63.0,,desktop,
3435488,Found,,,chrome 65.0 for android,,mobile,Ilium L910 Build/MRA58K
3435460,Found,,,chrome 65.0,,desktop,
3435524,Found,,,chrome 65.0 for android,,mobile,Ilium L910 Build/MRA58K
3435502,Found,,,chrome 56.0 for android,,mobile,LG-X230 Build/MRA58K
3435558,Found,,,chrome 65.0 for android,,mobile,Ilium L910 Build/MRA58K
3435577,New,,,chrome 65.0 for android,,mobile,Lenovo K33b36 Build/MMB29M
3435658,Found,,,chrome 65.0 for android,,mobile,SM-T710 Build/NRD90M
3435926,New,,,chrome 65.0 for android,,mobile,ALE-L23 Build/HuaweiALE-L23
3435941,Found,,,chrome 65.0 for android,,mobile,LG-H870 Build/NRD90U
3436105,New,,,chrome 65.0,,desktop,Windows
3436075,New,,,chrome 56.0 for android,,mobile,LT30p
3436204,New,,,mobile safari generic,,mobile,
3436213,New,,,chrome 65.0,,desktop,Windows
3436282,New,,,chrome 65.0 for android,,mobile,TRT-L53 Build/HUAWEITRT-L53
3436374,Found,,,chrome 65.0 for android,,mobile,SM-J111M Build/LMY47V
3436337,Unknown,,,mobile safari generic,,mobile,
3436419,New,,,chrome 65.0 for android,,mobile,SM-G935F Build/NRD90M
3436394,Found,,,chrome generic,,desktop,Moto G (5) Plus Build/NPN25.137-92
3436485,New,,,chrome 65.0,,desktop,Windows
3436529,Unknown,,,mobile safari generic,,mobile,
3439423,Found,,Mac OS X 10_11_6,safari generic,1920x1080,desktop,MacOS
3439475,Found,,Mac OS X 10_11_6,safari generic,1920x1080,desktop,MacOS
3436713,New,,,chrome 65.0,,desktop,Windows
3436724,Found,,,chrome 65.0 for android,,mobile,SM-G955F Build/NRD90M
3436891,Found,,,chrome 65.0 for android,,mobile,F5321
3436946,New,,,chrome 64.0 for android,,mobile,LG-K530 Build/MMB29M
3436934,New,,,chrome 65.0,,desktop,
3436974,Found,,,chrome 65.0,,desktop,Windows
3437115,Found,,,chrome 65.0,,desktop,Windows
3437065,New,,,chrome 65.0 for android,,mobile,XT1609 Build/MPIS24.241-2.35-1-17
3437087,Found,,,chrome 65.0,,desktop,Windows
3437141,Found,,,chrome 65.0,,desktop,Windows
3437157,New,,,chrome generic,,desktop,Moto E (4) Build/NMA26.42-69
3437257,New,,,chrome 65.0 for android,,mobile,HTC Desire 10 lifestyle Build/MMB29M
3437252,New,,,chrome generic,,desktop,Moto G (4) Build/NPJ25.93-14.7
3437346,Found,,,chrome 65.0 for android,,mobile,SM-J730GM Build/NRD90M
3437327,Unknown,,,mobile safari generic,,mobile,
3437333,Unknown,,,mobile safari generic,,mobile,
3437330,Unknown,,,mobile safari generic,,mobile,
3437375,Unknown,,,mobile safari generic,,mobile,
3437344,New,,,chrome 65.0 for android,,mobile,SM-G570M Build/MMB29K
3437418,Unknown,,,mobile safari generic,,mobile,
3437447,Unknown,,,mobile safari generic,,mobile,
3437487,New,,,chrome 65.0 for android,,mobile,ALP-L09 Build/HUAWEIALP-L09
3437500,Unknown,,,mobile safari generic,,mobile,
3437497,New,,,chrome 65.0,,desktop,Windows
3437567,New,,,samsung,,mobile,SAMSUNG SM-G570M Build/NRD90M
3437771,Found,,,chrome 58.0,,desktop,
3437789,Found,,,chrome 58.0,,desktop,
3437786,Found,,,chrome 58.0,,desktop,
3437873,Unknown,,,mobile safari generic,,mobile,
3438151,Found,,,chrome 65.0,,desktop,Windows
3438285,Found,,,chrome 65.0,,desktop,
3438269,Found,,,chrome 65.0,,desktop,Windows
3438377,Found,,,mobile safari generic,,mobile,
3438636,Found,,,chrome 65.0,,desktop,
3438697,Found,,,chrome generic,,desktop,Moto G (4) Build/NPJS25.93-14-13
3438943,Found,,,chrome 65.0,,desktop,Windows
3441751,New,IP_PROXY:TRANSPARENT,iOS 11.3.0,mobile safari generic,1334x750,mobile,iOS Device
3441800,Found,,iOS 11.3.0,mobile safari generic,1334x750,mobile,iOS Device
3438980,Found,,,chrome 65.0 for android,,mobile,SM-T710 Build/NRD90M
3439088,Found,,,chrome 65.0 for android,,mobile,ALE-L23 Build/HuaweiALE-L23
3439163,New,,,chrome 65.0,,desktop,Windows
3439261,New,,,ie 11.0 for desktop,,desktop,rv:11.0
3439404,Found,,,chrome 65.0,,desktop,
3439478,New,,,chrome 65.0,,desktop,Windows
3439471,New,,,chrome 65.0,,desktop,Windows
3442375,New,,Windows 7,chrome 51.0,1366x768,desktop,Windows
3442385,Found,,Windows 7,chrome 51.0,1366x768,desktop,Windows
3439566,Found,,,chrome 65.0,,desktop,Windows
3439665,Found,,,chrome 65.0,,desktop,Windows
3439623,New,,,chrome 63.0 for android,,mobile,SM-T330NU Build/LMY47X
3439725,Found,,,chrome 65.0 for android,,mobile,SM-N920V
3439706,Found,,,chrome 65.0,,desktop,Windows
3439839,Unknown,,,mobile safari generic,,mobile,
3439830,New,,,chrome 65.0,,desktop,Windows
3453337,New,,,safari generic,,desktop,
3453343,Found,,,safari generic,,desktop,
3439983,New,,,chrome 65.0,,desktop,Windows
3442757,New,,Windows 10,chrome generic,1366x768,desktop,Windows
3440066,New,,,android browser 4.0,,mobile,M4 SS4451 Build/LMY47D
3440043,New,,,chrome 65.0,,desktop,Windows
3440178,New,,,chrome 65.0 for android,,mobile,LG-M700 Build/NMF26X
3440163,Unknown,,,mobile safari generic,,mobile,
3440186,Unknown,,,mobile safari generic,,mobile,
3440195,New,,,chrome 65.0 for android,,mobile,SM-J700M Build/LMY48B
3440217,New,,,chrome 65.0 for android,,mobile,Moto X Play Build/NPD26.48-24-1
3440289,New,,,safari generic,,desktop,
3437403,New,,Windows 8.1,ie 11.0 for desktop,1366x768,desktop,Windows
3440300,Found,,,chrome 65.0,,desktop,Windows
3440363,Found,,,firefox 57.0,,desktop,Linux i686
3440366,New,,,firefox 55.0,,desktop,rv:55.0
3440417,Unknown,,,mobile safari generic,,mobile,
3440432,Unknown,,,mobile safari generic,,mobile,
3440453,Unknown,,,mobile safari generic,,mobile,
3440452,New,,,samsung browser 6.4,,mobile,SAMSUNG SM-J710MN Build/MMB29K
3440455,Found,,,samsung browser 6.4,,mobile,SAMSUNG SM-J710MN Build/MMB29K
3440463,New,,,chrome generic,,desktop,Moto G (5) Build/NPP25.137-93
3443331,New,,iOS 11.3.0,mobile safari generic,2048x1536,mobile,iOS Device
3440735,Unknown,,,mobile safari generic,,mobile,
3440766,New,,,chrome 65.0 for android,,mobile,HTC Desire 10 lifestyle Build/MMB29M
3441003,Found,,,chrome generic,,desktop,Moto E (4) Plus Build/NMA26.42-69
3441054,Unknown,,,mobile safari generic,,mobile,
3441101,New,,,chrome 65.0,,desktop,Windows
3441448,New,,,chrome 65.0,,desktop,
3441479,Found,,,chrome 65.0,,desktop,
3441480,New,,,chrome 64.0 for android,,mobile,LG-H542 Build/MRA58K
3441542,New,,,chrome 65.0 for android,,mobile,LG-K410 Build/LRX22G
3441630,New,,,chrome 65.0,,desktop,Windows
3438806,New,,Windows 7,ie 11.0 for desktop,1440x900,desktop,Trident/7.0
3441742,Found,,,chrome 65.0,,desktop,
3441783,New,,,chrome 65.0,,desktop,
3441845,New,,,other,,mobile,Hisense U963 Build/MRA58K
3441833,Unknown,,,mobile safari generic,,mobile,
3441889,,,,,,,
3441991,New,,,chrome 55.0 for android,,mobile,SM-J320M Build/LMY47V
3442039,New,,,chrome 65.0,,desktop,Windows
3450436,Found,,Windows 10,chrome 65.0,1920x1080,desktop,Windows
3450503,Found,,Windows 10,chrome 65.0,1920x1080,desktop,Windows
3442574,Found,,,chrome 65.0 for android,,mobile,SM-G570M Build/MMB29K
3450629,Found,IP_PROXY:HIDDEN,Windows 10,chrome 65.0,1920x1080,desktop,Windows
3448056,New,,Windows 10,chrome 65.0,1920x1080,desktop,Windows
3442678,New,,,chrome 65.0,,desktop,
3442690,New,,,chrome 65.0,,desktop,Windows
3442768,Found,,,chrome 65.0,,desktop,Windows
3442871,Unknown,,,mobile safari generic,,mobile,
3442973,New,,,chrome 65.0 for android,,mobile,SM-A530F Build/NMF26X
3443000,New,,,chrome 65.0,,desktop,
3443049,New,,,chrome 65.0,,desktop,Windows
3443010,Found,,,chrome 65.0 for android,,mobile,HUAWEI RIO-L03 Build/HUAWEIRIO-L03
3443040,Found,,,chrome 65.0 for android,,mobile,HUAWEI RIO-L03 Build/HUAWEIRIO-L03
3443088,New,,,chrome 65.0,,desktop,
3443106,New,IP_PROXY:HIDDEN,,firefox 59.0,,desktop,Windows
3443129,New,,,chrome 64.0 for android,,mobile,LG-D680 Build/KOT49I
3443128,New,,,chrome 65.0,,desktop,Windows
3443143,New,,,chrome generic,,desktop,Moto G (4) Build/NPJ25.93-14.7
3443147,Found,,,chrome 64.0 for android,,mobile,LG-D680 Build/KOT49I
3443159,Found,,,chrome 64.0 for android,,mobile,LG-D680 Build/KOT49I
3443145,Found,,,chrome generic,,desktop,Moto G (4) Build/NPJ25.93-14.7
3443207,Found,,,chrome 64.0 for android,,mobile,LG-D680 Build/KOT49I
3443177,Found,,,chrome 64.0 for android,,mobile,LG-D680 Build/KOT49I
3443242,New,,,chrome 65.0 for android,,mobile,LG-M710 Build/NRD90U
3443467,Found,,,chrome 65.0 for android,,mobile,HUAWEI RIO-L03 Build/HUAWEIRIO-L03
3443547,New,,,chrome 65.0,,desktop,Windows
3443711,New,,,mobile safari generic,,mobile,
3443772,New,,,chrome 65.0 for android,,mobile,SM-J500M Build/MMB29M
3443792,Found,,,chrome 65.0 for android,,mobile,SM-J700M Build/LMY48B
3443910,New,,,firefox 59.0,,desktop,Windows
3443874,Unknown,,,mobile safari generic,,mobile,
3443924,New,,,chrome 65.0,,desktop,Windows
3443942,New,,,firefox 59.0,,desktop,Windows
3444231,Found,,,chrome generic,,desktop,Moto G (4) Build/NPJS25.93-14-13
3444460,Unknown,,,mobile safari generic,,mobile,
3444463,New,,,chrome 65.0,,desktop,Windows
3444613,New,,,chrome 65.0,,desktop,Windows
3444645,New,,,chrome 64.0 for android,,mobile,Moto C Plus Build/NRD90M.05.034
3444688,Found,,,chrome 65.0,,desktop,Windows
3444746,Found,,,chrome 65.0,,desktop,Windows
3444763,Found,,,chrome 65.0,,desktop,Windows
3444767,Found,,,chrome 65.0,,desktop,Windows
3444761,Found,,,chrome 65.0,,desktop,Windows
3444789,New,,,chrome 65.0,,desktop,Windows
3445064,Unknown,,,mobile safari generic,,mobile,
3445073,New,,,chrome 65.0,,desktop,Windows
3445188,Found,,,chrome 59.0 for android,,mobile,8050G Build/LMY47I
3445260,New,,,chrome 65.0,,desktop,Windows
3445443,Found,,,chrome 65.0,,desktop,Windows
3445500,Unknown,,,mobile safari generic,,mobile,
3445474,New,,,chrome 65.0,,desktop,Windows
3445601,New,,,chrome 63.0 for android,,mobile,LG-M400 Build/NRD90U
3445806,Found,,,ie 11.0 for desktop,,desktop,S.N.O.W.4
3445809,Found,,,chrome 65.0 for android,,mobile,Blade L2 Plus Build/KOT49H
3445849,Found,,,chrome 65.0 for android,,mobile,SAMSUNG-SM-G935A
3445881,Found,,,chrome 65.0,,desktop,
3445888,New,,,other,,mobile,M4
3445938,New,,,chrome 65.0 for android,,mobile,SM-G570M Build/MMB29K
3445942,New,,,chrome 65.0 for android,,mobile,WAS-LX3 Build/HUAWEIWAS-LX3
3445958,Unknown,,,mobile safari generic,,mobile,
3445962,Unknown,,,mobile safari generic,,mobile,
3445961,New,,,chrome generic,,desktop,Moto G (4) Build/NPJ25.93-14.7
3448626,New,,Mac OS X 10_12_6,safari generic,2880x1800,desktop,MacOS
3448638,Found,,Mac OS X 10_12_6,safari generic,2880x1800,desktop,MacOS
3445963,Found,,,chrome generic,,desktop,Moto G (4) Build/NPJ25.93-14.7
3445980,Found,,,chrome 65.0 for android,,mobile,SM-G570M Build/MMB29K
3445998,New,,,chrome 65.0,,desktop,Windows
3446007,Found,,,chrome 65.0 for android,,mobile,SM-G570M Build/MMB29K
3446058,Found,,,chrome generic,,desktop,Moto G (4) Build/NPJ25.93-14.7
3446150,Unknown,,,mobile safari generic,,mobile,
3446137,Unknown,,,mobile safari generic,,mobile,
3446325,Found,,,chrome 65.0,,desktop,
3446310,Found,,,chrome 65.0 for android,,mobile,5011A Build/NRD90M
3446368,Found,,,chrome 65.0,,desktop,Windows
3446406,Unknown,,,mobile safari generic,,mobile,
3446615,Unknown,,,mobile safari generic,,mobile,
3446622,New,,,chrome 65.0,,desktop,Windows
3446835,New,,,chrome 65.0 for android,,mobile,LG-K500 Build/MMB29M
3447207,New,,,chrome 65.0,,desktop,Windows
3447191,Unknown,,,mobile safari generic,,mobile,
3447564,Found,,,chrome 65.0 for android,,mobile,E6833
3447624,New,,,chrome 65.0 for android,,mobile,SM-J700M Build/MMB29K
3447728,New,,,chrome 65.0 for android,,mobile,Moto Z2 Play Build/NPSS26.118-19-4
3447742,Found,,,chrome 65.0 for android,,mobile,Moto Z2 Play Build/NPSS26.118-19-4
3447765,Found,,,chrome 65.0 for android,,mobile,Moto Z2 Play Build/NPSS26.118-19-4
3447684,Found,,,chrome 65.0 for android,,mobile,LG-K500 Build/MMB29M
3447995,New,,,chrome 65.0 for android,,mobile,LGMS428
3447982,Found,,,chrome 65.0 for android,,mobile,Dream
3448103,Unknown,,,mobile safari generic,,mobile,
3448224,New,,,Samsung/SM-G532M,,mobile,SM-G532M Build/MMB29T
3448174,Found,,,Samsung/SM-G532M,,mobile,SM-G532M Build/MMB29T
3448227,Found,,,Samsung/SM-G532M,,mobile,SM-G532M Build/MMB29T
3448178,Found,,,Samsung/SM-G532M,,mobile,SM-G532M Build/MMB29T
3448240,New,,,chrome 65.0,,desktop,
3448212,Found,,,Samsung/SM-G532M,,mobile,SM-G532M Build/MMB29T
3448261,Found,,,Samsung/SM-G532M,,mobile,SM-G532M Build/MMB29T
3453539,Found,,Windows 10,chrome 65.0,1920x1080,desktop,Windows
3448355,Found,,,chrome 65.0 for ios,,mobile,
3448417,Unknown,,,mobile safari generic,,mobile,
3448437,Found,,,chrome 65.0 for android,,mobile,SM-A530F Build/NMF26X
3448536,Found,,,chrome generic,,desktop,Moto E (4) Plus Build/NMA26.42-69
3448554,New,,,chrome 65.0 for android,,mobile,LG-M700 Build/NMF26X
3448547,New,,,chrome 65.0 for android,,mobile,F5121
3448573,Found,,,chrome generic,,desktop,Moto E (4) Plus Build/NMA26.42-69
3448560,New,,,chrome 65.0 for android,,mobile,HUAWEI TAG-L13 Build/HUAWEITAG-L13
3448593,Found,,,chrome 65.0,,desktop,Windows
3448583,New,,,chrome 65.0 for android,,mobile,E6553
3448603,Found,,,chrome 65.0 for android,,mobile,LG-X230 Build/MRA58K
3448597,Unknown,,,mobile safari generic,,mobile,
3453898,Found,IP_PROXY:ANONYMOUS,Windows 7,chrome 65.0,1920x1200,desktop,Windows
3448656,New,,,other,,mobile,LG-H320 Build/LRX21Y
3448657,New,,,chrome 65.0 for android,,mobile,SM-G950F Build/NRD90M
3448677,New,,,chrome 65.0 for android,,mobile,RNE-L03 Build/HUAWEIRNE-L03
3448716,Found,,,chrome 65.0,,desktop,
3448721,Found,,,chrome 65.0,,desktop,
3448773,New,,,chrome 60.0 for android,,mobile,5080A Build/MRA58K
3448865,Unknown,,,mobile safari generic,,mobile,
3448970,New,,,chrome 65.0 for android,,mobile,SM-J730GM Build/NRD90M
3449034,New,,,edge 16.0,,desktop,Windows
3449054,New,,,chrome generic,,desktop,Moto G (5) Build/NPP25.137-93
3449072,Found,,,edge 16.0,,desktop,Windows
3454422,New,,iOS 11.3.0,mobile safari generic,1334x750,mobile,iOS Device
3446608,Found,,Windows 7,chrome 64.0,1600x900,desktop,Windows
3449358,Found,,,chrome 65.0,,desktop,Windows
3449363,,,,,,,
3449404,Unknown,,,mobile safari generic,,mobile,
3449634,New,,,chrome 65.0 for android,,mobile,SM-G800M Build/KOT49H
3449630,Found,,,chrome 65.0,,desktop,Windows
3449699,Found,,,chrome 65.0,,desktop,Windows
3449624,Found,,,chrome 65.0,,desktop,Windows
3449686,New,,,chrome 50.0 for android,,mobile,SM-J105B Build/LMY47V
3449706,Found,,,chrome 65.0,,desktop,Windows
3449711,Found,,,chrome 65.0,,desktop,Windows
3449743,New,,,chrome 65.0 for android,,mobile,G3223
3449825,New,,,chrome 65.0 for android,,mobile,SM-J710MN Build/MMB29K
3449785,New,,,chrome 65.0,,desktop,Windows
3449892,New,,,chrome 55.0 for android,,mobile,SM-J200M Build/LMY47X
3449864,New,,,chrome 65.0,,desktop,
3449921,Unknown,,,mobile safari generic,,mobile,
3449959,Found,,,Samsung/SM-G532M,,mobile,SM-G532M Build/MMB29T
3449924,Found,,,chrome 64.0 for android,,mobile,LG-D680 Build/KOT49I
3449942,Found,,,Samsung/SM-G532M,,mobile,SM-G532M Build/MMB29T
3449918,Found,,,Samsung/SM-G532M,,mobile,SM-G532M Build/MMB29T
3449968,Found,,,Samsung/SM-G532M,,mobile,SM-G532M Build/MMB29T
3449971,Found,,,Samsung/SM-G532M,,mobile,SM-G532M Build/MMB29T
3449985,New,,,chrome generic,,desktop,Moto E (4) Build/NMA26.42-69
3450020,Found,,,chrome 65.0,,desktop,Windows
3450034,Found,,,chrome 65.0,,desktop,Windows
3450191,New,,,chrome 65.0,,desktop,Windows
3450211,Found,IP_PROXY:ANONYMOUS,,chrome 65.0,,desktop,Windows
3450206,New,,,samsung browser 6.4,,mobile,SAMSUNG SM-G935F Build/NRD90M
3450264,Found,IP_PROXY:ANONYMOUS,,chrome 65.0,,desktop,Windows
3450316,New,,,chrome 65.0,,desktop,Windows
3450283,Found,,,chrome 65.0,,desktop,Windows
3450389,Found,,,chrome 65.0,,desktop,Windows
3450510,,,,,,,
3450478,New,,,chrome 65.0,,desktop,Windows
3450507,New,,,chrome generic,,desktop,Moto G (5) Plus Build/NPN25.137-82
3450550,Found,,,chrome 65.0,,desktop,Windows
3450580,Found,,,chrome 65.0,,desktop,Windows
3450700,Found,,,samsung browser 6.4,,mobile,SAMSUNG SM-G955F Build/NRD90M
3450667,Unknown,,,chrome 65.0,,desktop,
3450725,New,,,mobile safari generic,,mobile,
3456149,New,,Windows 10,chrome 65.0,1366x768,desktop,Windows
3450921,Unknown,,,mobile safari generic,,mobile,
3450969,Found,,,chrome generic,,desktop,Moto G (5) Plus Build/NPN25.137-92
3451008,,,,,,,
3451031,New,,,chrome 65.0,,desktop,Windows
3451069,Unknown,,,mobile safari generic,,mobile,
3451104,New,,,firefox 59.0,,desktop,
3451107,Found,,,firefox 59.0,,desktop,
3451103,New,,,chrome 50.0 for android,,mobile,LG-H542 Build/MRA58K
3451149,New,,,chrome 61.0 for android,,mobile,SM-A730F Build/NMF26X
3451142,New,,,mobile safari generic,,mobile,
3451157,New,,,chrome 65.0 for android,,mobile,HUAWEI G7-L03 Build/HuaweiG7-L03
3451187,Found,,,chrome 65.0 for android,,mobile,M4 SS4453 Build/MMB29M
3451178,Found,,,chrome 65.0,,desktop,Windows
3451179,New,,,chrome 59.0 for android,,mobile,LG-P714
3451206,Unknown,,,mobile safari generic,,mobile,
3451207,New,,,ie 11.0 for desktop,,desktop,Trident/7.0
3451223,,,,,,,
3451222,Unknown,,,mobile safari generic,,mobile,
3451238,New,,,samsung browser 4.0,,mobile,SAMSUNG SM-G610M Build/MMB29K
3451254,Found,,,chrome 65.0,,desktop,Windows
3451297,Found,,,chrome 65.0 for android,,mobile,BLL-L23 Build/HUAWEIBLL-L23
3451601,Found,,,chrome 65.0,,desktop,Windows
3451772,Unknown,,,mobile safari generic,,mobile,
3451751,Found,,,chrome 65.0 for android,,mobile,SM-G800M Build/KOT49H
3451718,Found,,,chrome 65.0 for android,,mobile,SM-G800M Build/KOT49H
3451761,New,,,chrome 65.0 for android,,mobile,HUAWEI RIO-L03 Build/HUAWEIRIO-L03
3451803,New,,,chrome 65.0 for android,,mobile,LG-H500 Build/LRX21Y
3451789,Found,,,chrome 65.0 for android,,mobile,SM-G800M Build/KOT49H
3451820,Unknown,,,mobile safari generic,,mobile,
3454435,New,,iOS 11.2.6,mobile safari generic,2208x1242,mobile,iOS Device
3454471,Found,,iOS 11.2.6,mobile safari generic,2208x1242,mobile,iOS Device
3451832,Found,,,chrome generic,,desktop,Moto G (4) Build/NPJS25.93-14-10
3451896,Found,,,chrome generic,,desktop,Moto G (4) Build/NPJS25.93-14-10
3451875,Found,,,chrome 65.0 for android,,mobile,Moto X Play Build/NPD26.48-24-1
3454489,Found,,iOS 11.2.6,mobile safari generic,2208x1242,mobile,iOS Device
3451855,New,,,chrome 65.0,,desktop,Windows
3451926,Unknown,,,mobile safari generic,,mobile,
3451990,New,,,chrome generic,,desktop,Moto G (5) Plus Build/NPN25.137-92
3454744,Found,,Windows 10,chrome 65.0,1366x768,desktop,Windows
3452180,Found,,,chrome 65.0,,desktop,Windows
3452371,New,,,chrome 65.0 for android,,mobile,TRT-L53 Build/HUAWEITRT-L53
3452987,Found,,,chrome 65.0 for android,,mobile,ALE-L23 Build/HuaweiALE-L23
3455578,Found,,iOS 11.2.6,mobile safari generic,2208x1242,mobile,iOS Device
3455704,Found,,iOS 11.2.6,mobile safari generic,2208x1242,mobile,iOS Device
3458424,Found,,Windows 10,edge 16.0,1920x1080,desktop,Windows
3453092,New,IP_PROXY:ANONYMOUS,,edge 16.0,,desktop,
3453150,New,,,chrome 65.0,,desktop,
3453180,Unknown,,,mobile safari generic,,mobile,
3453227,Unknown,,,mobile safari generic,,mobile,
3453240,Found,,,edge 16.0,,desktop,
3453222,Found,,,edge 16.0,,desktop,
3453256,New,,,chrome 65.0 for android,,mobile,XT1063 Build/MPB24.65-34
3453286,Found,,,chrome 65.0 for android,,mobile,Blade V580 Build/LMY47D
3453332,Unknown,,,mobile safari generic,,mobile,
3453416,Found,,,chrome 65.0 for android,,mobile,SM-T710 Build/NRD90M
3453433,Found,,,chrome 65.0,,desktop,
3453468,New,,,ie 11.0 for desktop,,desktop,Trident/7.0
3453607,Found,,,firefox 59.0,,desktop,rv:59.0
3453604,Unknown,,,mobile safari generic,,mobile,
3453682,New,,,mobile safari generic,,mobile,
3453710,New,,,chrome 65.0 for android,,mobile,SM-J701M Build/NRD90M
3453722,Unknown,,,mobile safari generic,,mobile,
3453739,Found,,,chrome 65.0 for android,,mobile,SM-G570M Build/MMB29K
3453752,New,,,chrome 65.0 for android,,mobile,PRA-LX3 Build/HUAWEIPRA-LX3
3453802,Found,,,chrome 65.0 for android,,mobile,SM-G955U Build/R16NW
3453848,New,,,chrome 65.0 for android,,mobile,SM-J701M Build/NRD90M
3453850,Found,,,chrome 65.0 for android,,mobile,SM-J701M Build/NRD90M
3453828,Found,,,chrome 65.0 for android,,mobile,SM-J701M Build/NRD90M
3453839,Unknown,,,mobile safari generic,,mobile,
3453860,Found,,,chrome 65.0,,desktop,Windows
3453861,New,,,chrome 65.0,,desktop,
3453875,Found,,,firefox,,desktop,Linux x86_64
3453876,Found,,,firefox,,desktop,Linux x86_64
3453902,Found,,,chrome generic,,desktop,SAMSUNG SM-G900M Build/LRX21T
3456705,Found,,iOS 11.3.0,mobile safari generic,1334x750,mobile,iOS Device
3454086,Found,,,chrome 65.0,,desktop,
3454212,New,,,chrome 65.0 for android,,mobile,SM-G925I Build/NRD90M
3454177,Found,,,samsung browser 6.4,,mobile,SAMSUNG SM-G955F Build/NRD90M
3454317,New,,,chrome 65.0 for android,,mobile,TRT-L53 Build/HUAWEITRT-L53
3454365,Found,,,chrome 65.0 for android,,mobile,TRT-L53 Build/HUAWEITRT-L53
3454362,New,,,chrome 65.0 for android,,mobile,Redmi 4X Build/N2G47H
3454497,New,,,chrome 64.0 for android,,mobile,LG-D693n Build/LRX22G
3454538,Unknown,,,mobile safari generic,,mobile,
3454519,New,,,chrome 65.0 for android,,mobile,E5506
3459943,New,,iOS 11.3.0,chrome 65.0 for ios,2048x1536,mobile,iOS Device
3454741,Unknown,,,mobile safari generic,,mobile,
3454834,New,,,chrome 65.0 for android,,mobile,Lenovo PB1-750M Build/S100
3454850,Found,IP_PROXY:ANONYMOUS,,ie 11.0 for tablet,,desktop,Trident/7.0
3454861,New,,,chrome 62.0 for android,,mobile,SM-J510MN Build/MMB29M
3454856,New,,,chrome 65.0 for android,,mobile,E6683
3468457,New,,,samsung browser 4.0,,mobile,SAMSUNG SM-J700M Build/MMB29K
3455005,Unknown,,,mobile safari generic,,mobile,
3455171,Unknown,,,mobile safari generic,,mobile,
3455257,Found,,,chrome 65.0 for android,,mobile,RNE-L03 Build/HUAWEIRNE-L03
3455282,New,,,chrome 65.0 for android,,mobile,5051A Build/MMB29M
3455390,New,,,chrome 65.0 for android,,mobile,Lenovo A6020l37 Build/LMY47V
3455357,Found,,,chrome 65.0 for android,,mobile,BAC-L03 Build/HUAWEIBAC-L03
3455516,New,,,firefox 48.0,,desktop,rv:48.0
3455503,New,,,chrome 65.0 for android,,mobile,TA-1038 Build/NMF26O
3455520,New,,,chrome 65.0 for android,,mobile,LG-D680 Build/KOT49I
3455618,Found,,,chrome 65.0,,desktop,Windows
3455671,New,,,chrome 65.0 for android,,mobile,LG-D693n Build/LRX22G
3455729,New,,,Samsung/SM-G532M,,mobile,SM-G532M Build/MMB29T
3455752,Unknown,,,mobile safari generic,,mobile,
3455809,Found,,,chrome 65.0,,desktop,
3455854,Found,,,chrome 65.0,,desktop,
3455877,New,,,chrome 64.0 for android,,mobile,MotoG3 Build/MPIS24.65-33.1-2-16
3455879,Found,,,samsung browser 6.4,,mobile,SAMSUNG SM-J701M Build/NRD90M
3455886,Found,,,chrome 65.0,,desktop,Windows
3461217,New,,iOS 11.2.6,mobile safari generic,1334x750,mobile,iOS Device
3455913,New,,,chrome 65.0 for android,,mobile,SM-G531H Build/LMY48B
3455911,Unknown,,,mobile safari generic,,mobile,
3455947,New,,,chrome 64.0 for android,,mobile,Blade V580 Build/LMY47D
3456001,Unknown,,,mobile safari generic,,mobile,
3456018,New,,,chrome 65.0 for android,,mobile,Ilium L1120 Build/NRD90M
3456071,Unknown,,,mobile safari generic,,mobile,
3456077,New,,,chrome 65.0 for android,,mobile,moto x4 Build/OPWS27.57-40-6
3456169,Unknown,,,mobile safari generic,,mobile,
3456211,New,,,chrome 65.0 for android,,mobile,F3113 Build/33.3.A.1.97
3456238,New,,,chrome generic,,desktop,Moto G (5) Build/NPP25.137-93
3469685,New,,,chrome 65.0 for android,,mobile,SM-J700M Build/MMB29K
3456349,Found,,,chrome 65.0 for android,,mobile,SM-G925I Build/NRD90M
3456398,New,,,chrome 65.0,,desktop,Windows
3456435,New,,,chrome 65.0,,desktop,
3456449,Unknown,,,mobile safari generic,,mobile,
3456433,Unknown,,,safari generic,,desktop,
3456474,New,,,chrome 65.0 for android,,mobile,PRA-LX3 Build/HUAWEIPRA-LX3
3456512,Found,,,chrome 65.0,,desktop,Windows
3456478,Found,,,chrome 65.0,,desktop,Windows
3456467,Found,,,chrome 65.0,,desktop,Windows
3456473,Unknown,,,mobile safari generic,,mobile,
3456515,New,,,chrome 65.0 for android,,mobile,LG-K530 Build/NRD90U
3456501,Found,,,chrome 65.0 for android,,mobile,SM-G950F Build/NRD90M
3456500,New,,,chrome 65.0 for android,,mobile,5011A Build/NRD90M
3456488,Found,,,chrome 65.0 for android,,mobile,SM-G950F Build/NRD90M
3469878,New,,,chrome 65.0,,desktop,Windows
3456520,Unknown,,,mobile safari generic,,mobile,
3456566,Unknown,,,safari generic,,desktop,
3456700,New,,,chrome 65.0 for android,,mobile,Kylin
3456710,New,,,chrome 65.0 for android,,mobile,SM-G930F Build/NRD90M
3456738,Found,,,chrome generic,,desktop,Moto G (5) Build/NPP25.137-93
3457157,New,,,chrome 65.0,,desktop,Windows
3457431,New,,,chrome generic,,desktop,Moto G (5) Build/NPP25.137-93
3457561,Found,,,chrome 65.0,,desktop,Windows
3457692,New,,,firefox 59.0,,desktop,Windows
3457648,Found,,,firefox 59.0,,desktop,Windows
3457917,Found,,,chrome 65.0 for android,,mobile,SM-G950F Build/NRD90M
3457908,Found,,,chrome 65.0 for android,,mobile,SM-G950F Build/NRD90M
3457865,Found,,,chrome 65.0 for android,,mobile,SM-G950F Build/NRD90M
3458014,New,,,chrome 64.0 for android,,mobile,WAS-LX3 Build/HUAWEIWAS-LX3
3458079,Unknown,,,mobile safari generic,,mobile,
3458137,New,,,samsung browser 6.4,,mobile,SAMSUNG SM-G532M Build/MMB29T
3458204,Found,,,samsung browser 6.4,,mobile,SAMSUNG SM-G532M Build/MMB29T
3458259,Found,,,chrome 65.0,,desktop,Windows
3458276,Found,,,firefox 59.0,,desktop,Windows
3458357,New,,,ie 11.0 for desktop,,desktop,rv:11.0
3458367,,,,,,,
3458439,Unknown,,,mobile safari generic,,mobile,
3458495,New,,,chrome 65.0 for android,,mobile,SM-G920I Build/NRD90M
3458489,New,,,chrome 65.0 for android,,mobile,LG-K530 Build/MMB29M
3458457,Unknown,,,mobile safari generic,,mobile,
3458548,New,,,chrome 65.0 for android,,mobile,LG-H840 Build/NRD90U
3458591,Found,,,chrome 65.0 for android,,mobile,LG-H840 Build/NRD90U
3458698,New,,,chrome 65.0 for android,,mobile,SM-G531H Build/LMY48B
3458731,Unknown,,,mobile safari generic,,mobile,
3458762,New,,,chrome 65.0,,desktop,
3458787,Unknown,,,mobile safari generic,,mobile,
3458799,Found,,,chrome 65.0 for android,,mobile,moto x4 Build/OPWS27.57-40-6
3458945,Unknown,,,mobile safari generic,,mobile,
3459028,New,,,chrome 65.0 for android,,mobile,SM-T560 Build/KTU84P
3459127,New,,,chrome 65.0 for android,,mobile,ALP-L09 Build/HUAWEIALP-L09
3459145,New,,,chrome 55.0 for android,,mobile,LG-D693n Build/LRX22G
3459168,New,,,chrome 65.0 for android,,mobile,HUAWEI
3459187,New,,,chrome 64.0 for android,,mobile,HTC Desire 650 Build/MMB29M
3459194,New,,,chrome 65.0,,desktop,Windows
3459197,Found,,,chrome 65.0 for android,,mobile,SM-G955U Build/R16NW
3459198,Found,,,chrome 65.0 for android,,mobile,SM-G955U Build/R16NW
3472923,New,,,edge 16.0,,desktop,Windows
3459413,Found,,,edge 16.0,,desktop,Windows
3459577,New,,,chrome 65.0 for android,,mobile,LG-K200 Build/MXB48T
3459923,,,,,,,
3459881,New,,,chrome 65.0 for android,,mobile,LG-M700 Build/NMF26X
3460002,New,,,chrome 65.0 for android,,mobile,LG-K580 Build/MRA58K
3460122,New,,,chrome 65.0 for android,,mobile,CAM-L03 Build/HUAWEICAM-L03
3465695,New,,Mac OS X 10.12,firefox 59.0,2560x1440,desktop,rv:59.0
3460392,New,,,chrome 65.0 for android,,mobile,SM-G610M Build/MMB29K
3460360,New,,,samsung browser 6.4,,mobile,SAMSUNG SM-G950F Build/NRD90M
3460436,New,,,chrome 65.0,,desktop,
3460440,Unknown,,,mobile safari generic,,mobile,
3460429,Unknown,,,mobile safari generic,,mobile,
3460613,Found,,,chrome 65.0,,desktop,Windows
3460825,New,,,chrome 65.0 for android,,mobile,SM-G900H Build/MMB29K
3460864,New,,,chrome generic for android,,mobile,Redmi
3460881,New,,,chrome 65.0 for android,,mobile,hi6210sft Build/MRA58K
3460943,,,,,,,
3461135,Found,,,chrome 65.0,,desktop,Windows
3461166,Found,,,chrome 65.0,,desktop,Windows
3461254,New,,,chrome 65.0 for android,,mobile,SAMSUNG-SM-G925A Build/MMB29K
3461283,New,,,chrome 60.0,,desktop,Windows
3461424,New,,,other,,mobile,SM-G610M Build/MMB29K
3461511,New,,,chrome 65.0,,desktop,Windows
3461505,New,,,chrome 65.0 for android,,mobile,SM-N950F Build/NMF26X
3461532,Found,,,chrome 65.0,,desktop,Windows
3461531,Found,,,chrome 65.0 for android,,mobile,5051A Build/MMB29M
3461658,New,,,chrome 65.0 for android,,mobile,SM-G955F Build/NRD90M
3475108,Unknown,,,android webview 4.0,,mobile,Moto G Play Build/MPIS24.241-15.3-7
3461680,Found,,,chrome 60.0 for android,,mobile,SM-P355M
3461700,Unknown,,,mobile safari generic,,mobile,
3461736,Unknown,,,mobile safari generic,,mobile,
3461777,New,,,chrome 52.0 for android,,mobile,MotoG3 Build/MPI24.65-25
3461773,Unknown,,,mobile safari generic,,mobile,
3461800,Found,,,ie 11.0 for desktop,,desktop,Trident/7.0
3461826,New,,,chrome 65.0 for android,,mobile,Blade V6 Build/LRX22G
3461834,Found,,,chrome 52.0 for android,,mobile,MotoG3 Build/MPI24.65-25
3461799,New,,,chrome 65.0,,desktop,Windows
3461942,Found,,,chrome 59.0 for android,,mobile,8050G Build/LMY47I
3462053,Found,,,samsung browser 6.4,,mobile,ALP-L09 Build/HUAWEIALP-L09S
3462119,New,,,chrome 65.0 for android,,mobile,XT1635-02 Build/NPN26.118-22-2
3462128,Found,,,chrome 65.0,,desktop,Windows
3467556,Found,,Mac OS X 10.12,firefox 59.0,2560x1440,desktop,rv:59.0
3462322,Found,,,chrome generic,,desktop,Moto E (4) Plus Build/NMA26.42-69
3462370,New,,,chrome 65.0,,desktop,Windows
3462525,Found,,,chrome 65.0,,desktop,Windows
3462833,Found,,,chrome 65.0,,desktop,
3462879,Found,,,other,,mobile,Android 5.1
3462868,New,,,chrome 65.0,,desktop,Windows
3462912,Unknown,,,mobile safari generic,,mobile,
3463077,Found,,,chrome 65.0,,desktop,Windows
3463283,New,,,chrome 65.0,,desktop,
3463231,Found,,,chrome 65.0 for android,,mobile,G3313 Build/43.0.A.7.25
3463267,New,,,chrome generic,,desktop,Windows
3463367,Found,,,chrome generic,,desktop,Windows
3463352,Unknown,,,mobile safari generic,,mobile,
3463467,Found,,,chrome 65.0,,desktop,Windows
3463553,New,,,safari generic,,desktop,
3463743,New,,,chrome 65.0,,desktop,Windows
3463868,New,,,chrome 65.0 for android,,mobile,Moto G Play Build/NPIS26.48-36-5
3464008,New,,,Samsung/SM-G532M,,mobile,SAMSUNG SM-G532M Build/MMB29T
3464066,New,,,edge 16.0,,desktop,Windows
3464201,Found,,,chrome 65.0,,desktop,
3464193,New,,,edge 16.0,,desktop,Windows
3464181,New,,,chrome 65.0,,desktop,
3464221,Found,,,chrome 65.0,,desktop,
3464206,Found,,,chrome 65.0 for android,,mobile,SM-G531H Build/LMY48B
3464298,New,,,chrome 65.0 for android,,mobile,Redmi 4X Build/N2G47H
3464302,New,,,mobile safari generic,,mobile,
3464262,Found,,,other,,mobile,MOT-A6020l37 Build/LMY47V
3464331,New,,,chrome generic,,desktop,Moto E (4) Build/NMA26.42-19
3464339,New,,,chrome 65.0,,desktop,Windows
3464338,New,,,chrome 62.0 for android,,mobile,SM-G531H Build/LMY48B
3464371,New,,,chrome generic,,desktop,Moto G (4) Build/NPJ25.93-14.7
3464401,Unknown,,,mobile safari generic,,mobile,
3464409,Found,,,chrome 65.0 for android,,mobile,SM-A310M Build/LMY47X
3464438,Unknown,,,safari generic,,desktop,
3464437,Unknown,,,safari generic,,desktop,
3464439,Unknown,,,safari generic,,desktop,
3464429,,,,,,,
3467166,Found,,,chrome 65.0,,desktop,Windows
3464475,New,,,mobile safari generic,,mobile,
3464484,New,,,chrome 61.0 for android,,mobile,M4 SS4451 Build/LMY47D
3464512,New,,,other,,mobile,SP7731G
3464566,Found,,,firefox,,desktop,rv:35.0
3464671,Unknown,,,mobile safari generic,,mobile,
3464888,Unknown,,,mobile safari generic,,mobile,
3464914,Found,,,chrome 65.0,,desktop,
3465254,Unknown,,,mobile safari generic,,mobile,
3465266,New,,,chrome 65.0,,desktop,
3465379,Found,,,chrome 65.0,,desktop,Windows
3465524,New,,,chrome 65.0 for android,,mobile,SM-J700M Build/MMB29K
3465510,New,,,chrome 65.0 for android,,mobile,F3313 Build/37.0.A.2.248
3465532,Unknown,,,mobile safari generic,,mobile,
3465521,New,,,chrome generic for android,,mobile,LG-M700 Build/NMF26X
3465520,Found,,,chrome generic for android,,mobile,LG-M700 Build/NMF26X
3465797,Found,,,chrome generic for android,,mobile,LG-M700 Build/NMF26X
3465781,Found,,,chrome 65.0 for android,,mobile,LG-X230 Build/MRA58K
3465815,Found,,,chrome 65.0,,desktop,Windows
3465927,New,,,chrome 65.0 for android,,mobile,Lenovo K33b36 Build/MMB29M
3466059,New,,,chrome 65.0,,desktop,
3474173,Found,,,samsung browser 6.4,,mobile,SAMSUNG SM-A310F Build/NRD90M
3466081,New,,,chrome 65.0 for android,,mobile,LG-X180g Build/LMY47I
3466256,Found,,,chrome 65.0,,desktop,Windows
3466303,New,,,chrome 65.0,,desktop,
3466315,Found,,,ie 11.0 for tablet,,desktop,Trident/7.0
3466466,Unknown,,,mobile safari generic,,mobile,
3466600,Unknown,,,safari generic,,desktop,
3466619,Found,,,chrome generic,,desktop,Moto E (4) Plus Build/NMA26.42-142
3466599,Found,,,chrome generic,,desktop,Moto E (4) Plus Build/NMA26.42-142
3466641,Unknown,,,safari generic,,desktop,
3466649,Found,,,chrome generic,,desktop,Moto E (4) Plus Build/NMA26.42-142
3466693,New,,,chrome 62.0 for android,,mobile,SM-A520F Build/NRD90M
3466704,New,,,chrome generic for android,,mobile,SM-G935F Build/NRD90M
3466726,Found,,,ie 11.0 for desktop,,desktop,Trident/7.0
3466666,Found,,,ie 11.0 for desktop,,desktop,Trident/7.0
3466667,New,,,chrome 62.0,,desktop,Windows
3466675,Found,,,chrome 65.0,,desktop,
3466721,New,,,chrome generic,,desktop,Windows
3466750,New,,,chrome 49.0 for android,,mobile,Ilium X510 Build/MRA58K
3466791,Found,,,chrome 65.0 for android,,mobile,BLU ENERGY X PLUS Build/LRX21M
3466920,Unknown,,,mobile safari generic,,mobile,
3467019,Found,,,chrome 65.0 for android,,mobile,Moto Z2 Play Build/NPSS26.118-19-4
3467009,New,,,chrome 56.0 for android,,mobile,4047G Build/NRD90M
3467109,New,,,chrome generic for android,,mobile,SM-G610M Build/MMB29K
3467223,New,,,chrome 63.0 for android,,mobile,SM-G610M Build/MMB29K
3467498,Found,,,chrome 65.0,,desktop,Windows
3464869,New,,Windows 8.1,ie 11.0 for desktop,1680x1050,desktop,Trident/7.0
3467660,Found,,,chrome 56.0 for android,,mobile,LG-H500 Build/LRX21Y
3467785,Found,,,chrome generic for android,,mobile,Redmi
3467790,Unknown,,,mobile safari generic,,mobile,
3467894,Found,,,chrome 65.0,,desktop,Windows
3467907,New,,,chrome generic,,desktop,Moto G (4) Build/NPJ25.93-14.7
3468074,Unknown,,,mobile safari generic,,mobile,
3468097,Unknown,,,mobile safari generic,,mobile,
3468142,New,,,chrome 62.0,,desktop,Windows
3468137,Found,,,chrome 62.0,,desktop,Windows
3468267,New,,,chrome 65.0 for android,,mobile,F8331
3468378,New,,,chrome 65.0,,desktop,Windows
3468395,New,,,chrome 65.0 for android,,mobile,SM-G610M Build/MMB29K
3481593,Found,,Windows 10,ie 11.0 for desktop,1440x900,desktop,Trident/7.0
3468484,Found,,,chrome generic,,desktop,Moto G (4) Build/NPJ25.93-14.7
3468658,New,,,chrome 65.0 for android,,mobile,8050G Build/LMY47I
3468778,New,,,chrome 65.0,,desktop,Windows
3468810,Found,,,chrome 65.0 for android,,mobile,SM-G920P Build/NRD90M
3468826,Found,,,mobile safari generic,,mobile,
3469056,New,,,chrome 65.0,,desktop,
3469136,New,,,chrome 65.0,,desktop,Windows
3469217,New,,,firefox,,mobile,rv:58.0
3472040,New,,iOS 11.2.1,mobile safari generic,1136x640,mobile,iOS Device
3469279,New,,,chrome 65.0 for android,,mobile,5080A Build/MRA58K
3469283,Found,,,chrome 49.0,,desktop,
3469420,Found,,,chrome 65.0,,desktop,Windows
3469530,New,,,chrome 65.0 for android,,mobile,Moto C Build/NRD90M.063
3469547,New,,,chrome 65.0 for android,,mobile,LG-K410 Build/LRX22G
3474996,New,,iOS 10.3.3,mobile safari generic,1334x750,mobile,iOS Device
3469597,Found,,,chrome 62.0 for android,,mobile,SM-G930F Build/NRD90M
3469718,Unknown,,,mobile safari generic,,mobile,
3469686,Found,,,mobile safari generic,,mobile,
3469771,Unknown,,,mobile safari generic,,mobile,
3469775,Found,,,chrome 62.0 for android,,mobile,SM-G610M Build/MMB29K
3469790,Found,,,chrome generic,,desktop,Moto G (5) Build/NPPS25.137-15-11
3469793,New,,,,,mobile,HTC_One_M8/4.28.502.2
3469792,New,,,firefox 59.0,,desktop,Windows
3469843,Found,,,chrome 65.0,,desktop,Windows
3469848,New,,,chrome generic,,desktop,Moto G (4) Build/NPJS25.93-14-15
3469858,Unknown,,,mobile safari generic,,mobile,
3469856,Unknown,,,mobile safari generic,,mobile,
3469844,Found,,,chrome 65.0,,desktop,
3469850,New,,,chrome 65.0 for android,,mobile,SM-P355M Build/MMB29M
3469867,Found,,,chrome 65.0 for android,,mobile,SM-P355M Build/MMB29M
3469869,Found,,,chrome 65.0 for android,,mobile,SM-P355M Build/MMB29M
3469864,Unknown,,,mobile safari generic,,mobile,
3469863,Found,,,chrome 65.0 for android,,mobile,SM-P355M Build/MMB29M
3469883,Found,,,chrome 65.0 for android,,mobile,SM-P355M Build/MMB29M
3469874,Found,,,chrome 65.0 for android,,mobile,SM-P355M Build/MMB29M
3469951,,,,,,,
3470428,Found,,,chrome generic for android,,mobile,BLL-L23 Build/HUAWEIBLL-L23
3470434,New,,,chrome generic,,desktop,Moto G (4) Build/NPJS25.93-14-15
3473187,New,,Windows 7,ie 11.0 for desktop,1280x1024,desktop,Trident/7.0
3470857,New,,,Samsung/SM-G531H,,mobile,SAMSUNG SM-G531H Build/LMY48B
3470892,Found,,,chrome generic,,desktop,
3470950,Found,,,chrome generic,,desktop,
3470966,Found,,,chrome generic,,desktop,
3470937,Found,,,chrome generic,,desktop,
3470920,Found,,,chrome generic,,desktop,
3470913,New,,,chrome,,mobile,LG-D693n Build/LRX22G
3471057,New,,,chrome 65.0,,desktop,Windows
3471021,Found,,,chrome,,mobile,LG-D693n Build/LRX22G
3471056,Found,,,chrome 62.0 for android,,mobile,SM-G531H Build/LMY48B
3471078,Found,,,chrome 62.0 for android,,mobile,SM-G531H Build/LMY48B
3471053,Found,,,chrome 62.0 for android,,mobile,5012G Build/MRA58K
3471289,Found,,,chrome 65.0,,desktop,Windows
3471761,New,,,chrome generic,,desktop,Moto E (4) Plus Build/NMA26.42-69
3471897,Found,,,ie 11.0 for desktop,,desktop,Trident/7.0
3485105,New,,,chrome 64.0 for android,,mobile,CHC-U03 Build/HuaweiCHC-U03
3471982,Unknown,,,mobile safari generic,,mobile,
3472066,New,,,chrome generic,,desktop,Windows
3472034,Unknown,,,mobile safari generic,,mobile,
3472150,New,,,chrome 65.0 for android,,mobile,LG-D693n Build/LRX22G
3472086,Found,,,chrome generic,,desktop,
3472298,Found,,,other,,mobile,LG-H542 Build/MRA58K
3472485,Found,,,chrome 65.0 for android,,mobile,LG-K410 Build/LRX22G
3472559,Found,,Windows 10,chrome 65.0,1920x1080,desktop,Windows
3472959,New,,,chrome 65.0 for android,,mobile,SM-A300H Build/LRX22G
3473205,New,,,chrome generic for android,,mobile,Redmi 4A Build/MMB29M
3473191,New,,,chrome generic,,desktop,MotoE2(4G-LTE
3473197,Found,,,chrome generic for android,,mobile,Redmi 4A Build/MMB29M
3473262,New,,,chrome 64.0 for android,,mobile,SM-A300H Build/LRX22G
3473483,Unknown,,,mobile safari generic,,mobile,
3473475,New,,,chrome 65.0 for android,,mobile,XT1032 Build/LPBS23.13-56-2
3473485,New,,,chrome 63.0,,desktop,
3473572,New,,,chrome 65.0 for android,,mobile,SM-J700T1
3473531,Found,,,chrome 63.0,,desktop,
3473575,Found,,,chrome 63.0,,desktop,
3473590,New,,,chrome 65.0,,desktop,Windows
3473573,Unknown,,,mobile safari generic,,mobile,
3473588,New,,,chrome 56.0 for android,,mobile,LG-M700 Build/NMF26X
3473623,Found,,,chrome 56.0 for android,,mobile,LG-M700 Build/NMF26X
3473577,Found,,,chrome 56.0 for android,,mobile,LG-M700 Build/NMF26X
3473870,New,,,chrome 65.0 for android,,mobile,SM-G532M Build/MMB29T
3473811,Found,,,chrome 65.0 for android,,mobile,EVA-L09 Build/HUAWEIEVA-L09
3487100,,,,,,,
3474053,New,,,chrome 65.0 for android,,mobile,SM-G950F Build/NRD90M
3474092,Found,,,chrome generic,,desktop,Moto G (5) Build/NPP25.137-93
3474049,Found,,,chrome generic,,desktop,Moto G (5) Build/NPP25.137-93
3474089,Found,,,chrome generic,,desktop,Moto G (5) Build/NPP25.137-93
3474058,Found,,,chrome generic,,desktop,Moto G (5) Build/NPP25.137-93
3474110,Found,,,chrome generic,,desktop,Moto G (5) Build/NPP25.137-93
3474070,Found,,,chrome generic,,desktop,Moto G (5) Build/NPP25.137-93
3474222,Found,,,chrome generic,,desktop,Moto G (5) Build/NPP25.137-93
3474306,Found,,,chrome generic,,desktop,Moto G (5) Build/NPP25.137-93
3474245,Found,,,chrome generic,,desktop,Moto G (5) Build/NPP25.137-93
3474508,New,,,samsung browser 6.4,,mobile,SAMSUNG SM-G925I Build/NRD90M
3474560,Found,,,chrome generic,,desktop,Windows
3474600,Found,,,chrome 62.0,,desktop,
3474589,Found,,,chrome 65.0,,desktop,Windows
3474794,New,,iOS 11.3.0,mobile safari generic,2001x1125,mobile,iOS Device
3474789,New,,,chrome generic,,desktop,Moto G (5) Plus Build/NPNS25.137-15-11
3474888,New,,,chrome 65.0,,desktop,
3475002,New,,,chrome 65.0,,desktop,Windows
3475143,New,,,other,,mobile,Android 5.1
3475150,New,,,chrome 64.0 for android,,mobile,SM-P600 Build/LMY47X
3475225,New,,,chrome 65.0 for android,,mobile,E5306 Build/27.3.A.0.129
3475237,Found,,,chrome 65.0,,desktop,Windows
3475205,Found,,,mobile safari generic,,mobile,
3475252,Found,,,chrome generic,,desktop,Moto G (5) Build/NPPS25.137-93-4
3475211,Found,,,chrome generic,,desktop,Moto G (5) Build/NPPS25.137-93-4
3475248,Found,,,chrome generic,,desktop,Moto G (5) Build/NPPS25.137-93-4
3475290,New,,,chrome 65.0 for android,,mobile,BV8000Pro
3475310,New,,,chrome 65.0 for android,,mobile,M4 SS4457 Build/MRA58K
3475350,Found,,,chrome 65.0,,desktop,Windows
3483187,Found,,Windows 7,ie 11.0 for desktop,1600x900,desktop,Trident/7.0
3483198,Found,,,,,desktop,
3478249,New,,iOS 11.3.0,mobile safari generic,2208x1242,mobile,iOS Device
3475881,New,,,firefox 59.0,,desktop,rv:59.0
3476000,Found,,,chrome 65.0 for android,,mobile,SM-G610M Build/MMB29K
3476279,New,,,mobile safari generic,,mobile,
3476382,Found,,,chrome generic,,desktop,SAMSUNG SM-J120H Build/LMY47V
3476480,Found,,,chrome 65.0,,desktop,Windows
3476494,Found,,,chrome 65.0,,desktop,Windows
3489784,Found,,Windows 10,ie 11.0 for desktop,1440x900,desktop,Trident/7.0
3476711,New,,,chrome 65.0 for android,,mobile,Blade V6 Build/LRX22G
3476735,Found,,,chrome 65.0 for android,,mobile,E5306 Build/27.3.A.0.129
3476780,New,,,chrome 65.0,,desktop,
3474270,New,,iOS 11.0.3,mobile safari generic,1136x640,mobile,iOS Device
3477063,Found,,,chrome generic,,desktop,Moto G (4) Build/NPJ25.93-14.5
3477073,Found,,,ie 11.0 for desktop,,desktop,Trident/7.0
3477117,Found,,,chrome 58.0,,desktop,
3477269,Unknown,,,safari generic,,desktop,
3477226,New,,,chrome 65.0,,desktop,Windows
3477283,Found,,,chrome 65.0,,desktop,Windows
3477344,Found,,,chrome generic,,desktop,Moto G (5S
3477386,Found,,,chrome 65.0,,desktop,Windows
3477426,Found,,,chrome generic,,desktop,Windows
3477438,Found,,,chrome 65.0,,desktop,Windows
3477517,Found,,,chrome generic,,desktop,Windows
3477580,Found,,,chrome 65.0 for android,,mobile,M4 SS4456 Build/LMY47V
3477586,Found,,,chrome 65.0 for android,,mobile,M4 SS4456 Build/LMY47V
3477659,Found,,,chrome 65.0 for android,,mobile,M4 SS4456 Build/LMY47V
3477695,Found,,,chrome 65.0,,desktop,Windows
3477765,New,,,chrome 65.0,,desktop,
3477802,Found,,,chrome generic,,desktop,Moto E (4) Plus Build/NMA26.42-69
3478172,Found,,,chrome 65.0,,desktop,
3478163,New,,,chrome generic for android,,mobile,SM-G950F Build/NRD90M
3478295,Found,,,chrome generic,,desktop,Windows
3478478,New,,,firefox 59.0,,desktop,Windows
3478667,Found,,,chrome generic for android,,mobile,SM-A520F Build/NRD90M
3478740,Unknown,,,chrome generic,,desktop,Windows
3478780,New,,,chrome 65.0,,desktop,Windows
3478977,Found,,,ie 11.0 for desktop,,desktop,Trident/7.0
3478964,New,,,chrome generic,,desktop,Moto G (5) Build/NPP25.137-93
3479064,Found,,,chrome 65.0,,desktop,
3479329,New,,,firefox,,desktop,rv:51.0
3479417,New,,,android,,mobile,Android 4.4.2
3479538,Found,,,chrome 65.0 for android,,mobile,SM-G531H Build/LMY48B
3479568,New,,,ie 11.0 for desktop,,desktop,rv:11.0
3479817,New,,,chrome 65.0 for android,,mobile,SM-J700M Build/MMB29K
3479890,New,,,chrome 65.0,,desktop,Windows
3480060,Found,,,chrome generic,,desktop,
3480066,Found,,,chrome generic,,desktop,
3480117,Unknown,,,safari generic,,desktop,
3482812,Found,,Mac OS X 10_13_4,chrome 65.0,2560x1600,desktop,MacOS
3482839,Found,,Mac OS X 10_13_4,chrome 65.0,2560x1600,desktop,MacOS
3482860,Found,,Mac OS X 10_13_4,chrome 65.0,2560x1600,desktop,MacOS
3480294,Unknown,,,mobile safari generic,,mobile,
3480324,Unknown,,,mobile safari generic,,mobile,
3480322,Unknown,,,mobile safari generic,,mobile,
3480330,Unknown,,,mobile safari generic,,mobile,
3480328,Found,,,other,,mobile,Android 5.1
3486038,Found,IP_PROXY:ANONYMOUS,Windows 7,chrome 65.0,1920x1080,desktop,Windows
3480867,Found,,,Lanix/Ilium,,mobile,Ilium X520 Build/NRD90M
3481030,Unknown,,,mobile safari generic,,mobile,
3481115,New,,,chrome generic for android,,mobile,G3123 Build/40.0.A.6.175
3481354,Unknown,,,safari generic,,desktop,
3484013,Found,,Mac OS X 10.13,firefox 59.0,2880x1800,desktop,rv:59.0
3481408,New,,,chrome generic for android,,mobile,MYA-L13 Build/HUAWEIMYA-L13
3484045,Found,,Mac OS X 10.13,firefox 59.0,2880x1800,desktop,rv:59.0
3481554,Found,,,other,,mobile,Android 5.1
3481789,New,,,chrome 65.0 for android,,mobile,HUAWEI VNS-L53 Build/HUAWEIVNS-L53
3482092,Found,,,chrome generic for android,,mobile,LG-M700 Build/NMF26X
3482062,New,,,chrome 65.0,,desktop,
3482047,New,,,Samsung/SM-G531H,,mobile,SAMSUNG SM-G531H Build/LMY48B
3482194,New,,,chrome generic for android,,mobile,SM-G950F Build/NRD90M
3482283,Found,,,chrome 65.0,,desktop,Windows
3482368,,,,,,,
3482499,,,,,,,
3482574,New,,,chrome generic,,desktop,Windows
3482666,Found,,,edge 16.0,,desktop,Windows
3482611,New,,,chrome 65.0 for android,,mobile,ALE-L23 Build/HuaweiALE-L23
3482659,New,,,chrome 65.0,,desktop,
3482687,Found,,,edge 16.0,,desktop,Windows
3482683,Found,,,edge 16.0,,desktop,Windows
3482719,Found,,,edge 16.0,,desktop,Windows
3482742,Unknown,,,mobile safari generic,,mobile,
3482820,Found,,,chrome generic for android,,mobile,P5026A
3482867,New,,,chrome generic,,desktop,
3482956,New,,,chrome 65.0,,desktop,Windows
3483080,New,,,chrome,,desktop,XT1032 Build/LPBS23.13-56-2
3483515,New,,,chrome 65.0,,desktop,
3483525,Found,,,chrome 65.0,,desktop,
3483580,Found,,,chrome generic for android,,mobile,ZTE BLADE A6 Build/NMF26F
3497503,Found,,,chrome 65.0,,desktop,Windows
3497600,Found,,,chrome 65.0,,desktop,Windows
3483848,New,,,chrome generic,,desktop,Moto G (4) Build/NPJS25.93-14-10
3483843,Found,,,chrome generic for android,,mobile,HTC Desire 10 lifestyle Build/MMB29M
3489350,Found,,Windows 10,ie 11.0 for desktop,1600x900,desktop,Trident/7.0
3484074,New,,,mobile safari generic,,mobile,
3484115,New,,,samsung browser 6.4,,mobile,SAMSUNG SM-J730GM Build/NRD90M
3484092,Unknown,,,mobile safari generic,,mobile,
3484378,Found,,,chrome 65.0,,desktop,
3484429,New,,,chrome generic,,desktop,Windows
3484548,Found,,,chrome generic for android,,mobile,SM-G955F Build/R16NW
3484673,Unknown,,,mobile safari generic,,mobile,
3484687,Unknown,,,mobile safari generic,,mobile,
3484713,New,,,ie 11.0 for desktop,,desktop,rv:11.0
3484870,New,,,chrome generic,,desktop,Windows
3487659,New,,Android 7.0,chrome generic for android,2672x1440,mobile,LG-H872 Build/NRD90U
3498844,Found,,,chrome 65.0,,desktop,Windows
3485090,Unknown,,,mobile safari generic,,mobile,
3485179,New,,,ie 11.0 for desktop,,desktop,rv:11.0
3485327,New,,,chrome 65.0 for android,,mobile,BAC-L03 Build/HUAWEIBAC-L03
3499188,Unknown,,,chrome,,mobile,
3485360,Found,,,chrome generic,,desktop,Windows
3485377,Found,,,chrome generic,,desktop,Windows
3485410,Found,,,chrome generic for android,,mobile,SM-J700M Build/MMB29K
3485446,New,,,mobile safari generic,,mobile,
3485489,Found,,,ie 11.0 for desktop,,desktop,Trident/7.0
3485596,Found,,,chrome generic,,desktop,Moto G (4) Build/NPJ25.93-14.7
3485574,New,,,chrome 65.0,,desktop,Windows
3485594,Unknown,,,mobile safari generic,,mobile,
3485609,New,,,chrome 53.0 for android,,mobile,SM-J120H Build/LMY47V
3485664,New,,,chrome generic,,desktop,Windows
3485651,Found,,,chrome 65.0 for android,,mobile,LG-X230 Build/MRA58K
3485666,Found,,,mobile safari generic,,mobile,
3485677,New,,,chrome generic,,desktop,Lenovo
3485727,New,,,chrome 59.0 for android,,mobile,5010G Build/MRA58K
3485801,Found,,,chrome generic,,desktop,Moto E (4) Build/NMA26.42-19
3488570,Found,,Windows 7,ie 11.0 for desktop,1920x1080,desktop,Trident/7.0
3485973,Found,,,chrome 65.0,,desktop,
3486009,Found,,,safari generic,,desktop,
3486073,New,,,chrome 65.0 for android,,mobile,SM-G935F Build/NRD90M
3486132,New,,,firefox 59.0,,desktop,Windows
3486111,Unknown,,,mobile safari generic,,mobile,
3486261,New,,,chrome 65.0 for android,,mobile,LG-M700 Build/NMF26X
3486315,Found,,,chrome generic for android,,mobile,5080A Build/MRA58K
3486246,Found,,,chrome generic for android,,mobile,5080A Build/MRA58K
3486603,Found,,,chrome generic for android,,mobile,HTC Desire 530 Build/MMB29M
3486620,Found,,,chrome generic,,desktop,M4 SS4456 Build/LMY47V
3486700,Found,,,chrome generic for android,,mobile,HTC Desire 530 Build/MMB29M
3495037,Found,,Mac OS X 10_13_4,chrome 65.0,2560x1600,desktop,MacOS
3495090,Found,,Mac OS X 10_13_4,chrome 65.0,2560x1600,desktop,MacOS
3495066,Found,,Mac OS X 10_13_4,chrome 65.0,2560x1600,desktop,MacOS
3495061,Found,,Mac OS X 10_13_4,chrome 65.0,2560x1600,desktop,MacOS
3489428,New,,Mac OS X 10_13_4,safari generic,1440x900,desktop,MacOS
3486803,Unknown,,,mobile safari generic,,mobile,
3486823,New,,,chrome 43.0 for android,,mobile,5025G Build/LMY47I
3486914,New,,,chrome 65.0 for android,,mobile,HUAWEI VNS-L53 Build/HUAWEIVNS-L53
3486954,New,,,chrome 65.0,,desktop,
3486965,New,,,chrome 65.0,,desktop,Windows
3487021,Found,,,chrome 65.0 for android,,mobile,LG-M700 Build/NMF26X
3487112,Found,,,chrome generic for android,,mobile,LG-K500 Build/MMB29M
3487162,Found,,,chrome generic for android,,mobile,BAC-L03 Build/HUAWEIBAC-L03
3487257,Found,,,safari generic,,desktop,
3489904,Found,,Windows 7,chrome generic,1680x1050,desktop,Windows
3487253,Found,,,Generic/Android,,mobile,rv:59.0
3487337,Found,,,chrome 64.0 for android,,mobile,BLADE V8 SE Build/NRD90M
3487421,New,,,ie 11.0 for desktop,,desktop,rv:11.0
3487520,Found,,,chrome 65.0,,desktop,Windows
3487600,Found,,,chrome 65.0,,desktop,Windows
3487555,Found,,,chrome 65.0,,desktop,Windows
3487571,New,,,chrome 65.0,,desktop,Windows
3487585,Found,,,chrome 65.0,,desktop,Windows
3487610,Found,,,chrome 65.0,,desktop,Windows
3487843,Found,,,chrome generic,,desktop,
3487841,Found,,,chrome generic,,desktop,
3487833,New,,,chrome 65.0,,desktop,
3487860,Found,,,chrome generic,,desktop,
3487984,Found,,,chrome 65.0,,desktop,
3488077,,,,,,,
3488106,Found,,,chrome 65.0,,desktop,
3488132,Found,,,chrome generic,,desktop,Windows
3488118,New,,,chrome 57.0,,desktop,
3488287,New,,,chrome 65.0,,desktop,Windows
3488381,New,,,firefox 59.0,,desktop,rv:59.0
3488391,Unknown,,,safari generic,,desktop,
3488698,New,,,chrome generic,,desktop,
3497063,New,,Windows 10,chrome generic,1680x1050,desktop,Windows
3488904,New,,,chrome 49.0,,desktop,
3489012,New,,,chrome 65.0,,desktop,
3491794,Found,,Linux,chrome 65.0,1366x768,desktop,
3488992,Found,,,chrome generic,,desktop,
3489007,Found,,,chrome 65.0,,desktop,
3491872,New,,Windows 10,chrome generic,1280x1024,desktop,Windows
3489134,New,,,chrome generic,,desktop,Windows
3492086,New,,Mac OS X 10_13_4,safari generic,1440x900,desktop,MacOS
3489390,Found,,,chrome 56.0,,desktop,
3492168,Unknown,,Windows 10,chrome generic,1366x768,desktop,Windows
3492105,Found,,Windows 7,ie 11.0 for desktop,1920x1080,desktop,Trident/7.0
3489531,New,,,chrome 65.0,,desktop,Windows
3504265,New,,,edge 16.0,,desktop,Windows
3489981,Unknown,,,safari generic,,desktop,
3504647,Found,,,edge 16.0,,desktop,Windows
3487482,New,,iOS 11.3.0,mobile safari generic,1334x750,mobile,iOS Device
3490330,New,,,chrome generic for android,,mobile,SM-J700M Build/MMB29K
3490338,New,,,chrome 65.0,,desktop,Windows
3490414,Found,,,chrome 65.0,,desktop,Windows
3490787,Unknown,,,chrome 63.0,,desktop,Windows
3490771,Found,,,chrome generic,,desktop,
3490824,Found,,,chrome generic,,desktop,
3490885,New,,,chrome generic,,desktop,Windows
3490919,New,,,edge 16.0,,desktop,Windows
3493830,New,,iOS 11.3.0,mobile safari generic,1334x750,mobile,iOS Device
3491042,Found,,,chrome 65.0,,desktop,
3491157,Unknown,,,mobile safari generic,,mobile,
3497078,New,,iOS 11.2.6,mobile safari generic,2208x1242,mobile,iOS Device
3491454,Unknown,,,mobile safari generic,,mobile,
3494313,New,,iOS 11.2.1,mobile safari generic,2208x1242,mobile,iOS Device
3491884,New,,,chrome generic for android,,mobile,SM-G610M Build/MMB29K
3492116,New,,,chrome generic for android,,mobile,LG-M700 Build/NMF26X
3492248,New,,,chrome 54.0 for android,,mobile,LG-K500 Build/MMB29M
3492219,New,,,chrome 65.0,,desktop,Windows
3492306,Found,,,chrome 65.0,,desktop,Windows
3492240,Found,,,chrome generic for android,,mobile,SM-A530F Build/NMF26X
3492245,Unknown,,,mobile safari generic,,mobile,
3492310,Found,,,chrome 65.0,,desktop,Windows
3492269,Unknown,,,mobile safari generic,,mobile,
3492335,Found,,,chrome 65.0,,desktop,Windows
3495379,New,,iOS 11.2.6,mobile safari generic,2208x1242,mobile,iOS Device
3492544,New,,,chrome generic,,desktop,Windows
3492694,Found,,,chrome 65.0,,desktop,Windows
3492782,Unknown,,,mobile safari generic,,mobile,
3495821,Found,,Mac OS X 10_13_4,chrome 65.0,2560x1600,desktop,MacOS
3508384,Found,,,chrome 65.0,,desktop,Windows
3493006,New,,,chrome 65.0,,desktop,
3493044,Unknown,,,mobile safari generic,,mobile,
3493212,New,,,chrome 61.0 for android,,mobile,XT1032 Build/LPBS23.13-56-2
3493314,New,,,chrome 62.0 for android,,mobile,D5306 Build/19.4.A.0.182
3493279,New,,,firefox 59.0,,desktop,Windows
3493321,Found,,,firefox 59.0,,desktop,Windows
3493411,Found,,,chrome 65.0,,desktop,
3493418,Found,,,samsung browser 6.4,,mobile,SAMSUNG SM-G955F Build/NRD90M
3493424,Found,,,samsung browser 6.4,,mobile,SAMSUNG SM-G955F Build/NRD90M
3493416,Unknown,,,mobile safari generic,,mobile,
3493403,Unknown,,,mobile safari generic,,mobile,
3493475,Unknown,,,mobile safari generic,,mobile,
3493519,New,,,chrome generic,,desktop,LG-X180g Build/LMY47I
3493522,New,,,chrome 65.0 for android,,mobile,SM-G531H Build/LMY48B
3493489,Found,,,chrome generic for android,,mobile,Moto Z2 Play Build/NPSS26.118-19-14
3493550,Unknown,,,chrome 65.0,,desktop,
3493544,Found,,,chrome generic for android,,mobile,5080A Build/MRA58K
3493660,New,,,chrome 50.0 for android,,mobile,SM-G531H Build/LMY48B
3493682,New,,,chrome generic,,desktop,Moto
3493708,Found,,,chrome 65.0,,desktop,Windows
3493839,Unknown,,,mobile safari generic,,mobile,
3493891,Found,,,chrome 55.0 for android,,mobile,5085B Build/MRA58K
3494038,Found,,,chrome generic,,desktop,HUAWEI TAG-L13 Build/HUAWEITAG-L13
3494074,Unknown,,,mobile safari generic,,mobile,
3491271,New,IP_PROXY:ANONYMOUS,Windows 7,ie 11.0 for desktop,1680x1050,desktop,Trident/7.0
3494157,Found,,,samsung browser 6.4,,mobile,SAMSUNG SM-J730GM Build/NRD90M
3494170,New,,,samsung browser 6.4,,mobile,SAMSUNG SM-G532M Build/MMB29T
3494140,Found,,,samsung browser 6.4,,mobile,SAMSUNG SM-G532M Build/MMB29T
3494226,Found,,,samsung browser 6.4,,mobile,SAMSUNG SM-G532M Build/MMB29T
3494202,New,,,chrome generic,,desktop,Windows
3494271,Found,,,chrome 65.0,,desktop,Windows
3494283,Unknown,,,safari generic,,desktop,
3494372,New,,,chrome generic for android,,mobile,SM-G610M Build/MMB29K
3494410,New,,,chrome generic,,desktop,ALE-L23 Build/HuaweiALE-L23
3494378,New,,,chrome generic,,desktop,Windows
3494405,Found,,,samsung browser 6.4,,mobile,SAMSUNG SM-G532M Build/MMB29T
3494455,New,,,chrome 65.0,,desktop,Windows
3494413,Found,,,samsung browser 6.4,,mobile,SAMSUNG SM-G532M Build/MMB29T
3494409,New,,,chrome generic,,desktop,ALE-L23 Build/HuaweiALE-L23
3494560,Unknown,,,safari generic,,desktop,
3494567,Found,,,chrome 65.0,,desktop,Windows
3494577,Found,,,chrome 65.0,,desktop,Windows
3494590,Found,,,chrome generic,,desktop,Windows
3494597,New,,,chrome generic,,desktop,
3494615,Found,,,Samsung/SM-G531H,,mobile,SAMSUNG SM-G531H Build/LMY48B
3494691,Found,,,chrome 65.0,,desktop,Windows
3494642,New,,,chrome 65.0,,desktop,
3494772,Found,,,chrome generic,,desktop,Windows
3494835,New,,,chrome generic,,desktop,Windows
3494867,Found,,,chrome 65.0,,desktop,Windows
3494913,New,,,chrome 65.0,,desktop,Windows
3494914,Found,,,chrome 65.0,,desktop,Windows
3494949,Found,,,chrome 65.0,,desktop,Windows
3494979,Found,,,chrome 65.0,,desktop,Windows
3495007,Unknown,,,mobile safari generic,,mobile,
3494986,New,,,chrome generic,,desktop,Windows
3495033,New,,,chrome 65.0,,desktop,Windows
3495053,Found,,,chrome 65.0,,desktop,
3497820,Found,,Windows 7,ie 11.0 for desktop,1680x1050,desktop,Windows
3495448,New,,,edge 16.0,,desktop,Windows
3495460,New,,,ie 11.0 for desktop,,desktop,Trident/7.0
3495563,New,,,chrome generic,,desktop,Windows
3495770,New,,,safari generic,,desktop,
3495859,Unknown,,,mobile safari generic,,mobile,
3495863,New,,,chrome 57.0 for android,,mobile,ILIUM
3495976,Unknown,,,mobile safari generic,,mobile,
3496077,Found,,,chrome 65.0,,desktop,Windows
3496085,Unknown,,,mobile safari generic,,mobile,
3511834,New,,,chrome 65.0 for android,,mobile,SM-G355M Build/KOT49H
3496190,Unknown,,,mobile safari generic,,mobile,
3496288,,,,,,,
3496429,Found,,,chrome generic for android,,mobile,Ilium L910 Build/MRA58K
3496473,Found,,,safari generic,,desktop,
3496446,Found,,,safari generic,,desktop,
3496461,Found,,,chrome generic for android,,mobile,XT1225
3496532,Unknown,,,mobile safari generic,,mobile,
3496552,Found,,,chrome 65.0,,desktop,Windows
3496611,Found,,,chrome 59.0 for android,,mobile,5010G Build/MRA58K
3496579,New,,,chrome generic,,desktop,XT1032 Build/LPBS23.13-56-2
3496647,New,,,chrome generic,,desktop,SAMSUNG SM-G900M Build/LRX21T
3512351,New,,,chrome generic for android,,mobile,SM-A320Y Build/NRD90M
3496681,New,,,chrome 65.0,,desktop,
3496694,Unknown,,,safari generic,,desktop,
3496717,New,,,chrome generic for android,,mobile,SM-G610M Build/MMB29K
3496718,New,,,chrome 65.0,,desktop,Windows
3496730,Found,,,chrome 65.0,,desktop,
3509359,New,,Windows 10,ie 11.0 for desktop,1920x1080,desktop,Trident/7.0
3499610,New,,iOS 11.3.0,mobile safari generic,2208x1242,mobile,iOS Device
3496956,New,,,samsung browser 6.4,,mobile,SAMSUNG SM-G532M Build/MMB29T
3497029,Found,,,chrome generic,,desktop,Windows
3497123,Found,,,chrome generic,,desktop,Windows
3497213,New,,,chrome generic for android,,mobile,TA-1028 Build/NMF26O
3497368,New,,,chrome generic for android,,mobile,SM-G955F Build/NRD90M
3497391,New,,,chrome generic,,desktop,Windows
3497544,Found,,,chrome 65.0,,desktop,Windows
3497541,Unknown,,,mobile safari generic,,mobile,
3497644,Unknown,,,mobile safari generic,,mobile,
3497696,New,,,chrome 65.0,,desktop,
3497681,Unknown,,,mobile safari generic,,mobile,
3503878,New,,other,chrome 61.0,1280x720,desktop,Windows
3497740,Found,,,chrome generic,,desktop,
3497847,New,,,chrome generic for android,,mobile,HUAWEI VNS-L53 Build/HUAWEIVNS-L53
3497883,Found,,,chrome 65.0,,desktop,
3497943,Found,,,chrome 65.0,,desktop,
3498043,New,,,chrome 65.0,,desktop,Windows
3498031,New,,,firefox 59.0,,desktop,Windows
3507672,Found,,Windows 10,firefox 59.0,1600x900,desktop,Windows
3507659,Found,,Windows 10,firefox 59.0,1600x900,desktop,Windows
3507660,Found,,Windows 10,firefox 59.0,1600x900,desktop,Windows
3498132,Found,,,chrome generic,,desktop,Windows
3498196,Found,,,safari generic,,desktop,
3498266,Found,,,chrome generic,,desktop,Windows
3498204,Found,,,safari generic,,desktop,
3514122,New,,,chrome generic for android,,mobile,SM-T810 Build/NRD90M
3514168,Found,,,chrome generic for android,,mobile,SM-T810 Build/NRD90M
3514153,Found,,,chrome generic for android,,mobile,SM-T810 Build/NRD90M
3514199,Found,,,chrome generic for android,,mobile,SM-T810 Build/NRD90M
3498355,Found,,,chrome generic,,desktop,
3498332,Found,,,chrome generic,,desktop,Windows
3504639,New,,Mac OS X 10_11_6,safari generic,2560x1600,desktop,MacOS
3504549,Found,,Mac OS X 10_11_6,safari generic,2560x1600,desktop,MacOS
3498451,Found,,,chrome generic,,desktop,
3498434,Found,,,chrome generic,,desktop,
3501832,New,,Windows 10,chrome 65.0,2736x1824,desktop,Windows
3498690,New,,,chrome generic,,desktop,Moto G (4) Build/NPJ25.93-14.7
3498736,New,,,chrome 52.0 for android,,mobile,MYA-L03 Build/HUAWEIMYA-L03
3514703,Found,,,chrome 61.0 for android,,mobile,SM-J500M Build/MMB29M
3498881,New,,,chrome generic,,desktop,Windows
3498908,Found,,,chrome generic,,desktop,Windows
3498907,New,,,chrome 65.0,,desktop,Windows
3498931,Found,,,chrome generic,,desktop,Windows
3498966,New,,,chrome generic,,desktop,Windows
3498981,New,,,chrome 65.0 for android,,mobile,HTC Desire 626s Build/LMY47O
3498977,Unknown,,,mobile safari generic,,mobile,
3499033,New,,,chrome generic,,desktop,GT-I8190L Build/JZO54K
3499098,New,,,chrome 62.0 for android,,mobile,SM-G550T1 Build/MMB29K
3499165,New,,,chrome 49.0,,desktop,
3499218,Unknown,,,mobile safari generic,,mobile,
3499229,Unknown,,,mobile safari generic,,mobile,
3499223,New,,,samsung browser 6.4,,mobile,SAMSUNG SM-J500M Build/MMB29M
3499326,New,,,chrome 55.0 for android,,mobile,SM-G531H Build/LMY48B
3499349,New,,,chrome generic for android,,mobile,LG-X230 Build/MRA58K
3499409,New,,,chrome 65.0,,desktop,Windows
3499391,Found,,,chrome 65.0,,desktop,
3499512,New,,,chrome 65.0 for android,,mobile,SM-J500M Build/LMY48B
3499499,Found,,,chrome 65.0 for android,,mobile,SM-J500M Build/LMY48B
3505936,Found,,Mac OS X 10_11_6,safari generic,2560x1600,desktop,MacOS
3499550,Found,,,chrome generic,,desktop,SAMSUNG SM-G900M Build/LRX21T
3499569,New,,,chrome 56.0,,desktop,
3499587,New,,,mobile safari generic,,mobile,
3500193,New,,,chrome generic for android,,mobile,LG-K530 Build/MMB29M
3500203,New,,,chrome generic for android,,mobile,XT1635-02 Build/NPN26.118-22-2
3500276,New,,,chrome 64.0 for android,,mobile,LG-D693n Build/LRX22G
3500441,New,,,chrome generic,,desktop,Windows
3500433,Found,,,chrome generic,,desktop,
3500452,Found,,,firefox 59.0,,desktop,Windows
3500405,New,,,chrome generic for android,,mobile,SM-J700M Build/MMB29K
3500474,New,,,ie 11.0 for desktop,,desktop,Trident/7.0
3500576,New,,,chrome generic for android,,mobile,XT1635-02 Build/NPN26.118-22-2
3500631,Unknown,,,mobile safari generic,,mobile,
3500569,Found,,,chrome 65.0,,desktop,Windows
3500708,New,,,chrome 65.0,,desktop,Windows
3500670,Found,,,chrome 65.0,,desktop,Windows
3500672,Unknown,,,firefox 59.0,,desktop,
3500736,New,,,chrome generic,,desktop,
3500865,Found,,,chrome generic,,desktop,
3500788,New,,,chrome generic,,desktop,
3500864,Unknown,,,mobile safari generic,,mobile,
3500934,New,,,chrome 65.0,,desktop,
3500896,Unknown,,,mobile safari generic,,mobile,
3500903,Found,,,chrome 65.0,,desktop,
3500991,Found,,,chrome generic,,desktop,
3501031,Unknown,,,mobile safari generic,,mobile,
3507797,New,,,chrome generic,,desktop,Windows
3501538,New,,,firefox 59.0,,desktop,Windows
3501659,Found,,,chrome 65.0 for android,,mobile,BAC-L03 Build/HUAWEIBAC-L03
3501669,Unknown,,,mobile safari generic,,mobile,
3501807,Found,,,chrome generic,,desktop,Windows
3501841,Found,,,chrome generic,,desktop,Windows
3501896,Found,,,chrome generic,,desktop,Windows
3501892,Found,,,chrome generic,,desktop,Windows
3501983,Found,,,chrome generic,,desktop,Windows
3501966,Found,,,chrome generic,,desktop,Windows
3502003,Found,,,chrome generic,,desktop,Windows
3502055,Found,,,chrome generic,,desktop,Windows
3501981,Found,,,chrome generic,,desktop,Windows
3502073,New,,,chrome generic,,desktop,Windows
3502213,Found,,,chrome generic,,desktop,
3502365,New,,,chrome 64.0 for android,,mobile,LG-X230 Build/MRA58K
3502509,Unknown,,,mobile safari generic,,mobile,
3502548,New,,,samsung browser 6.4,,mobile,SAMSUNG SM-N950F Build/NMF26X
3502612,New,,,samsung browser 6.4,,mobile,SAMSUNG
3502592,New,,,chrome generic for android,,mobile,LG-M400 Build/NRD90U
3502654,New,,,chrome 65.0,,desktop,Windows
3502707,New,,,chrome generic,,desktop,Moto G (4) Build/NPJ25.93-14.7
3502719,Unknown,,,mobile safari generic,,mobile,
3518305,New,,,chrome generic,,desktop,Windows
3502698,Unknown,,,mobile safari generic,,mobile,
3502702,Unknown,,,mobile safari generic,,mobile,
3502746,Found,,,chrome generic for android,,mobile,5011A Build/NRD90M
3502768,Unknown,,,mobile safari generic,,mobile,
3502776,Unknown,,,mobile safari generic,,mobile,
3502750,Unknown,,,mobile safari generic,,mobile,
3502790,New,,,chrome generic for android,,mobile,SM-J700M Build/MMB29K
3502802,Found,,,chrome generic,,desktop,
3502812,New,,,chrome generic for android,,mobile,XT1635-02 Build/NPN26.118-22-2
3502824,Found,,,firefox 59.0,,desktop,Windows
3502841,New,,,chrome 65.0,,desktop,Windows
3506532,New,,Android 8.0.0,chrome generic for android,2220x1081,mobile,SM-G955U Build/R16NW
3506550,Found,,Android 8.0.0,chrome generic for android,2220x1081,mobile,SM-G955U Build/R16NW
3506530,Found,,Android 8.0.0,chrome generic for android,2220x1081,mobile,SM-G955U Build/R16NW
3506582,New,,Windows 7,firefox,1920x1080,desktop,rv:46.0
3503421,Found,,,chrome generic for android,,mobile,LG-K220 Build/MXB48T
3503478,Found,,,chrome 65.0,,desktop,Windows
3506725,New,,Windows 10,edge 16.0,1366x768,desktop,Windows
3503538,New,,,chrome generic,,desktop,
3503608,New,,,ie 11.0 for desktop,,desktop,Trident/7.0
3503849,Found,,,ie 11.0 for desktop,,desktop,Trident/7.0
3503774,New,,,edge 14.0,,desktop,Windows
3503949,New,,,chrome generic,,desktop,
3504192,,,,,,,
3504212,New,,,chrome generic,,desktop,
3504202,Found,,,chrome generic,,desktop,
3504239,Found,,,chrome generic,,desktop,
3504222,New,,,chrome generic,,desktop,Windows
3504245,Found,,,chrome generic,,desktop,Windows
3504295,Unknown,,,mobile safari generic,,mobile,
3504328,Found,,,chrome generic for android,,mobile,LG-X230 Build/MRA58K
3504511,New,,,chrome 49.0 for android,,mobile,Ilium X510 Build/MRA58K
3504570,Found,,,chrome generic,,desktop,Windows
3504766,New,,,chrome generic,,desktop,
3504847,Found,,,chrome generic,,desktop,Windows
3504987,Unknown,,,mobile safari generic,,mobile,
3505068,Found,,,chrome generic,,desktop,
3508617,New,,Android 6.0.1,chrome generic for android,2560x1440,mobile,XT1254 Build/MCG24.251-5-5
3505157,Found,,,chrome 58.0,,desktop,
3505250,New,,,chrome generic,,desktop,
3505303,Found,,,chrome generic,,desktop,
3505361,,,,,,,
3505372,New,,,chrome generic for android,,mobile,SM-G9600 Build/R16NW
3508877,New,,iOS 11.1.2,mobile safari generic,2048x1536,mobile,iOS Device
3505560,New,,,chrome generic,,desktop,Windows
3505606,New,,,safari generic,,desktop,
3521159,New,,,chrome generic,,desktop,Windows
3521219,New,,,chrome generic,,desktop,Windows
3521199,Found,,,chrome generic,,desktop,Windows
3505668,Unknown,,,mobile safari generic,,mobile,
3521237,Found,,,chrome generic,,desktop,Windows
3521229,Found,,,chrome generic,,desktop,Windows
3521243,Found,,,chrome 65.0,,desktop,
3505744,Unknown,,,mobile safari generic,,mobile,
3505734,Unknown,,,mobile safari generic,,mobile,
3505721,New,,,chrome generic,,desktop,Moto E (4) Plus Build/NMA26.42-69
3505736,New,,,chrome 65.0 for android,,mobile,SM-G532M Build/MMB29T
3505740,New,,,chrome generic,,desktop,Windows
3505755,New,,,chrome generic,,desktop,Windows
3505844,New,,,chrome generic for android,,mobile,5080A Build/MRA58K
3505830,Found,,,chrome generic for android,,mobile,5080A Build/MRA58K
3505872,Found,,,chrome generic,,desktop,
3505892,New,,,ie 11.0 for desktop,,desktop,Trident/7.0
3505894,Unknown,,,mobile safari generic,,mobile,
3505907,New,,,chrome 59.0 for android,,mobile,SM-G531H Build/LMY48B
3505918,Unknown,,,mobile safari generic,,mobile,
3506603,Found,,,chrome 65.0 for android,,mobile,SM-J105B Build/LMY47V
3509949,New,,iOS 10.2.1,mobile safari generic,1334x750,mobile,iOS Device
3506761,New,,,firefox 59.0,,desktop,
3506763,Found,,,chrome generic,,desktop,Windows
3507210,New,,,chrome generic for android,,mobile,SM-J701M Build/NRD90M
3507312,New,,,chrome 60.0 for android,,mobile,LG-M400 Build/NRD90U
3507323,Unknown,,,chrome 65.0,,desktop,Windows
3507443,New,,,chrome generic,,desktop,
3507456,Unknown,,,chrome 65.0,,desktop,Windows
3507369,Found,,,chrome generic,,desktop,
3507397,Unknown,,,chrome 65.0,,desktop,Windows
3507487,Found,,,chrome generic,,desktop,
3507486,Found,,,chrome generic,,desktop,
3507597,New,,,chrome generic,,desktop,Windows
3507832,New,,,chrome generic for android,,mobile,SM-J700M Build/MMB29K
3507897,Found,,,chrome generic,,desktop,
3507980,New,,,chrome generic,,desktop,Windows
3507908,Unknown,,,mobile safari generic,,mobile,
3508039,Found,,,chrome generic for android,,mobile,Moto Z2 Play Build/NPSS26.118-19-14
3508114,Found,,,chrome generic,,desktop,
3508155,New,,,chrome generic,,desktop,
3508141,Found,,,ie 11.0 for desktop,,desktop,Trident/7.0
3508207,New,,,samsung browser 6.4,,mobile,SAMSUNG SM-J701M Build/NRD90M
3508294,New,,,chrome generic,,desktop,Windows
3508241,Found,,,chrome 61.0 for android,,mobile,M4 SS4451 Build/LMY47D
3508409,New,,,chrome generic for android,,mobile,SM-G935F Build/NRD90M
3508536,New,,,chrome 65.0 for android,,mobile,LG-H815 Build/MRA58K
3508555,Found,,,firefox 59.0,,desktop,Windows
3508636,Found,,,chrome 64.0 for android,,mobile,4047G Build/NRD90M
3508558,New,,,chrome generic,,desktop,Windows
3508606,New,,,chrome generic,,desktop,Moto E (4) Build/NMA26.42-69
3508621,New,,,chrome generic,,desktop,SM-J120H Build/LMY47V
3508675,Found,,,chrome generic,,desktop,Windows
3508708,New,,,chrome generic,,desktop,Windows
3508815,New,,,chrome 65.0,,desktop,Windows
3508802,Unknown,,,mobile safari generic,,mobile,
3508853,New,,,chrome generic for android,,mobile,Hisense F23 Build/NRD90M
3508945,New,,,chrome generic,,desktop,Windows
3509083,New,,,chrome generic,,desktop,Moto G (4) Build/NPJS25.93-14-15
3509180,New,,,chrome generic,,desktop,
3509233,New,,,safari generic,,desktop,
3509230,,,,,,,
3509282,Found,,,chrome generic,,desktop,
3509298,Unknown,,,mobile safari generic,,mobile,
3509422,Found,,,mobile safari generic,,mobile,
3509514,Found,,,chrome generic for android,,mobile,SM-G950F Build/NRD90M
3509622,Found,,,chrome generic,,desktop,Moto Z (2
3515777,New,,Android 8.0.0,chrome generic for android,2220x1080,mobile,SM-G950U Build/R16NW
3509742,Unknown,,,mobile safari generic,,mobile,
3509844,Found,,,chrome generic,,desktop,Moto G (5) Plus Build/NPN25.137-92
3510190,Unknown,,,mobile safari generic,,mobile,
3510297,Found,,,chrome generic for android,,mobile,SM-G955U Build/NRD90M
3510344,New,,,chrome generic,,desktop,Windows
3510453,Unknown,,,mobile safari generic,,mobile,
3510455,Found,,,chrome generic,,desktop,LG-K410 Build/LRX22G
3510603,Found,,,chrome generic,,desktop,
3510532,New,,,chrome 64.0,,desktop,Windows
3510617,Found,,,chrome generic,,desktop,
3516867,New,,iOS 11.3.0,mobile safari generic,2208x1242,mobile,iOS Device
3513998,Found,,Mac OS X 10_10_5,chrome generic,1366x768,desktop,MacOS
3510914,Unknown,,,mobile safari generic,,mobile,
3511000,New,,,chrome generic,,desktop,Blade L5 Build/LMY47I
3511021,Found,,,chrome generic,,desktop,Blade L5 Build/LMY47I
3511094,New,,,chrome generic,,desktop,Windows
3511122,Found,,,mobile safari generic,,mobile,
3511309,Found,,,chrome 65.0,,desktop,Windows
3511353,Found,,,chrome generic,,desktop,
3508357,Found,,Android 7.0,samsung browser 6.4,2220x1080,mobile,SAMSUNG SM-G950U Build/NRD90M
3511554,Found,,,chrome 56.0 for android,,mobile,F3313 Build/37.0.A.2.248
3511631,Found,,,chrome generic,,desktop,Windows
3511662,Found,,,firefox,,desktop,Linux x86_64
3511613,Found,,,firefox,,desktop,Linux x86_64
3511626,Found,,,firefox,,desktop,Linux x86_64
3511709,New,,,chrome 50.0 for android,,mobile,Energy X 2 Build/E050L
3511669,Found,,,Generic/Android 7.0,,mobile,rv:59.0
3511749,Unknown,,,mobile safari generic,,mobile,
3511742,New,,,mobile safari generic,,mobile,
3511865,New,,,chrome 50.0 for android,,mobile,8050G Build/LMY47I
3511931,New,,,chrome 65.0,,desktop,Windows
3511968,New,,,chrome generic for android,,mobile,SM-J700M Build/MMB29K
3512010,,,,,,,
3512187,New,,,chrome 65.0 for android,,mobile,BLADE V8 SE Build/NRD90M
3512256,New,,,chrome generic,,desktop,SM-T560 Build/KTU84P
3512271,New,,,edge 15.0,,desktop,Windows
3512267,New,,,chrome generic,,desktop,Windows
3512275,New,,,chrome generic for android,,mobile,F3313 Build/37.0.A.2.248
3512300,New,,,Samsung/SM-G532M,,mobile,SAMSUNG SM-G532M Build/MMB29T
3512323,New,,,chrome 62.0 for android,,mobile,Blade L2 Plus Build/KOT49H
3512365,New,,,chrome generic,,desktop,Windows
3512456,New,,,chrome generic for android,,mobile,LG-M700 Build/NMF26X
3512439,Found,,,chrome 62.0 for android,,mobile,Blade L2 Plus Build/KOT49H
3512560,New,,,chrome generic for android,,mobile,SM-G950F Build/R16NW
3512765,New,,,chrome generic for android,,mobile,SM-G610M Build/MMB29K
3512787,New,,,chrome 65.0 for android,,mobile,HUAWEI CUN-L03 Build/HUAWEICUN-L03
3512945,Found,,,safari generic,,desktop,
3512919,Unknown,,,mobile safari generic,,mobile,
3512966,New,,,chrome generic for android,,mobile,MYA-L13 Build/HUAWEIMYA-L13
3513308,Found,,,Samsung/SM-G531H,,mobile,SAMSUNG SM-G531H Build/LMY48B
3513444,New,,,Microsoft/Windows,,mobile,Trident/7.0
3513508,New,,,chrome generic for android,,mobile,Ilium L910 Build/MRA58K
3513527,New,,,safari generic,,desktop,
3513522,Found,,,chrome generic for android,,mobile,CAM-L03 Build/HUAWEICAM-L03
3513528,New,,,samsung browser 6.4,,mobile,SAMSUNG SM-J730GM Build/NRD90M
3513542,Found,,,samsung browser 6.4,,mobile,SAMSUNG SM-J730GM Build/NRD90M
3513543,Found,,,samsung browser 6.4,,mobile,SAMSUNG SM-J730GM Build/NRD90M
3513593,New,,,chrome generic for android,,mobile,HUAWEI VNS-L23 Build/HUAWEIVNS-L23
3513662,Unknown,,,mobile safari generic,,mobile,
3513930,New,,,chrome 65.0 for android,,mobile,LG-K500 Build/MMB29M
3514309,Found,,,chrome generic,,desktop,S57 Build/KTU84P
3514365,New,,,chrome generic,,desktop,Windows
3517567,Found,,,chrome generic,,desktop,KFGIWI Build/LVY48F
3514674,New,,,chrome generic,,desktop,Windows
3514876,New,,,chrome generic,,desktop,Windows
3515011,Unknown,,,mobile safari generic,,mobile,
3515024,Unknown,,,mobile safari generic,,mobile,
3515019,Found,,,chrome generic,,desktop,LG-K410 Build/LRX22G
3515140,,,,,,,
3515162,New,,,chrome generic,,desktop,
3515167,New,,,chrome generic for android,,mobile,LG-X240 Build/MRA58K
3515188,Found,,,Samsung/SM-G532M,,mobile,SM-G532M Build/MMB29T
3515214,New,,,mobile safari generic,,mobile,
3515231,,,,,,,
3515258,,,,,,,
3515275,New,,,chrome generic for android,,mobile,5080A Build/MRA58K
3515321,Found,,,chrome generic,,desktop,Moto G (4) Build/NPJ25.93-14.7
3515338,Found,,,chrome generic,,desktop,Moto G (4) Build/NPJ25.93-14.7
3515348,Found,,,chrome generic,,desktop,Moto G (4) Build/NPJ25.93-14.7
3515340,New,,,chrome generic for android,,mobile,SM-G610M Build/NRD90M
3515352,New,,,chrome generic,,desktop,Windows
3515381,New,,,chrome 65.0,,desktop,
3515382,New,,,mobile safari generic,,mobile,
3515404,New,,,chrome generic for android,,mobile,moto x4 Build/OPWS27.57-40-14
3515386,Found,,,chrome generic for android,,mobile,moto x4 Build/OPWS27.57-40-14
3515438,Found,,,chrome 66.0,,desktop,Windows
3518393,Found,,Mac OS X 10_11_6,chrome 65.0,1440x900,desktop,MacOS
3515437,Found,,,chrome 66.0 for android,,mobile,SM-G930U Build/NRD90M
3515484,New,,,chrome 66.0 for android,,mobile,SM-N950F Build/NMF26X
3515485,Found,,,chrome 66.0 for android,,mobile,SM-N950F Build/NMF26X
3515509,New,,,chrome 66.0,,desktop,
3521616,Found,IP_PROXY:ANONYMOUS,Windows 10,ie 11.0 for desktop,1600x900,desktop,Trident/7.0
3515789,New,,,chrome 66.0 for android,,mobile,XT1650 Build/NPLS26.118-20-5-3
3515829,New,,,chrome 66.0 for android,,mobile,moto x4 Build/OPW27.57-40
3515907,New,,,chrome 63.0 for android,,mobile,8050G Build/LMY47I
3516000,Unknown,,,mobile safari 11.0,,mobile,
3515994,New,,,firefox 59.0,,desktop,Windows
3516098,Found,,,chrome 66.0,,desktop,
3516250,Unknown,,,mobile safari 11.0,,mobile,
3516192,Found,,,chrome 66.0,,desktop,Windows
3516242,Found,,,chrome 66.0,,desktop,Windows
3516282,New,,,chrome 66.0,,desktop,
3516273,Found,,,samsung browser 6.4,,mobile,SAMSUNG SM-J730GM Build/NRD90M
3516330,Found,,,samsung browser 6.4,,mobile,SAMSUNG SM-J730GM Build/NRD90M
3516324,New,,,chrome 66.0,,desktop,Windows
3519507,New,,Mac OS X 10_10_5,safari 10.0,2560x1600,desktop,MacOS
3516496,New,,,chrome 43.0 for android,,mobile,SM-J700M Build/LMY48B
3516603,New,,,chrome 66.0,,desktop,Windows
3516576,Found,,Linux,chrome 66.0,2560x1440,desktop,
3516788,New,,,chrome 65.0 for android,,mobile,SM-J700M Build/MMB29K
3519858,New,IP_PROXY:TRANSPARENT,Mac OS X 10_13_3,chrome 66.0,1600x900,desktop,MacOS
3517109,New,,,chrome 55.0 for android,,mobile,SM-G531H Build/LMY48B
3517148,New,,,samsung browser 6.4,,mobile,SAMSUNG SM-G610M Build/MMB29K
3517210,Found,,,firefox 59.0,,desktop,Windows
3517198,New,,,chrome 66.0 for android,,mobile,5012G Build/MRA58K
3517219,New,,,chrome 66.0,,desktop,
3517191,Found,,,chrome 66.0 for android,,mobile,Hisense F23 Build/NRD90M
3517255,Found,,,chrome 66.0 for android,,mobile,Hisense F23 Build/NRD90M
3517262,Found,,,chrome 66.0 for android,,mobile,Hisense F23 Build/NRD90M
3517196,Found,,,chrome 66.0 for android,,mobile,Hisense F23 Build/NRD90M
3517274,Found,,,chrome 66.0 for android,,mobile,Hisense F23 Build/NRD90M
3517246,New,,,chrome 64.0 for android,,mobile,SM-J327VPP Build/NRD90M
3517308,Found,,,chrome 64.0 for android,,mobile,SM-J327VPP Build/NRD90M
3517346,New,,,firefox 59.0,,desktop,Windows
3517413,,,,,,,
3517514,New,,,chrome 66.0,,desktop,
3517598,Unknown,,,mobile safari 11.0,,mobile,
3517645,Unknown,,,mobile safari 11.0,,mobile,
3517757,New,,,chrome 66.0,,desktop,Windows
3517749,New,,,chrome 66.0,,desktop,
3517836,Unknown,,,chrome 66.0 for ios,,mobile,
3517873,New,,,chrome 66.0,,desktop,Windows
3517895,New,,,chrome 66.0,,desktop,Windows
3518015,Found,,,chrome 66.0 for android,,mobile,CAM-L03 Build/HUAWEICAM-L03
3518133,New,,,chrome 66.0 for android,,mobile,6039A Build/LRX22G
3518168,Found,,,chrome 66.0 for android,,mobile,E2306 Build/26.1.A.3.111
3518180,Found,,,chrome 66.0 for android,,mobile,ALE-L23 Build/HuaweiALE-L23
3518233,Found,,,chrome 66.0 for android,,mobile,ALE-L23 Build/HuaweiALE-L23
3518238,Found,,,chrome 43.0 for android,,mobile,5025G Build/LMY47I
3518288,New,,,chrome 66.0 for android,,mobile,ALE-L23 Build/HuaweiALE-L23
3518330,Found,,,chrome 66.0,,desktop,Windows
3518355,Found,,,samsung browser 6.4,,mobile,SAMSUNG SM-G955F Build/NRD90M
3518341,New,,,chrome 66.0 for android,,mobile,SM-G955F Build/R16NW
3518371,Found,,,samsung browser 6.4,,mobile,SAMSUNG SM-G955F Build/NRD90M
3518407,Found,,,chrome 66.0,,desktop,
3532758,New,,,chrome 66.0 for android,,mobile,E2306 Build/26.1.A.3.111
3518531,New,,,chrome 66.0 for android,,mobile,XT1650 Build/NPLS26.118-20-5-3
3518894,New,,,chrome 65.0 for android,,mobile,AX1060
3518977,Found,,,chrome 66.0,,desktop,Windows
3518969,New,,,chrome 66.0,,desktop,Windows
3519193,New,,,chrome 66.0 for android,,mobile,Moto G (5) Plus Build/NPN25.137-92
3519264,New,,,firefox 59.0,,desktop,Windows
3519218,New,,,android webview 4.0,,mobile,Hisense U963 Build/MRA58K
3519244,New,,,chrome 66.0 for android,,mobile,XT1032 Build/LPBS23.13-56-2
3519617,,,,,,,
3519654,New,,,chrome 61.0 for android,,mobile,LG-M700 Build/NMF26X
3519763,New,,,chrome 66.0 for android,,mobile,SM-P550
3519921,New,,,samsung browser 6.4,,mobile,SAMSUNG SM-G570M Build/MMB29K
3520015,New,,,chrome 66.0,,desktop,
3520064,Found,,,chrome 66.0,,desktop,
3520136,Found,,,chrome 66.0,,desktop,
3523078,Found,,Windows 10,chrome 66.0,1366x768,desktop,Windows
3520227,Found,,,chrome 66.0,,desktop,Windows
3520244,Found,,,chrome 66.0 for android,,mobile,SM-J700M Build/MMB29K
3520346,New,,,chrome 66.0,,desktop,Windows
3520373,New,,,chrome 66.0,,desktop,Windows
3520460,New,,,chrome 66.0,,desktop,Windows
3520422,New,,,chrome 66.0 for android,,mobile,Moto G (5) Plus Build/NPN25.137-92
3520462,New,,,chrome 66.0,,desktop,Windows
3520528,New,,,chrome 66.0,,desktop,Windows
3520593,New,,,chrome 66.0 for android,,mobile,SM-J700M Build/LMY48B
3520592,Found,,,chrome 66.0 for android,,mobile,SM-J700M Build/LMY48B
3520635,Unknown,,,safari 10.0,,desktop,
3520664,Found,,,chrome,,desktop,
3520752,Found,,,chrome,,desktop,
3520701,Unknown,,,mobile safari 11.0,,mobile,
3520685,Found,,,chrome,,desktop,
3520772,Found,,,chrome,,desktop,
3520802,New,,,chrome 66.0,,desktop,Windows
3520842,Unknown,,,mobile safari 11.0,,mobile,
3520826,New,,,chrome 66.0,,desktop,
3520870,Found,,,chrome,,desktop,
3520897,New,,,chrome 66.0 for android,,mobile,Ilium X510 Build/MRA58K
3520925,New,,,chrome 66.0,,desktop,
3520887,New,,,chrome 66.0 for android,,mobile,HUAWEI VNS-L53 Build/HUAWEIVNS-L53
3521048,New,,,chrome 66.0 for android,,mobile,SM-A720F Build/NRD90M
3521067,New,,,chrome 66.0,,desktop,
3521140,New,,,chrome 66.0,,desktop,Windows
3521253,Unknown,,,safari 9.0,,desktop,
3521218,Unknown,,,safari 9.0,,desktop,
3521393,New,,,chrome 66.0 for android,,mobile,SM-G531H Build/LMY48B
3521385,New,,,chrome 66.0,,desktop,Windows
3521458,New,,,chrome 66.0,,desktop,Windows
3521518,New,,,chrome 66.0 for android,,mobile,Moto G (4) Build/NPJS25.93-14-13
3521661,New,,,chrome 66.0,,desktop,Windows
3521852,New,,,chrome 66.0 for android,,mobile,SM-J105B Build/LMY47V
3521913,Found,,,chrome 65.0,,desktop,
3527839,New,,Windows 10,chrome 66.0,1920x1080,desktop,Windows
3522382,Found,,,chrome 66.0,,desktop,
3527969,,,,,,,
3522498,Unknown,,,mobile safari 11.0,,mobile,
3522455,Unknown,,,mobile safari 11.0,,mobile,
3522627,New,,,chrome 66.0,,desktop,Windows
3522544,New,,,chrome 66.0 for android,,mobile,SM-A530F Build/NMF26X
3522600,New,,,chrome 59.0 for android,,mobile,SM-G925I Build/NRD90M
3522793,Unknown,,,chrome 66.0 for ios,,mobile,
3522885,New,,,chrome 66.0,,desktop,Windows
3522940,New,,,chrome 66.0,,desktop,
3522982,Found,,,chrome 65.0 for android,,mobile,Moto G (5) Build/NPPS25.137-93-4
3523058,New,,,chrome 66.0,,desktop,Windows
3523106,Found,,,chrome 66.0,,desktop,Windows
3523205,Found,,,chrome 66.0,,desktop,Windows
3523287,New,,,chrome 66.0,,desktop,Windows
3523299,New,,,chrome 66.0,,desktop,Windows
3523491,Found,,,chrome 66.0,,desktop,Windows
3523470,New,,,chrome 66.0,,desktop,Windows
3523471,Found,,,chrome 66.0,,desktop,Windows
3523501,Found,,,chrome 66.0,,desktop,Windows
3523500,Unknown,,,mobile safari 11.0,,mobile,
3523589,Found,,,chrome 66.0,,desktop,Windows
3523561,Found,,,chrome 66.0,,desktop,
3523665,Unknown,,,mobile safari 11.0,,mobile,
3523623,Found,,,chrome 66.0 for android,,mobile,SM-J710MN Build/MMB29K
3523729,Found,,,chrome 66.0,,desktop,Windows
3523728,Found,,,chrome 66.0 for android,,mobile,MYA-L13 Build/HUAWEIMYA-L13
3523827,Unknown,,,mobile safari 11.0,,mobile,
3523923,New,,,chrome 49.0 for android,,mobile,Ilium X210 Build/LMY47I
3523906,Found,,,chrome 49.0 for android,,mobile,Ilium X210 Build/LMY47I
3523931,Found,,,chrome 66.0,,desktop,Windows
3523962,Found,,,chrome 66.0,,desktop,Windows
3524011,Found,,,chrome 66.0,,desktop,Windows
3524007,Found,,,mobile safari 8.0,,mobile,
3524077,Unknown,,,mobile safari 11.0,,mobile,
3524073,New,,,chrome 66.0,,desktop,Windows
3524098,Found,,,chrome 57.0,,desktop,
3524105,New,,,chrome 66.0 for android,,mobile,Moto G Play Build/MPIS24.241-15.3-7
3524200,New,,,chrome 66.0 for android,,mobile,BLL-L23 Build/HUAWEIBLL-L23
3524198,Found,,,chrome 50.0 for android,,mobile,SM-G531H Build/LMY48B
3524213,New,,,chrome 66.0 for android,,mobile,SM-G531H Build/LMY48B
3524238,Unknown,,,mobile safari 11.0,,mobile,
3524223,New,,,chrome 66.0 for android,,mobile,Moto E (4) Plus Build/NMA26.42-69
3524224,,,,,,,
3524256,,,,,,,
3524253,,,,,,,
3524262,,,,,,,
3524260,,,,,,,
3524269,,,,,,,
3524286,,,,,,,
3524280,,,,,,,
3524284,,,,,,,
3524270,Found,,,chrome 65.0,,desktop,Windows
3524290,New,,,chrome 66.0 for android,,mobile,SM-G925I Build/NRD90M
3524298,Found,,,chrome 66.0 for android,,mobile,SM-G925I Build/NRD90M
3524293,Found,,,chrome 66.0 for android,,mobile,SM-G925I Build/NRD90M
3524295,Unknown,,,mobile safari 11.0,,mobile,
3524313,Unknown,,,mobile safari 11.0,,mobile,
3524321,Unknown,,,mobile safari 11.0,,mobile,
3524324,New,,,chrome 66.0 for android,,mobile,Moto G (4) Build/NPJ25.93-14.7
3524523,New,,,chrome 66.0,,desktop,Windows
3524823,Unknown,,,mobile safari 11.0,,mobile,
3539095,New,,iOS 11.3.0,mobile safari 11.0,2436x1125,mobile,iOS Device
3530541,Found,,,chrome 66.0,,desktop,Windows
3525104,Found,,,chrome 66.0 for android,,mobile,LG-K580 Build/MRA58K
3525199,Unknown,,,mobile safari 11.0,,mobile,
3525162,New,,,chrome 46.0 for android,,mobile,Shift Build/LMY47I
3525452,New,,,chrome 66.0 for android,,mobile,SM-J700M Build/MMB29K
3525496,Found,,,chrome 66.0,,desktop,Windows
3525521,Found,,,chrome 66.0,,desktop,Windows
3525505,New,,,chrome 58.0 for android,,mobile,SM-A720F Build/NRD90M
3531329,Found,,Windows 10,edge 16.0,1920x1080,desktop,Windows
3531361,Found,,Windows 10,edge 16.0,1920x1080,desktop,Windows
3523199,New,,iOS 9.3.5,mobile safari 9.0,1024x768,mobile,iOS Device
3525961,Found,,,chrome 66.0 for android,,mobile,SM-J320M Build/LMY47V
3526177,New,,,chrome 66.0,,desktop,Windows
3534820,New,,,edge 16.0,,desktop,Windows
3526260,Found,,,samsung browser 6.4,,mobile,SAMSUNG SM-J700M Build/MMB29K
3526332,New,,,chrome 66.0 for android,,mobile,Blade V6 Plus Build/MRA58K
3526375,Found,,,chrome 65.0,,desktop,
3532145,Found,,,ie 11.0 for desktop,,desktop,rv:11.0
3529271,,,,,,,
3529285,,,,,,,
3526502,New,,,chrome 66.0 for android,,mobile,RNE-L03 Build/HUAWEIRNE-L03
3526472,Found,,,chrome 66.0 for android,,mobile,Moto G (5) Build/NPPS25.137-15-11
3526494,Found,,,chrome 66.0 for android,,mobile,Moto G (5) Build/NPPS25.137-15-11
3526503,New,,,chrome 66.0,,desktop,Windows
3526515,Found,,,chrome 66.0,,desktop,Windows
3526565,New,,,chrome 66.0,,desktop,
3526622,New,,,chrome 66.0 for android,,mobile,Moto Z (2
3526619,Found,,,chrome 66.0 for android,,mobile,SM-G610M Build/MMB29K
3526657,New,,,chrome 62.0 for android,,mobile,SM-A520F Build/NRD90M
3526662,New,,,chrome 66.0,,desktop,
3526693,Unknown,,,mobile safari 11.0,,mobile,
3526716,Found,,,chrome 66.0 for android,,mobile,HTC Desire 530 Build/MMB29M
3526810,Found,,,chrome 66.0 for android,,mobile,HUAWEI VNS-L53 Build/HUAWEIVNS-L53
3526796,Found,,,chrome 66.0 for android,,mobile,Moto G (4) Build/NPJ25.93-14.7
3526801,Found,,,chrome 66.0 for android,,mobile,Moto G (4) Build/NPJ25.93-14.7
3526838,Found,,,chrome 66.0 for android,,mobile,Moto G (4) Build/NPJ25.93-14.7
3526841,Unknown,,,mobile safari 11.0,,mobile,
3526890,Found,,,chrome 66.0 for android,,mobile,Moto G (4) Build/NPJ25.93-14.7
3526878,Found,,,chrome 66.0 for android,,mobile,Moto G (4) Build/NPJ25.93-14.7
3526866,Found,,,chrome 66.0 for android,,mobile,Moto G (4) Build/NPJ25.93-14.7
3526864,Found,,,chrome 66.0 for android,,mobile,Moto G (4) Build/NPJ25.93-14.7
3526880,New,,,chrome 66.0,,desktop,
3526888,New,,,chrome 66.0 for android,,mobile,Moto G (4) Build/NPJ25.93-14.7
3526921,Unknown,,,mobile safari 11.0,,mobile,
3526892,New,,,chrome 66.0,,desktop,Windows
3526924,Found,,,chrome 66.0 for android,,mobile,Moto G (4) Build/NPJ25.93-14.7
3526949,Found,,,chrome 66.0 for android,,mobile,LG-X180g Build/LMY47I
3526959,Found,,,chrome 66.0 for android,,mobile,LG-X180g Build/LMY47I
3526987,Unknown,,,mobile safari 11.0,,mobile,
3526976,Unknown,,,mobile safari 10.0,,mobile,
3527011,Unknown,,,mobile safari 11.0,,mobile,
3527018,Unknown,,,mobile safari 11.0,,mobile,
3527049,Unknown,,,chrome 65.0 for ios,,mobile,
3527047,Unknown,,,chrome 65.0 for ios,,mobile,
3527052,New,,,chrome 66.0,,desktop,Windows
3527054,Found,,,chrome 66.0,,desktop,Windows
3527059,Found,,,chrome 66.0,,desktop,Windows
3527060,,,,,,,
3527062,New,,,chrome 65.0 for android,,mobile,HTC Desire 10 lifestyle Build/MMB29M
3527120,New,,,chrome 66.0 for android,,mobile,Moto G (5) Plus Build/NPNS25.137-92-8
3527154,New,,,chrome 66.0 for android,,mobile,SAMSUNG-SM-G890A Build/MMB29K
3527149,Found,,,chrome 66.0 for android,,mobile,SAMSUNG-SM-G890A Build/MMB29K
3527269,New,,,chrome 66.0 for android,,mobile,Moto G Play Build/MPIS24.241-15.3-7
3527337,New,,,chrome 66.0,,desktop,
3527402,Unknown,,,mobile safari 11.0,,mobile,
3541888,Found,,,chrome 66.0,,desktop,
3541921,Found,,,chrome 66.0,,desktop,
3541972,Found,,,chrome 66.0,,desktop,
3527471,Unknown,,,mobile safari 11.0,,mobile,
3527520,New,,,chrome 66.0 for android,,mobile,Moto G (5) Build/NPP25.137-93
3527603,Found,,,chrome 66.0 for android,,mobile,SM-A720F Build/NRD90M
3530499,Found,,Windows 10,firefox 60.0,1920x1080,desktop,Windows
3527774,New,,,ie 11.0 for desktop,,desktop,Trident/7.0
3527734,New,,,chrome 54.0 for android,,mobile,Hisense F102 Build/NRD90M
3533676,New,,,samsung browser 6.4,,mobile,SAMSUNG
3527985,New,,,chrome 66.0,,desktop,Windows
3528052,Found,,,chrome 66.0,,desktop,Windows
3527965,Found,,,ie 11.0 for tablet,,desktop,Trident/7.0
3528036,New,,,chrome 66.0,,desktop,Windows
3528051,New,,,chrome 55.0 for android,,mobile,SM-G532M Build/MMB29T
3528136,New,,,samsung browser 4.2,,mobile,SAMSUNG SM-G532M Build/MMB29T
3528066,Found,,,chrome 66.0,,desktop,Windows
3528107,Found,,,chrome 66.0,,desktop,Windows
3528087,Found,,,samsung browser 4.2,,mobile,SAMSUNG SM-G532M Build/MMB29T
3528098,Found,,,chrome 66.0,,desktop,Windows
3528090,Found,,,samsung browser 4.2,,mobile,SAMSUNG SM-G532M Build/MMB29T
3528094,Found,,,samsung browser 4.2,,mobile,SAMSUNG SM-G532M Build/MMB29T
3528116,Found,,,chrome 66.0,,desktop,Windows
3528135,Found,,,chrome 66.0,,desktop,Windows
3528163,Found,,,chrome 66.0 for ios,,mobile,
3528289,Unknown,,,mobile safari 11.0,,mobile,
3528280,Found,,,mobile safari 10.0,,mobile,
3528346,Found,,,chrome 66.0,,desktop,Windows
3528405,Unknown,,,mobile safari 11.0,,mobile,
3528455,New,,,chrome 66.0,,desktop,Windows
3528474,Unknown,,,mobile safari 11.0,,mobile,
3528489,New,,,chrome 66.0,,desktop,Windows
3528478,Found,,,chrome 66.0,,desktop,Windows
3531358,Found,,Windows 10,chrome 66.0,1680x1050,desktop,Windows
3528503,Found,,,chrome 66.0,,desktop,Windows
3528461,Found,,,chrome 66.0 for android,,mobile,HTC Desire 10 lifestyle Build/MMB29M
3528538,Found,,,chrome 66.0,,desktop,Windows
3528547,Found,,,chrome 66.0,,desktop,
3528557,,,,,,,
3528676,New,,,chrome 66.0 for android,,mobile,5010G Build/MRA58K
3528805,New,,,firefox 59.0,,desktop,rv:59.0
3528823,Found,,,firefox 59.0,,desktop,rv:59.0
3528842,New,,,chrome 66.0,,desktop,Windows
3528807,Unknown,,,mobile safari 11.0,,mobile,
3528749,,,,,,,
3528779,Unknown,,,mobile safari 11.0,,mobile,
3528774,New,,,chrome 66.0 for android,,mobile,Moto E (4) Build/NMA26.42-69
3528782,Found,,,chrome 65.0 for android,,mobile,SM-J730GM Build/NRD90M
3528954,New,,,chrome 66.0 for android,,mobile,SM-G570M Build/MMB29K
3528948,New,,,chrome 66.0,,desktop,Windows
3528957,Found,,,chrome 63.0 for android,,mobile,Moto X Play Build/NPD26.48-24-1
3528985,New,,,chrome 65.0 for android,,mobile,M4 SS4457 Build/MRA58K
3529015,Found,,,chrome 63.0 for android,,mobile,Moto X Play Build/NPD26.48-24-1
3528955,Found,,,chrome 63.0 for android,,mobile,Moto X Play Build/NPD26.48-24-1
3529126,New,,,chrome 63.0 for android,,mobile,Moto G (4) Build/NPJS25.93-14-13
3529221,Unknown,,,mobile safari 11.0,,mobile,
3529266,New,,,chrome 66.0,,desktop,Windows
3529290,New,,,chrome 63.0 for android,,mobile,Moto G (5) Build/NPP25.137-93
3529213,Found,,,chrome 66.0,,desktop,Windows
3529351,Found,,,chrome 66.0,,desktop,Windows
3529303,Found,,,chrome 66.0,,desktop,Windows
3529381,New,,,chrome 66.0 for android,,mobile,SM-T820 Build/NRD90M
3529419,Found,,,chrome 66.0 for ios,,mobile,
3529390,New,,,chrome 66.0,,desktop,Windows
3532348,New,,iOS 11.3.0,mobile safari 11.0,2208x1242,mobile,iOS Device
3529436,New,,,chrome 66.0 for android,,mobile,LG-M250 Build/NRD90U
3529474,Found,,,android browser 4.0,,mobile,Android 5.1
3529496,Found,,,firefox 59.0,,desktop,rv:59.0
3529511,Found,,,edge 16.0,,desktop,Windows
3532441,New,,iOS 11.3.0,mobile safari 11.0,2208x1242,mobile,iOS Device
3529590,New,,,chrome 66.0 for android,,mobile,LG-X220 Build/LMY47I
3526826,New,,,chrome 66.0,,desktop,Windows
3529629,Found,,,chrome 66.0,,desktop,Windows
3529656,New,,,chrome 66.0 for android,,mobile,Moto G (4) Build/NPJ25.93-14.7
3529657,Found,,,chrome 66.0 for android,,mobile,Moto G (4) Build/NPJ25.93-14.7
3529639,Found,,,chrome 66.0,,desktop,Windows
3535494,New,,Mac OS X 10_10_5,safari 10.0,1920x1080,desktop,MacOS
3535502,Found,,Mac OS X 10_10_5,safari 10.0,1920x1080,desktop,MacOS
3529658,New,,,chrome 66.0,,desktop,Windows
3529747,New,,,chrome 52.0 for android,,mobile,CRO-L03 Build/HUAWEICRO-L03
3529734,Unknown,,,chrome 66.0 for android,,mobile,Moto G (5) Build/NPP25.137-93
3529716,Found,,,chrome 66.0,,desktop,Windows
3529761,New,,,chrome 66.0 for android,,mobile,Moto G (4) Build/NPJ25.93-14.7
3529730,Found,,,chrome 66.0,,desktop,Windows
3529797,Found,,,chrome 66.0 for android,,mobile,Moto G (4) Build/NPJ25.93-14.7
3529779,Found,,,chrome 66.0 for android,,mobile,Hisense F23 Build/NRD90M
3529812,Found,,,chrome 66.0 for ios,,mobile,
3529819,Found,,,chrome 66.0,,desktop,Windows
3529869,Unknown,,,mobile safari 11.0,,mobile,
3529879,Unknown,,,mobile safari 10.0,,mobile,
3529878,New,,,chrome 66.0 for android,,mobile,SM-A720F Build/NRD90M
3529872,New,,,samsung browser 6.4,,mobile,SAMSUNG
3529966,Unknown,,,mobile safari 11.0,,mobile,
3530030,Found,,,chrome 66.0 for android,,mobile,SM-G928G Build/NRD90M
3530045,Found,,,ie 11.0 for desktop,,desktop,Trident/7.0
3530041,Unknown,,,mobile safari 11.0,,mobile,
3530081,Unknown,,,mobile safari 11.0,,mobile,
3530116,Unknown,,,mobile safari 11.0,,mobile,
3530108,Unknown,,,mobile safari 11.0,,mobile,
3539034,Found,,Android,chrome 66.0,1280x720,mobile,
3530692,New,,,chrome 66.0 for android,,mobile,BLADE V8 SE Build/NRD90M
3545614,Found,,Mac OS X 10_11_6,safari 11.0,1280x800,desktop,MacOS
3530782,Found,,,chrome 66.0,,desktop,
3530795,New,,,chrome 66.0,,desktop,Windows
3530817,Found,,,chrome 66.0,,desktop,
3530896,,,,,,,
3530933,New,,,chrome 66.0,,desktop,Windows
3534110,New,,Android 7.0,chrome 66.0 for android,1920x1080,mobile,LG-TP450 Build/NRD90U
3531388,New,,,chrome 65.0 for android,,mobile,XT1032
3531485,Found,,,chrome 66.0 for android,,mobile,LG-M700 Build/NMF26X
3531488,Found,,,chrome 52.0 for android,,mobile,CRO-L03 Build/HUAWEICRO-L03
3531608,New,,,samsung browser 3.3,,mobile,SAMSUNG SM-G531H Build/LMY48B
3531570,New,,,chrome 66.0,,desktop,Windows
3531654,Found,,,chrome 52.0 for android,,mobile,CRO-L03 Build/HUAWEICRO-L03
3531646,Found,,,chrome 52.0 for android,,mobile,CRO-L03 Build/HUAWEICRO-L03
3531740,New,,,chrome 66.0,,desktop,Windows
3531761,Found,,,chrome 52.0 for android,,mobile,CRO-L03 Build/HUAWEICRO-L03
3534729,Found,,Windows 10,chrome 66.0,1920x1080,desktop,Windows
3534691,Found,,Windows 10,chrome 66.0,1920x1080,desktop,Windows
3531763,Found,,,chrome 52.0 for android,,mobile,CRO-L03 Build/HUAWEICRO-L03
3531764,Found,,,chrome 52.0 for android,,mobile,CRO-L03 Build/HUAWEICRO-L03
3531765,Found,,,chrome 52.0 for android,,mobile,CRO-L03 Build/HUAWEICRO-L03
3531846,New,,,chrome 66.0,,desktop,Windows
3531869,Found,,,chrome 66.0 for android,,mobile,Moto G (4) Build/NPJS25.93-14-10
3531851,New,,,chrome 46.0 for android,,mobile,8050G Build/LMY47I
3531953,New,,,chrome 66.0 for android,,mobile,TA-1028 Build/O00623
3532057,New,,,chrome 66.0 for android,,mobile,SM-J510MN Build/MMB29M
3532047,New,,,chrome 66.0 for android,,mobile,Blade V6 Plus Build/MRA58K
3532203,Found,,,chrome 52.0 for android,,mobile,CRO-L03 Build/HUAWEICRO-L03
3532136,Found,,,chrome 52.0 for android,,mobile,CRO-L03 Build/HUAWEICRO-L03
3532226,New,,,chrome 66.0 for android,,mobile,ALP-L09 Build/HUAWEIALP-L09S
3532281,New,,,chrome 65.0,,desktop,Windows
3532313,New,,,chrome 66.0 for android,,mobile,HUAWEI VNS-L23 Build/HUAWEIVNS-L23
3532388,Found,,,chrome 66.0,,desktop,
3532383,Unknown,,,mobile safari 11.0,,mobile,
3532503,New,,,chrome 66.0,,desktop,Windows
3532486,New,,,chrome 66.0,,desktop,Windows
3532512,Found,,,chrome 52.0 for android,,mobile,CRO-L03 Build/HUAWEICRO-L03
3532607,New,,,chrome 64.0 for android,,mobile,LG-D373
3532600,New,,,chrome 66.0,,desktop,Windows
3532610,New,,,android webview 4.0,,mobile,Android 7.0
3532618,New,,,chrome 66.0,,desktop,
3532623,Found,,,chrome 52.0 for android,,mobile,CRO-L03 Build/HUAWEICRO-L03
3532637,Found,,,chrome 52.0 for android,,mobile,CRO-L03 Build/HUAWEICRO-L03
3532644,New,,,ie 11.0 for desktop,,desktop,rv:11.0
3532672,Unknown,,,mobile safari 9.0,,mobile,
3532687,Found,,,chrome 52.0 for android,,mobile,CRO-L03 Build/HUAWEICRO-L03
3532738,New,,,chrome 66.0 for android,,mobile,Ilium L1120 Build/NRD90M
3532733,New,,,chrome 66.0,,desktop,
3532747,Found,,,chrome 52.0 for android,,mobile,CRO-L03 Build/HUAWEICRO-L03
3532744,Found,,,chrome 52.0 for android,,mobile,CRO-L03 Build/HUAWEICRO-L03
3532748,Found,,,chrome 52.0 for android,,mobile,CRO-L03 Build/HUAWEICRO-L03
3532794,Found,,,chrome 66.0,,desktop,Windows
3532798,Found,,,chrome 52.0 for android,,mobile,CRO-L03 Build/HUAWEICRO-L03
3532823,Found,,,chrome 52.0 for android,,mobile,CRO-L03 Build/HUAWEICRO-L03
3532834,Found,,,chrome 52.0 for android,,mobile,CRO-L03 Build/HUAWEICRO-L03
3538700,New,,iOS 10.3.3,mobile safari 10.0,2048x1536,mobile,iOS Device
3533013,New,,,chrome 66.0 for android,,mobile,M4 SS4456 Build/LMY47V
3538792,Found,,Android 7.0,samsung browser 6.4,1920x1080,mobile,SAMSUNG SM-G935T Build/NRD90M
3533108,New,,,chrome 66.0,,desktop,Windows
3533176,New,,,chrome 66.0 for android,,mobile,BLADE V8 SE Build/NRD90M
3533311,Found,,,chrome 66.0 for android,,mobile,BLL-L23 Build/HUAWEIBLL-L23
3536217,New,,iOS 11.3.0,mobile safari 11.0,1136x640,mobile,iOS Device
3536183,New,,iOS 11.2.1,mobile safari 11.0,2048x1536,mobile,iOS Device
3533372,Found,,,chrome 52.0 for android,,mobile,CRO-L03 Build/HUAWEICRO-L03
3533529,Found,,,chrome 66.0 for android,,mobile,SM-G950F Build/R16NW
3533539,Found,,,samsung browser 3.3,,mobile,SAMSUNG SM-G531H Build/LMY48B
3536506,New,,Mac OS X 10_12_6,chrome 65.0,2880x1800,desktop,MacOS
3533675,New,,,chrome 66.0,,desktop,Windows
3533755,Found,,,chrome 52.0 for android,,mobile,CRO-L03 Build/HUAWEICRO-L03
3533797,Found,,,chrome 66.0,,desktop,Windows
3533791,Unknown,,,mobile safari 11.0,,mobile,
3533877,New,,,chrome 55.0 for android,,mobile,LGMS550 Build/MXB48T
3533989,Unknown,,,mobile safari 11.0,,mobile,
3536944,New,,Mac OS X 10_12_5,chrome 64.0,1440x900,desktop,MacOS
3534094,Found,,,chrome 66.0 for android,,mobile,SM-G935F Build/NRD90M
3534382,New,,,samsung browser 6.4,,mobile,SAMSUNG SM-G925I Build/NRD90M
3534446,Unknown,,,mobile safari 11.0,,mobile,
3534461,New,,,chrome 66.0 for android,,mobile,E6553
3534453,Unknown,,,mobile safari 11.0,,mobile,
3534526,Found,,,chrome 66.0 for android,,mobile,LG-M250 Build/NRD90U
3534602,Found,,,chrome 66.0 for android,,mobile,Moto G (4) Build/NPJS25.93-14-10
3534730,New,,,chrome 63.0 for android,,mobile,TRT-L53 Build/HUAWEITRT-L53
3534722,New,,,chrome 66.0 for android,,mobile,HUAWEI TAG-L13 Build/HUAWEITAG-L13
3534805,New,,,chrome 62.0 for android,,mobile,Lenovo TB3-710I Build/LMY47I
3534787,New,,,chrome 64.0,,desktop,Windows
3534996,New,,,chrome 50.0 for android,,mobile,HUAWEI CUN-L03 Build/HUAWEICUN-L03
3535033,New,,,chrome 66.0 for android,,mobile,LG-X240 Build/MRA58K
3535110,New,,,chrome 66.0 for android,,mobile,Moto E (4) Build/NMA26.42-69
3535142,New,,,chrome 66.0 for android,,mobile,Redmi
3535133,New,,,android browser 4.0,,mobile,Android 4.4.2
3535160,New,,,chrome 66.0 for android,,mobile,SM-E700M
3535217,Unknown,,,mobile safari 11.0,,mobile,
3550051,Unknown,,,chrome 66.0 for android,,mobile,LG-M700 Build/NMF26X
3535271,Found,,,chrome 66.0,,desktop,
3535250,Unknown,,,mobile safari 11.0,,mobile,
3535292,Found,,,chrome 66.0 for android,,mobile,LG-K410 Build/LRX22G
3535236,New,,,chrome 66.0,,desktop,Windows
3535310,New,,,chrome 66.0 for android,,mobile,SM-G955F Build/NRD90M
3535293,Found,,,chrome 66.0,,desktop,Windows
3535294,New,,,edge 16.0,,desktop,Windows
3535277,Found,,,chrome 66.0,,desktop,Windows
3535279,Found,,,chrome 66.0,,desktop,Windows
3535273,Found,,,chrome 66.0,,desktop,Windows
3535325,Found,,,edge 16.0,,desktop,Windows
3535332,Found,,,edge 16.0,,desktop,Windows
3535335,Found,,,chrome 66.0 for android,,mobile,SM-G9600 Build/R16NW
3535373,New,,,chrome 64.0 for android,,mobile,HUAWEI TAG-L13 Build/HUAWEITAG-L13
3535420,New,,,chrome 66.0,,desktop,Windows
3535501,Unknown,,,chrome 66.0 for ios,,mobile,
3535505,Unknown,,,chrome 66.0 for ios,,mobile,
3535524,Unknown,,,chrome 66.0 for ios,,mobile,
3535560,Unknown,,,chrome 66.0 for ios,,mobile,
3535552,Unknown,,,chrome 66.0 for ios,,mobile,
3535538,Unknown,,,chrome 66.0 for ios,,mobile,
3535526,Unknown,,,chrome 66.0 for ios,,mobile,
3535547,Found,,,google search application 48.0,,mobile,
3535544,Unknown,,,chrome 66.0 for ios,,mobile,
3535569,Unknown,,,chrome 66.0 for ios,,mobile,
3535541,Found,,,chrome 66.0 for android,,mobile,LG-K580 Build/MRA58K
3535594,Unknown,,,chrome 66.0 for ios,,mobile,
3535559,Unknown,,,chrome 66.0 for ios,,mobile,
3535568,Unknown,,,mobile safari 11.0,,mobile,
3535620,Unknown,,,mobile safari 11.0,,mobile,
3535597,Unknown,,,mobile safari 11.0,,mobile,
3535588,Unknown,,,mobile safari 11.0,,mobile,
3535598,Unknown,,,mobile safari 11.0,,mobile,
3535592,Unknown,,,mobile safari 11.0,,mobile,
3535624,New,,,chrome 66.0,,desktop,Windows
3535633,Unknown,,,mobile safari 11.0,,mobile,
3535661,New,,,chrome 66.0 for android,,mobile,SM-G531H Build/LMY48B
3535703,New,,,chrome 66.0 for android,,mobile,SM-G9600 Build/R16NW
3535725,Found,,,chrome 52.0 for android,,mobile,CRO-L03 Build/HUAWEICRO-L03
3535718,Found,,,chrome 52.0 for android,,mobile,CRO-L03 Build/HUAWEICRO-L03
3535841,New,,,chrome 66.0 for android,,mobile,SM-N950F Build/NMF26X
3535922,New,,,chrome 66.0,,desktop,Windows
3535949,New,,,chrome 66.0 for android,,mobile,Moto G (5) Build/NPPS25.137-15-11
3535973,Found,,,chrome 66.0,,desktop,Windows
3535945,Found,,,chrome 66.0,,desktop,Windows
3536063,Found,,,samsung browser 6.4,,mobile,SAMSUNG SM-G928G Build/NRD90M
3536123,New,,,chrome 66.0,,desktop,Windows
3536160,New,,,chrome 66.0 for android,,mobile,Moto G (4) Build/NPJS25.93-14-13
3536177,New,,,chrome 66.0 for android,,mobile,SM-N950F Build/NMF26X
3536184,New,,,chrome 62.0 for android,,mobile,SM-G530H Build/KTU84P
3536239,New,,,chrome 63.0 for android,,mobile,SM-G610M Build/MMB29K
3536242,Found,,,chrome 65.0 for android,,mobile,SM-J701M Build/NRD90M
3536309,New,,,chrome 66.0,,desktop,Windows
3536384,Unknown,,,mobile safari 11.0,,mobile,
3545489,New,,iOS 9.3.5,mobile safari 9.0,1024x768,mobile,iOS Device
3536497,Found,,,ie 11.0 for desktop,,desktop,rv:11.0
3536544,New,,,chrome 55.0 for android,,mobile,SM-G532M Build/MMB29T
3536545,Found,,,chrome 66.0,,desktop,
3536580,New,,,chrome 66.0,,desktop,Windows
3536730,Found,,,firefox,,mobile,rv:59.0
3536767,Found,,,chrome 66.0,,desktop,Windows
3536717,New,,,chrome 50.0 for android,,mobile,Lenovo A2016b30 Build/MRA58K
3536825,New,,,chrome 66.0 for android,,mobile,Blade A465 Build/LMY47D
3536862,Found,,,chrome 66.0 for android,,mobile,Blade A465 Build/LMY47D
3536885,Found,,,chrome 66.0 for android,,mobile,Blade A465 Build/LMY47D
3536856,Found,,,chrome 66.0 for android,,mobile,Blade A465 Build/LMY47D
3536911,New,,,chrome 66.0 for android,,mobile,AX921 Build/MRA58K
3536854,Found,,,chrome 66.0 for android,,mobile,Blade A465 Build/LMY47D
3536886,Found,,,chrome 66.0 for android,,mobile,Blade A465 Build/LMY47D
3536901,New,,,chrome 66.0,,desktop,
3536933,New,,,chrome 66.0,,desktop,
3536972,Found,,,chrome 66.0 for android,,mobile,LG-X180g Build/LMY47I
3537129,New,,,chrome 66.0 for android,,mobile,SM-J730GM Build/NRD90M
3537184,Unknown,,,safari 11.0,,desktop,
3537215,New,,,chrome 66.0 for android,,mobile,SM-N950F Build/NMF26X
3537347,Found,,,chrome 54.0 for android,,mobile,LG-K500 Build/MMB29M
3537369,Unknown,,,mobile safari 11.0,,mobile,
3537388,,,,,,,
3537415,Found,,,chrome 65.0 for android,,mobile,SM-G531H Build/LMY48B
3537411,New,,,chrome 65.0 for android,,mobile,Moto C Build/NRD90M.057
3537431,New,,,chrome 66.0 for android,,mobile,CRO-L03 Build/HUAWEICRO-L03
3537414,New,,,chrome 60.0 for android,,mobile,LGLS770
3537539,Found,,,chrome 62.0 for android,,mobile,TRT-L53 Build/HUAWEITRT-L53
3537565,Found,,,ie 11.0 for desktop,,desktop,Trident/7.0
3537496,Found,,,ie 11.0 for desktop,,desktop,Trident/7.0
3543664,New,,Android 7.0,chrome 66.0 for android,2220x1081,mobile,SM-G955U Build/NRD90M
3552431,,,,,,,
3552439,Unknown,,,chrome 66.0 for android,,mobile,LG-M700 Build/NMF26X
3537664,Found,,,chrome 66.0,,desktop,
3537718,Found,,,chrome 66.0 for android,,mobile,SM-J700M Build/MMB29K
3537743,Found,,,chrome 53.0 for android,,mobile,BLADE L7 Build/MRA58K
3537876,Unknown,,,mobile safari 11.0,,mobile,
3537991,Unknown,,,mobile safari 11.0,,mobile,
3538007,Unknown,,,mobile safari 11.0,,mobile,
3537997,Found,,,chrome 52.0 for android,,mobile,CRO-L03 Build/HUAWEICRO-L03
3538025,Found,,,chrome 52.0 for android,,mobile,CRO-L03 Build/HUAWEICRO-L03
3538077,Unknown,,,mobile safari 10.0,,mobile,
3538101,New,,,chrome 66.0,,desktop,Windows
3538159,Found,,,chrome 52.0 for android,,mobile,CRO-L03 Build/HUAWEICRO-L03
3538154,New,IP_PROXY:TRANSPARENT,,ie 11.0 for desktop,,desktop,Trident/7.0
3538148,Found,,,chrome 64.0 for android,,mobile,LG-X230 Build/MRA58K
3538187,New,,,chrome 66.0,,desktop,Windows
3538182,Found,,,chrome 64.0 for android,,mobile,LG-X230 Build/MRA58K
3538188,Found,,,chrome 64.0 for android,,mobile,LG-X230 Build/MRA58K
3553084,New,,,chrome 66.0,,desktop,Windows
3538322,New,,,chrome 66.0 for android,,mobile,Moto G (5) Plus Build/NPN25.137-92
3538324,New,,,ie 11.0 for desktop,,desktop,Trident/7.0
3553135,Unknown,,,mobile safari 11.0,,mobile,
3538320,Found,,,chrome 66.0 for android,,mobile,Moto G (5) Build/NPP25.137-93
3538355,New,,,chrome 66.0,,desktop,
3538337,New,,,chrome 66.0 for android,,mobile,SM-A500M Build/KTU84P
3553192,New,,,firefox 60.0,,desktop,Windows
3538389,Found,,,chrome 66.0 for android,,mobile,SM-A500M Build/KTU84P
3538461,New,,,chrome 66.0,,desktop,Windows
3538457,Found,,,chrome 66.0,,desktop,Windows
3538503,New,,,chrome 66.0 for android,,mobile,F5121 Build/34.4.A.2.19
3538459,New,,,samsung browser 7.0,,mobile,SAMSUNG SM-G950F Build/R16NW
3538495,Found,,,chrome 66.0 for android,,mobile,F5121 Build/34.4.A.2.19
3538530,Unknown,,,mobile safari 11.0,,mobile,
3538540,Unknown,,,mobile safari 11.0,,mobile,
3538553,Found,,,chrome 66.0,,desktop,
3541478,New,,Android 8.0.0,samsung browser 7.0,2220x1081,mobile,SAMSUNG SM-G965F Build/R16NW
3538572,New,,,chrome 66.0 for android,,mobile,RNE-L03 Build/HUAWEIRNE-L03
3538765,Found,,,chrome 66.0,,desktop,Windows
3541718,New,,,safari 11.0,,desktop,
3538844,Found,,,chrome 66.0,,desktop,Windows
3539068,Found,,,chrome 66.0,,desktop,Windows
3539040,Found,,,chrome 58.0 for android,,mobile,6045I Build/LRX22G
3539238,Found,,,chrome 66.0 for android,,mobile,SM-E500M Build/KTU84P
3539256,New,,,chrome 66.0,,desktop,
3539278,Found,,,chrome 66.0,,desktop,
3539326,Found,,,chrome 63.0 for android,,mobile,SM-G532M Build/MMB29T
3539419,New,,,chrome 66.0 for android,,mobile,HTC Desire 650 Build/MMB29M
3542625,New,IP_PROXY:TRANSPARENT,Mac OS X 10_12_6,chrome 66.0,2880x1800,desktop,MacOS
3539582,Found,,,chrome 66.0 for android,,mobile,SM-G950U Build/R16NW
3539592,New,,,chrome 66.0,,desktop,Windows
3539733,Found,,,chrome 66.0,,desktop,Windows
3539888,New,,,firefox 47.0,,desktop,Linux x86_64
3539878,Found,IP_PROXY:ANONYMOUS,,chrome 66.0,,desktop,
3537082,Found,,Mac OS X 10_10_5,chrome 65.0,1280x800,desktop,MacOS
3540063,New,,,chrome 66.0 for android,,mobile,CAM-L03 Build/HUAWEICAM-L03
3540199,Found,,,chrome 66.0 for android,,mobile,SM-G9600 Build/R16NW
3540170,New,,,firefox 60.0,,desktop,
3540265,Found,,,samsung browser 7.0,,mobile,SAMSUNG SM-G950F Build/R16NW
3540400,New,,,chrome 66.0,,desktop,Windows
3540380,New,,,chrome 66.0,,desktop,Windows
3540393,Found,,,samsung browser 6.4,,mobile,SAMSUNG SM-G955F Build/NRD90M
3543650,Found,,Mac OS X 10_13_1,chrome 65.0,2880x1800,desktop,MacOS
3540586,Found,,,samsung browser 6.4,,mobile,SAMSUNG SM-G955F Build/NRD90M
3540609,New,,,firefox,,desktop,rv:38.0
3540748,New,,,chrome 66.0,,desktop,Windows
3549903,Unknown,,,mobile safari 11.0,,mobile,
3550014,Unknown,,,mobile safari 11.0,,mobile,
3540934,Found,,,chrome 58.0,,desktop,Windows
3540902,New,,,chrome 66.0 for android,,mobile,ALE-L23 Build/HuaweiALE-L23
3540969,Found,,,chrome 66.0,,desktop,Windows
3540978,Found,,,chrome 66.0,,desktop,Windows
3540997,Found,,,chrome 66.0,,desktop,Windows
3541046,Found,,,chrome 66.0 for android,,mobile,SM-J701M Build/NRD90M
3541112,Found,,,chrome 66.0,,desktop,Windows
3541117,New,,,chrome 66.0,,desktop,Windows
3541194,Found,,,chrome 66.0,,desktop,
3547343,Found,,,samsung browser 6.4,,mobile,SAMSUNG
3541207,New,,,android browser 4.0,,mobile,ZA509
3541276,Unknown,,,android browser 4.0,,mobile,LG-X180g Build/LMY47I
3541290,Unknown,,,mobile safari 11.0,,mobile,
3541317,New,,,chrome 66.0,,desktop,
3541286,Found,,,chrome 66.0,,desktop,
3541325,Found,,,chrome 66.0 for android,,mobile,Moto G (4) Build/NPJS25.93-14-13
3541312,Found,,,chrome 66.0 for android,,mobile,Moto G (4) Build/NPJS25.93-14-13
3541330,Found,,,chrome 66.0 for android,,mobile,Moto G (4) Build/NPJS25.93-14-13
3541329,Found,,,chrome 66.0 for android,,mobile,Moto G (4) Build/NPJS25.93-14-13
3541316,Found,,,chrome 66.0 for android,,mobile,Moto G (4) Build/NPJS25.93-14-13
3541324,Found,,,chrome 66.0 for android,,mobile,Moto G (4) Build/NPJS25.93-14-13
3541296,Found,,,chrome 66.0 for android,,mobile,Moto G (4) Build/NPJS25.93-14-13
3541353,New,,,chrome 66.0 for android,,mobile,MYA-L13 Build/HUAWEIMYA-L13
3541302,New,,,chrome 66.0 for android,,mobile,Moto G (4) Build/NPJ25.93-14.7
3541327,Found,,,chrome 66.0 for android,,mobile,Moto G (4) Build/NPJS25.93-14-13
3541341,Found,,,chrome 66.0 for android,,mobile,Moto G (4) Build/NPJS25.93-14-13
3541349,Found,,,chrome 66.0 for android,,mobile,Moto G (4) Build/NPJS25.93-14-13
3541363,Found,,,chrome 66.0 for android,,mobile,Moto G (4) Build/NPJS25.93-14-13
3541375,Found,,,chrome 66.0 for android,,mobile,Moto G (4) Build/NPJS25.93-14-13
3541389,Found,,,chrome 66.0 for android,,mobile,Moto G (4) Build/NPJS25.93-14-13
3541395,Found,,,chrome 66.0 for android,,mobile,Moto G (4) Build/NPJS25.93-14-13
3541399,Found,,,chrome 66.0 for android,,mobile,Moto G (4) Build/NPJS25.93-14-13
3541387,Found,,,chrome 66.0 for android,,mobile,Moto G (4) Build/NPJS25.93-14-13
3541396,Found,,,chrome 66.0 for android,,mobile,Moto G (4) Build/NPJS25.93-14-13
3541402,New,,,chrome 66.0 for android,,mobile,Moto Z2 Play Build/NPSS26.118-19-14
3541403,Found,,,chrome 66.0 for android,,mobile,Moto Z2 Play Build/NPSS26.118-19-14
3541425,Unknown,,,mobile safari 11.0,,mobile,
3541436,Found,,,chrome 66.0 for android,,mobile,Moto G (4) Build/NPJS25.93-14-13
3541433,Found,,,chrome 66.0 for android,,mobile,Moto G (4) Build/NPJS25.93-14-13
3541447,Found,,,chrome 66.0 for android,,mobile,Moto G (4) Build/NPJS25.93-14-13
3541437,Found,,,chrome 66.0 for android,,mobile,Moto G (4) Build/NPJS25.93-14-13
3541475,New,,,chrome,,mobile,LG-D320 Build/KOT49I.V10a
3541537,Found,,,chrome,,mobile,LG-D320 Build/KOT49I.V10a
3541546,Found,,,chrome,,mobile,LG-D320 Build/KOT49I.V10a
3541871,Unknown,,,mobile safari 11.0,,mobile,
3542080,New,,,chrome 66.0 for android,,mobile,ALE-L23 Build/HuaweiALE-L23
3542079,Unknown,,,mobile safari 11.0,,mobile,
3542167,Unknown,,,mobile safari 11.0,,mobile,
3542286,Found,,,chrome 66.0 for android,,mobile,5010G Build/MRA58K
3542288,Found,,,chrome 52.0 for android,,mobile,CRO-L03 Build/HUAWEICRO-L03
3542600,Found,,,chrome 66.0,,desktop,Windows
3542859,New,,,chrome 66.0 for ios,,mobile,
3542831,Found,,,chrome 66.0 for ios,,mobile,
3542909,Found,,,chrome 66.0 for ios,,mobile,
3542976,New,,,firefox 59.0,,desktop,Windows
3542932,Found,,,firefox 59.0,,desktop,Windows
3542988,New,,,chrome 66.0 for android,,mobile,SM-J320M Build/LMY47V
3542955,New,,,edge 16.0,,desktop,Windows
3546062,New,,iOS 11.0.2,mobile safari 11.0,1334x750,mobile,iOS Device
3543095,Unknown,,,safari 9.0,,desktop,
3543400,Found,,,chrome 66.0,,desktop,
3543473,Found,,,chrome 66.0 for android,,mobile,SM-J320M Build/LMY47V
3543433,Found,,,chrome 66.0 for android,,mobile,LG-M700 Build/NMF26X
3543553,New,,,chrome 66.0 for android,,mobile,Moto G (4) Build/NPJ25.93-14.7
3546516,New,,Mac OS X 10_13_4,safari 11.0,2880x1800,desktop,MacOS
3543684,Found,,,chrome 66.0 for android,,mobile,CAM-L03 Build/HUAWEICAM-L03
3543767,New,,,chrome 66.0 for android,,mobile,SM-T530 Build/LRX22G
3543838,New,,,chrome 66.0,,desktop,
3543916,Unknown,,,mobile safari 11.0,,mobile,
3543971,New,,,chrome 66.0 for android,,mobile,SM-G935F Build/NRD90M
3544045,New,,,chrome 54.0 for android,,mobile,AX820 Build/MRA58K
3543950,New,,Windows 7,chrome 66.0,1366x768,desktop,Windows
3543955,New,,,chrome 66.0 for android,,mobile,Moto G (5) Plus Build/NPN25.137-92
3544118,Unknown,,,mobile safari 11.0,,mobile,
3544107,Unknown,,,mobile safari 11.0,,mobile,
3544158,Unknown,,,chrome 66.0 for ios,,mobile,
3544198,Found,,,chrome 66.0,,desktop,Windows
3544196,New,,,chrome 66.0,,desktop,Windows
3544275,New,,,chrome 66.0 for android,,mobile,SM-J250M Build/NMF26X
3544301,New,,,chrome 66.0,,desktop,Windows
3544243,Found,,,chrome 66.0 for android,,mobile,CAM-L03 Build/HUAWEICAM-L03
3544294,Unknown,,,chrome 66.0 for ios,,mobile,
3544361,New,,,opera,,desktop,
3544360,Found,,,chrome 66.0,,desktop,Windows
3544418,New,,,chrome 66.0 for android,,mobile,SM-J701M Build/NRD90M
3544381,Found,,,opera,,desktop,
3544444,Found,,,opera,,desktop,
3544372,Found,,,opera,,desktop,
3544440,New,,,chrome 66.0 for android,,mobile,HUAWEI
3544484,New,,,chrome 66.0,,desktop,Windows
3544475,New,,,chrome 66.0 for android,,mobile,HUAWEI VNS-L23 Build/HUAWEIVNS-L23
3544489,New,,,chrome 66.0,,desktop,Windows
3544498,Found,,,opera,,desktop,
3544528,New,,,chrome 66.0,,desktop,
3544499,Found,,,chrome 66.0,,desktop,Windows
3544558,New,,,chrome 55.0 for android,,mobile,SM-G532M Build/MMB29T
3544540,New,,,chrome 66.0,,desktop,Windows
3544551,Unknown,,,mobile safari 11.0,,mobile,
3544584,Found,,,chrome 66.0,,desktop,Windows
3544647,Found,,,chrome 52.0 for android,,mobile,CRO-L03 Build/HUAWEICRO-L03
3544645,New,,,chrome 55.0 for android,,mobile,BLADE A520 Build/NRD90M
3544627,New,,,chrome 64.0 for android,,mobile,Moto C Build/NRD90M.063
3558994,New,,,chrome 66.0,,desktop,Windows
3544670,Found,,,chrome 66.0,,desktop,
3544731,Found,,,chrome 52.0 for android,,mobile,CRO-L03 Build/HUAWEICRO-L03
3544737,Found,,,chrome 52.0 for android,,mobile,CRO-L03 Build/HUAWEICRO-L03
3544756,Found,,,chrome 52.0 for android,,mobile,CRO-L03 Build/HUAWEICRO-L03
3544759,Found,,,chrome 52.0 for android,,mobile,CRO-L03 Build/HUAWEICRO-L03
3544779,Found,,,chrome 55.0 for android,,mobile,LG-H500 Build/LRX21Y
3544939,New,,,chrome 66.0 for android,,mobile,HTC Desire 650 Build/MMB29M
3544958,New,,,chrome 66.0,,desktop,Windows
3544972,Found,,,chrome 66.0 for android,,mobile,HTC Desire 650 Build/MMB29M
3544980,Found,,,chrome 66.0 for android,,mobile,HTC Desire 650 Build/MMB29M
3544988,New,,,chrome 66.0 for android,,mobile,LG-K410 Build/LRX22G
3545071,Found,,,chrome 66.0 for android,,mobile,HTC Desire 650 Build/MMB29M
3545077,New,,,chrome 66.0,,desktop,Windows
3545147,Found,,,chrome 66.0 for android,,mobile,SM-J700M Build/MMB29K
3545132,New,,,chrome 66.0 for android,,mobile,Moto G Play Build/MPIS24.241-15.3-7
3545168,New,,,chrome 66.0,,desktop,Windows
3545129,Found,,,chrome 66.0,,desktop,Windows
3545207,New,,,ie 11.0 for desktop,,desktop,Trident/7.0
3545224,New,,,chrome 59.0 for android,,mobile,SLA-L03 Build/HUAWEISLA-L03
3545223,New,,Android,chrome 66.0,1280x720,mobile,
3545271,Unknown,,,chrome 66.0 for ios,,mobile,
3545283,Unknown,,,chrome 66.0 for ios,,mobile,
3545290,Unknown,,,chrome 66.0 for ios,,mobile,
3545398,Found,,,chrome 66.0,,desktop,Windows
3545355,Found,,,chrome 49.0,,desktop,
3545367,Found,,,chrome 66.0,,desktop,Windows
3545514,Unknown,,,mobile safari 11.0,,mobile,
3545523,Found,,Android 8.0.0,samsung browser 7.0,2220x1081,mobile,SAMSUNG SM-G965U Build/R16NW
3545631,Found,,,chrome 66.0,,desktop,Windows
3554344,Unknown,,,mobile,,mobile,
3545705,Found,,,chrome 66.0,,desktop,Windows
3545811,Unknown,,,mobile safari 11.0,,mobile,
3548781,New,,iOS 11.3.0,mobile safari 11.0,1136x640,mobile,iOS Device
3545988,New,,,chrome 66.0 for android,,mobile,SM-G925I Build/NRD90M
3551713,Found,,Windows 7,chrome 66.0,1920x1080,desktop,Windows
3546005,New,,,chrome 66.0 for android,,mobile,SM-N950F Build/R16NW
3546002,New,,,chrome 66.0,,desktop,Windows
3546060,Found,,,chrome 66.0,,desktop,Windows
3546122,New,,,chrome 66.0 for android,,mobile,Moto Z2 Play Build/NPSS26.118-19-14
3546072,New,,,chrome 65.0 for android,,mobile,SM-G531H Build/LMY48B
3560218,New,,,chrome 65.0 for android,,mobile,HUAWEI Y520-U03 Build/HUAWEIY520-U03
3546099,New,,,chrome 66.0 for android,,mobile,LG-X220 Build/LMY47I
3546196,New,,,chrome 66.0,,desktop,
3546182,Found,,,chrome 66.0 for android,,mobile,MotoG3 Build/MPIS24.65-33.1-2-16
3546231,Unknown,,,mobile safari 11.0,,mobile,
3546294,Found,,,chrome 52.0 for android,,mobile,CRO-L03 Build/HUAWEICRO-L03
3546298,Found,,,chrome 66.0,,desktop,Windows
3546304,Found,,,chrome 52.0 for android,,mobile,CRO-L03 Build/HUAWEICRO-L03
3546305,Found,,,chrome 52.0 for android,,mobile,CRO-L03 Build/HUAWEICRO-L03
3546373,New,,,chrome 55.0 for android,,mobile,BLADE V8 SE Build/NRD90M
3546308,Found,,,chrome 52.0 for android,,mobile,CRO-L03 Build/HUAWEICRO-L03
3546544,New,,,chrome 66.0,,desktop,
3546557,New,,,chrome 66.0 for android,,mobile,HUAWEI TAG-L13 Build/HUAWEITAG-L13
3546510,Found,,,chrome 66.0 for android,,mobile,HUAWEI TAG-L13 Build/HUAWEITAG-L13
3546489,Found,,,chrome 66.0 for android,,mobile,HUAWEI TAG-L13 Build/HUAWEITAG-L13
3546564,Found,,,chrome 66.0 for android,,mobile,HUAWEI TAG-L13 Build/HUAWEITAG-L13
3560751,New,,,chrome 66.0,,desktop,
3546793,New,,,chrome 66.0,,desktop,
3546746,New,,,chrome 66.0,,desktop,
3546763,Found,,,chrome 66.0,,desktop,
3546758,Found,,,chrome 66.0,,desktop,
3546951,New,,,chrome 66.0 for android,,mobile,Moto G (5) Plus Build/NPN25.137-92
3546952,New,,,firefox 60.0,,desktop,rv:60.0
3547025,Found,,,firefox 60.0,,desktop,rv:60.0
3546997,Found,,,firefox 60.0,,desktop,rv:60.0
3561270,New,,,chrome 66.0 for android,,mobile,CAM-L03 Build/HUAWEICAM-L03
3547141,Found,,,chrome 66.0,,desktop,Windows
3547076,New,,,chrome 66.0 for android,,mobile,Lenovo YT3-850F Build/MMB29M
3547119,Found,,,chrome 66.0,,desktop,
3547131,New,,,chrome 65.0,,desktop,
3547154,Unknown,,,mobile safari 11.0,,mobile,
3547195,New,,,chrome 66.0 for android,,mobile,BLADE V8 SE Build/NRD90M
3547284,New,,,chrome 65.0 for android,,mobile,SM-J700M Build/LMY48B
3547254,New,,,chrome 66.0,,desktop,Windows
3547352,New,,,chrome 66.0 for android,,mobile,Moto E (4) Plus Build/NMA26.42-142
3547396,New,,,chrome 66.0,,desktop,Windows
3547429,New,,,chrome 43.0 for android,,mobile,MOT-A6020l37 Build/LMY47V
3547430,Unknown,,,mobile safari 11.0,,mobile,
3547435,New,,,chrome 66.0,,desktop,Windows
3547485,New,,,firefox 59.0,,desktop,
3547500,Unknown,,,safari 11.0,,desktop,
3547488,New,,,chrome 66.0 for android,,mobile,Hisense F23 Build/NRD90M
3547504,New,,,chrome 66.0 for android,,mobile,Mi A1 Build/OPR1.170623.026
3561593,Found,,,chrome 65.0 for android,,mobile,8050G Build/LMY47I
3547528,Found,,,firefox 59.0,,desktop,
3547526,New,,,chrome 66.0,,desktop,Windows
3547525,Found,,,firefox 59.0,,desktop,
3547524,Found,,,firefox 59.0,,desktop,
3547529,Found,,,firefox 59.0,,desktop,
3547523,New,,,chrome 63.0 for android,,mobile,Ilium LT510 Build/MRA58K
3547560,New,,,chrome 66.0,,desktop,Windows
3547564,New,,,chrome 66.0,,desktop,Windows
3547572,Found,,,chrome 66.0,,desktop,Windows
3556269,New,,,chrome 66.0 for android,,mobile,SM-J320FN Build/LMY47V
3547602,New,,,chrome 66.0,,desktop,Windows
3547635,Unknown,,,mobile safari 11.0,,mobile,
3547777,Found,,,chrome 66.0 for android,,mobile,LG-M700 Build/NMF26X
3547797,Found,,,chrome 66.0,,desktop,
3547832,New,,,chrome 65.0 for android,,mobile,SM-G532M Build/MMB29T
3547931,Found,,,chrome 66.0,,desktop,
3547954,New,,,chrome 66.0 for android,,mobile,LG-X180g Build/LMY47I
3553731,,,,,,,
3547951,Found,,,chrome 66.0 for android,,mobile,LG-X180g Build/LMY47I
3548017,New,,,chrome 66.0 for android,,mobile,SM-G935F Build/NRD90M
3562049,New,,,chrome 66.0 for android,,mobile,SM-J730GM Build/NRD90M
3548159,Found,,,chrome 52.0 for android,,mobile,CRO-L03 Build/HUAWEICRO-L03
3548210,New,,,chrome 66.0,,desktop,Windows
3548274,Found,,,chrome 66.0,,desktop,Windows
3551176,Unknown,,,chrome 66.0 for android,,mobile,SM-G950U Build/R16NW
3548348,New,,,chrome 66.0,,desktop,Windows
3548478,Unknown,,,mobile safari 11.0,,mobile,
3548508,New,,,ie 11.0 for desktop,,desktop,Trident/7.0
3548711,New,,,chrome 66.0,,desktop,Windows
3548662,New,,,chrome 66.0 for android,,mobile,SM-G9600 Build/R16NW
3548726,New,,,chrome 66.0,,desktop,
3548769,Unknown,,,safari 11.0,,desktop,
3557399,Found,,,chrome 66.0,,desktop,Windows
3548923,New,,,chrome 66.0,,desktop,Windows
3549060,Unknown,,,mobile safari 11.0,,mobile,
3549028,Found,,,chrome 66.0 for android,,mobile,5011A Build/NRD90M
3549071,Found,,,chrome 66.0 for android,,mobile,Moto G (4) Build/NPJS25.93-14-15
3549131,Found,,,chrome 66.0 for android,,mobile,SM-G570M Build/MMB29K
3549114,New,,,chrome 52.0 for android,,mobile,STUDIO_G_HD
3549252,,,,,,,
3549377,Found,,,chrome 58.0,,desktop,
3549510,Found,,,chrome 66.0,,desktop,
3549484,Found,,,chrome 66.0,,desktop,
3549548,Found,,,chrome 66.0,,desktop,
3549519,New,,,chrome 58.0 for android,,mobile,BLADE V8Q Build/N2G47H
3549514,Found,,,chrome 66.0 for android,,mobile,Moto G (4) Build/NPJS25.93-14-10
3549542,New,,,firefox 59.0,,desktop,
3549639,New,,,chrome 66.0,,desktop,Windows
3549707,New,,,samsung browser 6.4,,mobile,SAMSUNG SM-G950F Build/R16NW
3549736,New,,,chrome 66.0 for android,,mobile,SM-G935F Build/NRD90M
3549784,Found,,,chrome 66.0 for android,,mobile,Moto G (5) Build/NPP25.137-93
3549776,New,,,chrome 55.0 for android,,mobile,SM-G532M Build/MMB29T
3549815,Unknown,,,mobile safari 11.0,,mobile,
3558449,Found,,,chrome 66.0,,desktop,Windows
3550023,New,,,chrome 66.0,,desktop,Windows
3549990,New,,,chrome 66.0,,desktop,
3549974,Found,,,chrome 66.0,,desktop,
3550022,Unknown,,,mobile safari 11.0,,mobile,
3550042,Found,,,chrome 66.0,,desktop,
3549985,Found,,,chrome 66.0,,desktop,
3550100,Found,,,chrome 65.0 for android,,mobile,ALE-L23 Build/HuaweiALE-L23
3550064,Found,,,chrome 66.0,,desktop,Windows
3550037,Found,,,chrome 66.0,,desktop,Windows
3550045,Found,,,chrome 66.0,,desktop,
3550076,Found,,,chrome 66.0,,desktop,Windows
3550063,Found,,,chrome 66.0 for android,,mobile,SM-A500M Build/KTU84P
3550101,Found,,,chrome 66.0 for android,,mobile,SM-A500M Build/KTU84P
3550123,New,,,chrome 66.0 for android,,mobile,TA-1025 Build/OPR1.170623.026
3550110,Found,,,chrome 66.0 for android,,mobile,SM-A500M Build/KTU84P
3550214,Found,,,chrome 66.0 for android,,mobile,SM-A500M Build/KTU84P
3550194,Found,,,chrome 66.0 for android,,mobile,SM-A500M Build/KTU84P
3550287,New,,,chrome 66.0 for android,,mobile,SM-G950F Build/NRD90M
3550334,Unknown,,,chrome 66.0,,desktop,Windows
3550345,New,,,ie 11.0 for desktop,,desktop,Trident/7.0
3550358,Found,,,ie 11.0 for desktop,,desktop,Trident/7.0
3550368,New,,,chrome 66.0 for android,,mobile,SM-J105B Build/LMY47V
3550406,New,,,chrome 66.0 for android,,mobile,SM-J700M Build/LMY48B
3550459,New,,,ie 11.0 for desktop,,desktop,Trident/7.0
3550481,New,,,chrome 64.0 for android,,mobile,TA-1044 Build/OPR1.170623.026
3550493,Unknown,,,mobile safari 11.0,,mobile,
3550497,New,,,chrome 66.0 for android,,mobile,Hisense F8 MINI Build/NRD90M
3550551,New,,,chrome 59.0 for android,,mobile,gxq6580_weg_l Build/LMY47I
3550761,New,,,chrome 66.0 for android,,mobile,Moto G (5) Plus Build/NPN25.137-92
3553794,New,,iOS 11.3.0,mobile safari 11.0,2208x1242,mobile,iOS Device
3553830,Found,,iOS 11.3.0,mobile safari 11.0,2208x1242,mobile,iOS Device
3553793,Found,,iOS 11.3.0,mobile safari 11.0,2208x1242,mobile,iOS Device
3553823,Found,,iOS 11.3.0,mobile safari 11.0,2208x1242,mobile,iOS Device
3550940,Found,,,chrome 66.0,,desktop,Windows
3550944,New,,,firefox 59.0,,desktop,Windows
3550987,Found,,,chrome 66.0,,desktop,Windows
3550962,Found,,,chrome 66.0,,desktop,Windows
3553930,New,,iOS 11.3.0,mobile safari 11.0,2208x1242,mobile,iOS Device
3551214,Unknown,,,mobile safari 11.0,,mobile,
3551215,New,,,chrome 66.0,,desktop,Windows
3551233,Found,,,chrome 66.0,,desktop,
3551412,New,,,chrome 66.0 for android,,mobile,Moto X Play Build/NPD26.48-24-1
3551388,,,,,,,
3551467,New,,,chrome 66.0 for android,,mobile,X78
3551487,Found,,,chrome 66.0 for android,,mobile,SM-A500M Build/KTU84P
3551486,Found,,,chrome 66.0 for android,,mobile,SM-A500M Build/KTU84P
3552066,New,,,chrome 66.0,,desktop,Windows
3552060,Unknown,,,mobile safari 11.0,,mobile,
3552048,Unknown,,,mobile safari 11.0,,mobile,
3552121,Unknown,,,mobile safari 11.0,,mobile,
3552081,Unknown,,,mobile safari 11.0,,mobile,
3552172,Found,,,chrome 66.0,,desktop,Windows
3552183,New,,,chrome 66.0,,desktop,
3552326,Found,,,chrome 66.0,,desktop,Windows
3552335,Found,,,chrome 66.0,,desktop,Windows
3552433,New,,,chrome 66.0,,desktop,Windows
3552469,New,,,chrome 66.0 for ios,,mobile,
3552443,Unknown,,,mobile safari 11.0,,mobile,
3552585,New,,,chrome 55.0 for android,,mobile,SM-G532M Build/MMB29T
3552589,New,,,chrome 66.0,,desktop,Windows
3552715,New,,,chrome 66.0,,desktop,Windows
3552822,New,,,chrome 66.0 for android,,mobile,Moto Z2 Play Build/NPSS26.118-19-14
3553223,New,,,chrome 66.0 for android,,mobile,SM-G900M Build/LRX21T
3553265,New,,,chrome 66.0 for android,,mobile,SM-J701M Build/NRD90M
3553214,Found,,,chrome 66.0 for android,,mobile,SM-G900M Build/LRX21T
3553219,Found,,,chrome 66.0 for android,,mobile,SM-G900M Build/LRX21T
3553269,Found,,,chrome 66.0 for android,,mobile,SM-G900M Build/LRX21T
3553275,Found,,,chrome 66.0,,desktop,
3553281,Found,,,chrome 66.0 for android,,mobile,SM-G900M Build/LRX21T
3553252,Found,,,chrome 66.0 for android,,mobile,SM-G900M Build/LRX21T
3553300,New,,,chrome 66.0,,desktop,
3553276,Found,,,chrome 66.0 for android,,mobile,SM-G900M Build/LRX21T
3553357,Unknown,,,mobile safari 11.0,,mobile,
3553384,Unknown,,,mobile safari 11.0,,mobile,
3553402,New,,,chrome 66.0,,desktop,Windows
3553406,Unknown,,,mobile safari 11.0,,mobile,
3559019,New,,,chrome 66.0 for android,,mobile,SM-N950U Build/R16NW
3553435,Unknown,,,mobile safari 11.0,,mobile,
3553456,New,,,chrome 66.0,,desktop,Windows
3553462,Found,,,chrome 66.0 for android,,mobile,Moto G (5) Plus Build/NPN25.137-92
3553659,New,,,chrome 66.0 for android,,mobile,PRA-LX3 Build/HUAWEIPRA-LX3
3553765,New,,,chrome 64.0 for android,,mobile,SM-G532M Build/MMB29T
3553745,Unknown,,,mobile safari 11.0,,mobile,
3553903,Unknown,,,mobile safari 11.0,,mobile,
3568532,New,,iOS 11.2.6,mobile safari 11.0,2732x2048,mobile,iOS Device
3553986,New,,,chrome 64.0 for android,,mobile,LG-H542 Build/LRX22G
3568649,New,,,chrome 66.0,,desktop,Windows
3554137,Found,,,chrome 66.0 for android,,mobile,Moto E (4) Build/NMA26.42-19
3554077,Found,,,chrome 66.0,,desktop,
3554076,Unknown,,,mobile safari 11.0,,mobile,
3554194,Unknown,,,chrome 66.0 for ios,,mobile,
3554217,Found,,,chrome 66.0 for android,,mobile,SM-T530 Build/LRX22G
3554222,New,,,safari 11.0,,desktop,
3554201,Unknown,,,mobile safari 11.0,,mobile,
3554300,New,,,chrome 65.0,,desktop,Windows
3554224,Found,,,chrome 65.0,,desktop,Windows
3554289,New,,,chrome 66.0 for android,,mobile,HTC One A9s Build/MRA58K
3554276,New,,,android webview 4.0,,mobile,7_Plus
3554328,Found,,,chrome 66.0 for android,,mobile,HTC One A9s Build/MRA58K
3554260,Found,,,chrome 66.0 for android,,mobile,HTC One A9s Build/MRA58K
3554334,Found,,,chrome 66.0 for android,,mobile,HTC One A9s Build/MRA58K
3554288,New,,,chrome 66.0,,desktop,
3554335,Unknown,,,safari 11.0,,desktop,
3554314,Found,,,chrome 66.0 for android,,mobile,HTC One A9s Build/MRA58K
3554389,Unknown,,,safari 11.0,,desktop,
3554297,Found,,,chrome 66.0 for android,,mobile,HTC One A9s Build/MRA58K
3554342,Found,,,samsung browser 6.4,,mobile,SAMSUNG SM-G955F Build/NRD90M
3554368,Found,,,chrome 66.0 for android,,mobile,HTC One A9s Build/MRA58K
3554511,New,,,chrome 66.0 for android,,mobile,Moto G (5) Build/NPP25.137-33
3554480,Found,,,chrome 66.0 for android,,mobile,Moto G (5) Build/NPP25.137-33
3554499,Found,,,chrome 66.0 for android,,mobile,Moto G (5) Build/NPP25.137-33
3554515,Found,,,chrome 66.0 for android,,mobile,Moto G (5) Build/NPP25.137-33
3554519,Found,,,chrome 66.0 for android,,mobile,Moto G (5) Build/NPP25.137-33
3554566,Found,,,chrome 66.0 for android,,mobile,Moto G (5) Build/NPP25.137-33
3554577,New,,,chrome 66.0 for android,,mobile,SM-A300H Build/LRX22G
3554589,New,,,chrome 66.0,,desktop,Windows
3554666,Found,,,chrome 51.0 for android,,mobile,LG-X180g Build/LMY47I
3554683,New,,,chrome 66.0 for android,,mobile,SM-J700M Build/MMB29K
3554764,Unknown,,,mobile safari 11.0,,mobile,
3569296,New,,,samsung browser 4.0,,mobile,SAMSUNG
3554868,Found,,,chrome 66.0,,desktop,
3555175,Found,,,chrome 66.0 for android,,mobile,Moto G (5) Plus Build/NPN25.137-92
3555124,Found,,,chrome 66.0 for android,,mobile,Moto G (5) Plus Build/NPN25.137-92
3555291,Unknown,,,mobile safari 11.0,,mobile,
3558004,New,,Windows 10,chrome 66.0,1920x1080,desktop,Windows
3555329,New,,,chrome 66.0 for android,,mobile,Moto G (5) Build/NPPS25.137-15-11
3555638,New,,,chrome 66.0,,desktop,Windows
3555804,New,,,chrome 63.0 for android,,mobile,ONE
3555768,Unknown,,,mobile safari 11.0,,mobile,
3555810,Found,,,chrome 52.0 for android,,mobile,CRO-L03 Build/HUAWEICRO-L03
3556023,Found,,,chrome 66.0 for android,,mobile,LG-K410 Build/LRX22G
3570412,Found,,,chrome 66.0 for android,,mobile,CAM-L03 Build/HUAWEICAM-L03
3556024,Found,,,chrome 65.0 for android,,mobile,SM-J701M Build/NRD90M
3556062,Found,,,chrome 66.0,,desktop,Windows
3556102,New,,,chrome 66.0 for android,,mobile,ALE-L23 Build/HuaweiALE-L23
3556216,Unknown,,,mobile safari 11.0,,mobile,
3565172,Unknown,,,safari 10.0,,desktop,
3556311,New,,,chrome 65.0 for android,,mobile,PRA-LX3 Build/HUAWEIPRA-LX3
3556353,New,,,chrome 66.0 for android,,mobile,SM-G610M Build/MMB29K
3556531,New,,,chrome 66.0 for android,,mobile,Moto E (4) Plus Build/NMA26.42-142
3556570,Found,,,chrome 66.0 for android,,mobile,SM-G955F Build/R16NW
3556719,New,,,chrome 66.0,,desktop,Windows
3556839,New,,,chrome 66.0 for android,,mobile,F3213 Build/36.1.A.1.86
3556797,Unknown,,,chrome 66.0 for ios,,mobile,
3556955,Found,,,chrome 66.0 for android,,mobile,Moto G (5) Build/NPP25.137-93
3556997,New,,,chrome 66.0 for android,,mobile,SM-G950F Build/NRD90M
3557081,New,,,chrome 66.0 for android,,mobile,Moto E (4) Build/NMA26.42-19
3557118,Unknown,,,mobile safari 11.0,,mobile,
3557159,Unknown,,,mobile safari 11.0,,mobile,
3557241,Found,,,chrome 66.0 for ios,,mobile,
3557371,Unknown,,,mobile safari 11.0,,mobile,
3557376,New,,,chrome 60.0 for android,,mobile,SM-G355M Build/KOT49H
3557461,New,,,chrome 66.0,,desktop,Windows
3557774,New,,,chrome 66.0,,desktop,Windows
3557751,Found,,,chrome 66.0,,desktop,Windows
3557800,New,,,chrome 66.0,,desktop,
3557841,Unknown,,,mobile safari 11.0,,mobile,
3557851,New,,,chrome 66.0,,desktop,Windows
3557879,Unknown,IP_PROXY:ANONYMOUS,,mobile safari 11.0,,mobile,
3557937,New,,,chrome 66.0,,desktop,Windows
3557980,Found,,,chrome 66.0 for android,,mobile,LG-X180g Build/LMY47I
3557964,Found,,,chrome 65.0 for android,,mobile,SM-J710MN Build/MMB29K
3557987,New,,,chrome 66.0,,desktop,
3557979,Found,,,chrome 66.0,,desktop,
3558054,Found,,,chrome 66.0,,desktop,
3557993,Found,,,chrome 65.0 for android,,mobile,SM-G930F Build/NRD90M
3558311,New,,,google search application 49.0,,mobile,
3558264,Found,,,chrome 66.0 for android,,mobile,SM-J320M Build/LMY47V
3558265,Found,,,chrome 66.0 for android,,mobile,SM-J320M Build/LMY47V
3558293,New,,,chrome 66.0 for android,,mobile,LG-M700 Build/NMF26X
3558507,New,,,chrome 66.0 for android,,mobile,SM-G950F Build/NRD90M
3558623,New,,,chrome 66.0 for android,,mobile,Blade V580 Build/LMY47D
3558624,New,,,chrome 66.0 for android,,mobile,SM-G935V Build/NRD90M
3558582,Found,,,chrome 66.0 for android,,mobile,SM-G935V Build/NRD90M
3558599,Found,,,chrome 66.0,,desktop,Windows
3558680,Found,,,chrome 66.0 for android,,mobile,SM-G935V Build/NRD90M
3558721,New,,,chrome 66.0 for android,,mobile,Moto E (4) Build/NMA26.42-69
3558846,New,,,chrome 66.0 for android,,mobile,G3123
3558858,New,,,chrome 66.0 for android,,mobile,SM-A730F Build/NMF26X
3558888,New,,,chrome 65.0 for android,,mobile,5010G Build/MRA58K
3558882,New,,,ie 11.0 for desktop,,desktop,Trident/7.0
3558878,Found,,,ie 11.0 for desktop,,desktop,Trident/7.0
3558894,New,,,chrome 66.0 for android,,mobile,SM-J700M Build/MMB29K
3558892,New,,,chrome 66.0 for android,,mobile,SM-G610M Build/MMB29K
3558907,Found,,,chrome 66.0,,desktop,Windows
3558935,Found,,,chrome 66.0 for android,,mobile,SM-J320M Build/LMY47V
3558934,Found,,,chrome 66.0 for android,,mobile,SM-J320M Build/LMY47V
3558906,Found,,,ie 11.0 for desktop,,desktop,Trident/7.0
3558918,Found,,,chrome 66.0 for android,,mobile,SM-J320M Build/LMY47V
3558947,Found,,,chrome 66.0 for android,,mobile,SM-J320M Build/LMY47V
3558983,New,,,chrome 65.0 for android,,mobile,SM-G532M Build/MMB29T
3558992,New,,,chrome 66.0,,desktop,
3559003,Found,,,chrome 66.0,,desktop,
3559046,New,,,chrome 66.0,,desktop,
3559285,New,,,chrome 55.0 for android,,mobile,5015A Build/LMY47I
3559535,New,,,chrome 66.0,,desktop,Windows
3559607,New,,,chrome 66.0 for android,,mobile,Moto E (4) Build/NMA26.42-19
3559585,Found,,,firefox,,desktop,rv:38.0
3559589,Found,,,firefox,,desktop,rv:38.0
3559707,Unknown,,,mobile safari 11.0,,mobile,
3559714,Unknown,,,mobile safari 11.0,,mobile,
3559744,Found,,,chrome 66.0,,desktop,Windows
3559776,Found,,,chrome 66.0,,desktop,Windows
3568791,New,,,chrome 61.0 for android,,mobile,HUAWEI
3559938,New,,,samsung browser 6.4,,mobile,SAMSUNG SM-J700M Build/MMB29K
3560017,Found,,,chrome 66.0,,desktop,
3560061,Found,,,chrome 66.0 for android,,mobile,LG-K410 Build/LRX22G
3569366,Found,,,chrome 66.0,,desktop,Windows
3560477,Unknown,,,mobile safari 9.0,,mobile,
3560575,Unknown,,,mobile safari 9.0,,mobile,
3560631,New,,,chrome 66.0 for android,,mobile,SM-J700M Build/LMY48B
3560762,New,,,chrome 66.0,,desktop,Windows
3560718,New,,,chrome 55.0 for android,,mobile,Ilium X510 Build/MRA58K
3560841,New,,,chrome 66.0,,desktop,Windows
3560843,New,,,chrome 65.0 for android,,mobile,GT-N8010
3560834,Found,,,chrome 65.0 for android,,mobile,SM-G532M Build/MMB29T
3560855,Found,,,chrome 66.0 for android,,mobile,HTC Desire 650 Build/MMB29M
3560822,Found,,,chrome 66.0 for android,,mobile,SM-J530GM Build/NRD90M
3560894,Found,,,chrome 66.0 for android,,mobile,HTC Desire 650 Build/MMB29M
3560978,Found,,,ie 11.0 for desktop,,desktop,Trident/7.0
3560918,Found,,,samsung browser 6.4,,mobile,SAMSUNG SM-J700M Build/MMB29K
3560993,Found,,,chrome 66.0,,desktop,Windows
3561126,New,,,chrome 66.0 for android,,mobile,Moto G (4) Build/NPJ25.93-14.7
3561200,New,,,chrome 66.0,,desktop,Windows
3575547,New,,iOS 11.2.6,mobile safari 11.0,2732x2048,mobile,iOS Device
3561395,New,,,chrome 66.0,,desktop,Windows
3561433,New,,,chrome 66.0,,desktop,Windows
3561510,New,,,chrome 66.0 for android,,mobile,LGMS550 Build/NRD90U
3561493,New,,,chrome 66.0 for android,,mobile,SM-G610M Build/NRD90M
3561532,Unknown,,,safari 9.0,,desktop,
3561561,New,,,chrome 66.0,,desktop,Windows
3561556,Found,,,chrome 66.0 for android,,mobile,LGMS550 Build/NRD90U
3561599,New,,,chrome 66.0,,desktop,Windows
3561579,New,,,chrome 66.0,,desktop,Windows
3561570,Found,,,chrome 66.0,,desktop,Windows
3561605,New,,,chrome 66.0,,desktop,Windows
3570589,Unknown,,,mobile safari 11.0,,mobile,
3561637,Unknown,,,mobile safari 11.0,,mobile,
3561642,Unknown,,,mobile safari 11.0,,mobile,
3561651,New,,,chrome 66.0,,desktop,Windows
3561669,Unknown,,,mobile safari 11.0,,mobile,
3561904,New,,,chrome 66.0,,desktop,
3561994,New,,,firefox 60.0,,desktop,Windows
3562109,New,,,firefox 60.0,,desktop,Windows
3562195,New,,,chrome 66.0 for android,,mobile,SM-G570M Build/NRD90M
3562297,New,,,chrome 66.0 for android,,mobile,SM-G531H Build/LMY48B
3562247,New,,,chrome 65.0 for android,,mobile,SM-G531H Build/LMY48B
3562363,Found,,,samsung browser 6.4,,mobile,SAMSUNG SM-J700M Build/MMB29K
3571514,Found,,,chrome 66.0 for android,,mobile,SM-J320FN Build/LMY47V
3562880,Unknown,,,mobile safari 11.0,,mobile,
3571970,New,,,chrome 66.0 for android,,mobile,HUAWEI VNS-L31 Build/HUAWEIVNS-L31
3566696,Found,,Mac OS X 10_11_6,chrome 66.0,2880x1800,desktop,MacOS
3564030,Found,,,chrome 66.0,,desktop,Windows
3564112,Found,,,chrome 66.0,,desktop,Windows
3564014,Found,,,chrome 66.0,,desktop,Windows
3564334,New,,,chrome 66.0,,desktop,Windows
3564459,Found,,,chrome 66.0,,desktop,Windows
3573022,Found,,Windows 10,ie 11.0 for desktop,1680x1050,desktop,Trident/7.0
3573010,Found,,Windows 10,ie 11.0 for desktop,1680x1050,desktop,Trident/7.0
3570416,Found,,Mac OS X 10_13_4,chrome 66.0,2880x1800,desktop,MacOS
3565143,New,,,chrome 64.0 for android,,mobile,Techpad
3565151,Found,,,chrome 52.0 for android,,mobile,CRO-L03 Build/HUAWEICRO-L03
3565250,New,,,chrome 66.0 for android,,mobile,SM-J700M Build/MMB29K
3578772,Found,,Windows 10,chrome 66.0,1920x1080,desktop,Windows
3565579,New,,,chrome 65.0 for android,,mobile,F3313 Build/37.0.A.2.108
3565743,New,,,chrome 66.0 for android,,mobile,XT1635-02 Build/NPN26.118-22-2
3565836,New,,,chrome 66.0,,desktop,
3565864,New,,,chrome 66.0 for android,,mobile,MotoE2(4G-LTE
3566191,Found,,,chrome 66.0,,desktop,Windows
3566250,Found,,,chrome 65.0 for android,,mobile,LG-K430 Build/MRA58K
3566341,Found,IP_PROXY:ANONYMOUS,,chrome 66.0,,desktop,
3569148,,,,,,,
3566530,Found,,,chrome 66.0,,desktop,Windows
3566521,New,,,chrome 66.0 for android,,mobile,LG-H650 Build/MRA58K
3566629,New,,,chrome 66.0 for android,,mobile,MYA-L13 Build/HUAWEIMYA-L13
3566685,Found,,,chrome 66.0,,desktop,Windows
3566743,Found,,,opera 52.0,,desktop,Windows
3569489,New,,Windows 10,chrome 66.0,1600x900,desktop,Windows
3566694,Found,,,opera 52.0,,desktop,Windows
3572098,Unknown,,Windows 7,chrome 66.0,1366x768,desktop,Windows
3572117,Unknown,,Windows 7,chrome 66.0,1366x768,desktop,Windows
3566802,Found,,,opera 52.0,,desktop,Windows
3567058,Found,,,chrome 66.0,,desktop,Windows
3567085,Found,,,chrome 66.0,,desktop,Windows
3567073,New,,,chrome 66.0 for android,,mobile,moto x4 Build/OPW27.57-40
3567121,Found,,,ie 11.0 for desktop,,desktop,rv:11.0
3567213,New,,,chrome 66.0 for android,,mobile,Moto E (4) Build/NMA26.42-69
3567231,Found,,,ie 11.0 for desktop,,desktop,rv:11.0
3567197,Found,,,ie 11.0 for desktop,,desktop,rv:11.0
3567247,Found,,,chrome 66.0,,desktop,Windows
3567268,New,,,chrome 66.0,,desktop,
3567310,New,,,firefox 60.0,,desktop,Windows
3567498,Found,,,chrome 66.0 for android,,mobile,SM-G570M Build/MMB29K
3567541,New,,,chrome 66.0 for android,,mobile,SM-A520F Build/NRD90M
3567545,New,,,chrome 66.0 for android,,mobile,SM-J700M Build/MMB29K
3567597,New,,,chrome 66.0 for android,,mobile,TRT-L53 Build/HUAWEITRT-L53
3567766,Found,,,chrome 66.0,,desktop,Windows
3580804,New,,,chrome 66.0,,desktop,Windows
3567795,New,,,chrome 57.0 for android,,mobile,XT1635-02 Build/NPN26.118-22-2
3567902,New,,,chrome 66.0,,desktop,Windows
3567895,New,,,chrome 66.0,,desktop,Windows
3567888,New,,,chrome 66.0,,desktop,Windows
3567931,New,,,chrome 66.0,,desktop,
3567930,New,,,chrome 66.0,,desktop,Windows
3567958,New,,,chrome 66.0 for android,,mobile,Moto E (4) Plus Build/NMA26.42-69
3567959,New,,,chrome 66.0 for android,,mobile,SM-J730GM Build/NRD90M
3567985,Unknown,,,mobile safari 11.0,,mobile,
3568029,New,,,chrome 46.0 for android,,mobile,LG-X180g Build/LMY47I
3568040,New,,,chrome 66.0 for android,,mobile,HUAWEI VNS-L53 Build/HUAWEIVNS-L53
3568034,Found,,,chrome 66.0 for android,,mobile,HTC Desire 530 Build/MMB29M
3568047,Found,,,samsung browser 7.0,,mobile,SAMSUNG SM-G950F Build/R16NW
3568050,New,,,chrome 66.0,,desktop,Windows
3576079,New,,Windows 10,ie 11.0 for desktop,1366x768,desktop,Trident/7.0
3568231,Found,,,chrome 65.0,,desktop,Windows
3568205,Found,,,chrome 65.0,,desktop,Windows
3568327,New,,,chrome 66.0,,desktop,
3568460,Found,,,chrome 66.0,,desktop,Windows
3568744,New,,,samsung browser 6.4,,mobile,SAMSUNG SM-J730GM Build/NRD90M
3568745,New,,,chrome 66.0,,desktop,Windows
3568835,Found,,,chrome 66.0,,desktop,Windows
3568803,New,,,chrome 66.0 for android,,mobile,Techpad
3568874,New,,,chrome 66.0,,desktop,
3568933,Found,,,firefox 60.0,,desktop,Linux x86_64
3568900,Found,,,firefox 55.0,,desktop,Windows
3568915,New,,,chrome 66.0 for android,,mobile,Moto E (4) Build/NMA26.42-69
3569002,Unknown,,,mobile safari 11.0,,mobile,
3568927,Found,,,chrome 66.0 for android,,mobile,HUAWEI VNS-L53 Build/HUAWEIVNS-L53
3568997,Found,,,chrome 66.0 for android,,mobile,Moto E (4) Build/NMA26.42-69
3569412,Unknown,,,mobile safari 11.0,,mobile,
3569458,Found,,,chrome 66.0 for android,,mobile,Moto E (4) Build/NMA26.42-69
3569404,Found,,,chrome 66.0 for android,,mobile,Moto E (4) Build/NMA26.42-69
3569478,New,,,chrome 66.0,,desktop,Windows
3569469,New,,,chrome 66.0 for android,,mobile,LG-M700 Build/NMF26X
3569529,Found,,,firefox 60.0,,desktop,Linux x86_64
3569548,Found,,,chrome 66.0,,desktop,Windows
3569527,Unknown,,,mobile safari 11.0,,mobile,
3569581,New,IP_PROXY:TRANSPARENT,,firefox,,mobile,rv:59.0
3569589,Found,,,chrome 61.0 for android,,mobile,LG-H542 Build/MRA58K
3569626,New,,,chrome 66.0,,desktop,Windows
3569584,Found,,,chrome 66.0,,desktop,Windows
3569650,Found,,,chrome 66.0,,desktop,Windows
3569672,Found,,,samsung browser 7.0,,mobile,SAMSUNG SM-G950F Build/R16NW
3569874,New,,,chrome 66.0,,desktop,Windows
3569938,New,,,chrome 66.0,,desktop,Windows
3569899,Found,,,chrome 66.0 for android,,mobile,HTC Desire 530 Build/MMB29M
3570013,New,,,chrome 66.0,,desktop,Windows
3570132,Found,,,chrome 66.0 for android,,mobile,BLU ENERGY X PLUS Build/LRX21M
3570315,New,,,chrome 66.0,,desktop,Windows
3570341,Found,,,chrome 63.0 for android,,mobile,ALE-L23 Build/HuaweiALE-L23
3570348,Found,,,chrome 66.0 for android,,mobile,SM-N950F Build/NMF26X
3570322,Unknown,,,mobile safari 11.0,,mobile,
3583227,New,,,firefox 47.0,,desktop,
3570511,New,,,chrome 66.0,,desktop,Windows
3570507,Found,,,chrome 66.0 for android,,mobile,Moto E (4) Build/NMA26.42-69
3570509,Found,,,chrome 66.0 for android,,mobile,Moto E (4) Build/NMA26.42-69
3570568,Unknown,,,chrome 66.0 for ios,,mobile,
3570563,Unknown,,,mobile safari 9.0,,mobile,
3570637,New,,,chrome 66.0 for android,,mobile,TA-1027 Build/OPR1.170623.026
3570646,New,,,chrome 66.0,,desktop,Windows
3570634,Unknown,,,chrome 66.0 for ios,,mobile,
3570669,New,,,chrome 66.0,,desktop,Windows
3570695,Unknown,,,mobile safari 10.0,,mobile,
3570709,New,,,chrome 66.0,,desktop,Windows
3570723,New,,,chrome 66.0 for android,,mobile,LG-H500 Build/LRX21Y
3583503,New,,,chrome 66.0,,desktop,Windows
3583499,Found,,,chrome 66.0,,desktop,Windows
3570834,Unknown,,,mobile safari 11.0,,mobile,
3571025,Found,,,samsung browser 6.4,,mobile,SAMSUNG SM-J700M Build/MMB29K
3571074,Found,,,samsung browser 6.4,,mobile,SAMSUNG SM-J700M Build/MMB29K
3571020,Found,,,samsung browser 6.4,,mobile,SAMSUNG SM-J700M Build/MMB29K
3571099,Found,,,samsung browser 6.4,,mobile,SAMSUNG SM-J700M Build/MMB29K
3571081,Found,,,samsung browser 6.4,,mobile,SAMSUNG SM-J700M Build/MMB29K
3571094,Found,,,samsung browser 6.4,,mobile,SAMSUNG SM-J700M Build/MMB29K
3571143,Found,,,samsung browser 6.4,,mobile,SAMSUNG SM-J700M Build/MMB29K
3571233,New,,,android browser 4.0,,mobile,es-us
3571199,Found,,,samsung browser 6.4,,mobile,SAMSUNG SM-J700M Build/MMB29K
3571286,Found,,,android browser 4.0,,mobile,es-us
3571253,New,,,chrome 63.0 for android,,mobile,Ilium LT510 Build/MRA58K
3571264,Found,,,chrome 66.0,,desktop,Windows
3584017,,,,,,,
3571355,New,,,chrome 66.0,,desktop,
3571324,New,,,chrome 66.0 for android,,mobile,ALE-L23 Build/HuaweiALE-L23
3571381,Found,,,chrome 66.0 for android,,mobile,ALE-L23 Build/HuaweiALE-L23
3574033,New,,iOS 11.3.0,mobile safari 11.0,2208x1242,mobile,iOS Device
3571332,New,,,opera 53.0,,desktop,
3571454,New,,,mobile safari 10.0,,mobile,
3571429,Found,,,samsung browser 6.4,,mobile,SAMSUNG SM-J700M Build/MMB29K
3571662,New,,,chrome 66.0 for android,,mobile,G3313 Build/43.0.A.7.25
3571622,Unknown,,,mobile safari 11.0,,mobile,
3571595,Found,,,chrome 66.0 for android,,mobile,G3313 Build/43.0.A.7.25
3571765,Found,,,chrome 66.0,,desktop,Windows
3571886,Found,,,chrome 66.0 for android,,mobile,Moto E (4) Build/NMA26.42-69
3572042,Found,,,chrome 66.0 for android,,mobile,LG-K580 Build/MRA58K
3577443,Found,,Mac OS X 10.11,firefox 60.0,1366x768,desktop,rv:60.0
3577511,Found,,Mac OS X 10.11,firefox 60.0,1366x768,desktop,rv:60.0
3572459,Found,,,chrome 66.0,,desktop,Windows
3572479,New,,,chrome 66.0,,desktop,Windows
3572618,Unknown,,,mobile safari 11.0,,mobile,
3572742,New,,,chrome 66.0 for android,,mobile,WAS-LX3 Build/HUAWEIWAS-LX3
3585446,New,,,chrome 66.0 for android,,mobile,HUAWEI VNS-L23 Build/HUAWEIVNS-L23
3572927,Found,,,chrome 66.0 for android,,mobile,SM-G955F Build/R16NW
3572863,Found,,,chrome 66.0 for android,,mobile,SM-G955F Build/R16NW
3572899,New,,,chrome 66.0,,desktop,
3572916,Found,,,chrome 66.0 for android,,mobile,SM-G955F Build/R16NW
3572930,Found,,,chrome 66.0 for android,,mobile,SM-G955F Build/R16NW
3572914,Found,,,chrome 66.0 for android,,mobile,SM-G955F Build/R16NW
3572947,New,,,chrome 66.0 for ios,,mobile,
3572964,New,,,chrome 66.0 for android,,mobile,XT1053 Build/LPAS23.12-21.7-1
3572967,New,,,chrome 66.0 for android,,mobile,SAMSUNG-SM-J320A Build/MMB29K
3573039,Found,,,chrome 66.0 for android,,mobile,SAMSUNG-SM-J320A Build/MMB29K
3573099,Found,,,samsung browser 4.2,,mobile,SAMSUNG SM-G532M Build/MMB29T
3573112,New,,,chrome 66.0 for android,,mobile,SM-J701M Build/NRD90M
3573074,New,,,samsung browser 6.4,,mobile,SAMSUNG SM-G610M Build/NRD90M
3573104,Unknown,,,mobile safari 11.0,,mobile,
3573162,Found,,,chrome 66.0,,desktop,Windows
3585726,Found,,,chrome 66.0,,desktop,Windows
3573172,New,,,chrome 66.0,,desktop,Windows
3573254,New,,,chrome 66.0,,desktop,Windows
3573236,Found,,,chrome 66.0,,desktop,Windows
3573305,New,,,chrome 66.0 for android,,mobile,PRA-LX3 Build/HUAWEIPRA-LX3
3573287,New,,,chrome 66.0 for android,,mobile,D6603 Build/23.5.A.1.291
3573340,New,,,chrome 54.0 for android,,mobile,Hisense F23 Build/NRD90M
3573373,New,,,chrome 55.0 for android,,mobile,SM-G532M Build/MMB29T
3581141,Found,,,,,desktop,
3573591,New,,,chrome 54.0 for android,,mobile,SM-G531H Build/LMY48B
3573712,New,,,samsung browser 6.4,,mobile,SAMSUNG SM-G610M Build/MMB29K
3573759,Found,,,chrome 66.0 for android,,mobile,SM-J700M Build/LMY48B
3573818,New,,,chrome 66.0 for android,,mobile,Moto G (5) Plus Build/NPN25.137-92
3573781,Unknown,,,mobile safari 11.0,,mobile,
3573813,Unknown,,,mobile safari 11.0,,mobile,
3573843,Unknown,,,mobile safari 11.0,,mobile,
3573836,Unknown,,,mobile safari 11.0,,mobile,
3573950,New,,,chrome 66.0 for android,,mobile,SM-J730GM Build/NRD90M
3574052,Found,,,samsung browser 7.0,,mobile,SAMSUNG SM-G950F Build/R16NW
3574073,New,,,chrome 66.0 for android,,mobile,SM-J327T1 Build/NRD90M
3574068,Unknown,,,mobile safari 11.0,,mobile,
3574416,New,,,safari 11.0,,desktop,
3574547,Unknown,,,mobile safari 11.0,,mobile,
3574500,New,,,chrome 55.0 for android,,mobile,SM-G532M Build/MMB29T
3574659,Found,,,chrome 66.0,,desktop,Windows
3574661,New,,,chrome 46.0 for android,,mobile,Hisense F20 Build/MMB29M
3574665,Unknown,,,mobile safari 11.0,,mobile,
3574795,Found,,,chrome 55.0 for android,,mobile,SM-G532M Build/MMB29T
3574859,Found,,,chrome 55.0 for android,,mobile,SM-G532M Build/MMB29T
3574868,Found,,,chrome 55.0 for android,,mobile,SM-G532M Build/MMB29T
3574884,Found,,,safari 11.0,,desktop,
3574877,Found,,,chrome 66.0,,desktop,Windows
3574958,Unknown,,,mobile safari 11.0,,mobile,
3575101,Found,,,chrome 66.0 for android,,mobile,Moto Z2 Play Build/NPSS26.118-19-14
3575124,Found,,,chrome 66.0 for android,,mobile,Moto Z2 Play Build/NPSS26.118-19-14
3575098,Found,,,chrome 66.0 for android,,mobile,Moto Z2 Play Build/NPSS26.118-19-14
3575214,Unknown,,,mobile safari 11.0,,mobile,
3575242,,,,,,,
3575394,Found,,,chrome 66.0 for android,,mobile,SM-J700M Build/LMY48B
3575392,Found,,,chrome 66.0 for android,,mobile,SM-J700M Build/LMY48B
3575472,Found,,,chrome 66.0 for android,,mobile,SM-J700M Build/LMY48B
3575572,Unknown,,,mobile safari 11.0,,mobile,
3575726,New,,,chrome 65.0,,desktop,
3575703,New,,,ie 11.0 for desktop,,desktop,Trident/7.0
3575731,Unknown,,,mobile safari 11.0,,mobile,
3575752,Found,,,samsung browser 6.4,,mobile,SAMSUNG SM-G920I Build/NRD90M
3575787,Found,,,chrome 52.0 for android,,mobile,CRO-L03 Build/HUAWEICRO-L03
3575821,New,,,chrome 56.0 for android,,mobile,LG-X230 Build/MRA58K
3575822,Found,,,chrome 64.0,,desktop,Windows
3575817,New,,,chrome 66.0,,desktop,Windows
3575852,Found,,,chrome 66.0 for android,,mobile,MYA-L13 Build/HUAWEIMYA-L13
3575856,New,,,chrome 66.0,,desktop,
3575853,Found,,,samsung browser 6.4,,mobile,SAMSUNG SM-G570M Build/MMB29K
3575881,Found,,,chrome 66.0,,desktop,Windows
3575883,New,,,chrome 66.0 for android,,mobile,ALE-L23 Build/HuaweiALE-L23
3575879,Found,,,chrome 66.0 for android,,mobile,ALE-L23 Build/HuaweiALE-L23
3575875,Found,,,chrome 66.0,,desktop,Windows
3575890,Found,,,chrome 66.0,,desktop,Windows
3575884,Found,,,chrome 66.0 for android,,mobile,MYA-L13 Build/HUAWEIMYA-L13
3575889,Found,,,chrome 66.0 for android,,mobile,MYA-L13 Build/HUAWEIMYA-L13
3575926,New,,,chrome 66.0,,desktop,
3576194,New,,,chrome 66.0,,desktop,
3576198,Unknown,,,chrome 66.0 for ios,,mobile,
3576228,New,,,chrome 54.0 for android,,mobile,Redmi Note 3 Build/MMB29M
3576269,New,,,chrome 66.0 for android,,mobile,TRT-L53 Build/HUAWEITRT-L53
3576340,New,,,chrome 66.0 for android,,mobile,iris50
3576329,Found,,,chrome 66.0,,desktop,
3576468,New,,,chrome 66.0 for android,,mobile,5012G Build/MRA58K
3576771,Found,,,chrome 63.0 for android,,mobile,Ilium LT510 Build/MRA58K
3576738,Found,,,chrome 63.0 for android,,mobile,Ilium LT510 Build/MRA58K
3576872,New,,,chrome 66.0 for android,,mobile,Moto C Plus Build/NRD90M.05.034
3577200,Found,,,chrome 55.0 for android,,mobile,Ilium X510 Build/MRA58K
3577287,New,,,chrome 66.0,,desktop,Windows
3577245,New,,,chrome 66.0 for android,,mobile,LG-K530 Build/MMB29M
3577440,New,,,chrome 66.0 for android,,mobile,Hisense U963 Build/MRA58K
3577647,New,,,chrome 66.0,,desktop,
3577591,Found,,,chrome 66.0 for ios,,mobile,
3577595,Found,,,chrome 66.0 for android,,mobile,Moto G (4) Build/NPJS25.93-14-18
3577715,Found,,,chrome 66.0,,desktop,Windows
3577776,Found,,,chrome 66.0,,desktop,Windows
3580353,New,,iOS 11.3.0,mobile safari 11.0,1334x750,mobile,iOS Device
3578107,Found,,,firefox 60.0,,desktop,Windows
3578148,Unknown,,,mobile safari 11.0,,mobile,
3578277,Found,,,chrome 63.0 for android,,mobile,5056A Build/MMB29M
3578303,Found,IP_PROXY:HIDDEN,,firefox 60.0,,desktop,rv:60.0
3578347,New,,,chrome 66.0 for android,,mobile,HTC Desire 626s Build/LMY47O
3578340,Found,,,chrome 66.0 for android,,mobile,HTC Desire 626s Build/LMY47O
3578394,Found,,,chrome 66.0 for android,,mobile,SM-G955U1 Build/R16NW
3578405,Found,,,chrome 66.0 for android,,mobile,SM-G955U1 Build/R16NW
3578451,Unknown,,,mobile safari 11.0,,mobile,
3578486,Unknown,,,mobile safari 11.0,,mobile,
3578475,Unknown,,,mobile safari 11.0,,mobile,
3578471,Unknown,,,mobile safari 11.0,,mobile,
3578483,Unknown,,,mobile safari 11.0,,mobile,
3578496,Found,,,chrome 66.0,,desktop,Windows
3578491,Found,,,chrome 66.0,,desktop,Windows
3578506,Unknown,,,mobile safari 11.0,,mobile,
3578817,New,,,chrome 66.0,,desktop,Windows
3578995,Found,,,chrome 66.0,,desktop,Windows
3579407,Found,,,chrome 66.0,,desktop,Windows
3579400,Found,,,chrome 66.0,,desktop,Windows
3579480,Found,,,chrome 66.0,,desktop,
3586980,Found,,Windows 10,firefox 60.0,1600x900,desktop,Windows
3587042,Found,,Windows 10,firefox 60.0,1600x900,desktop,Windows
3587043,Found,,Windows 10,firefox 60.0,1600x900,desktop,Windows
3579576,Unknown,,,safari 11.0,,desktop,
3579597,New,,,ie 11.0 for desktop,,desktop,Trident/7.0
3579646,Unknown,,,mobile safari 11.0,,mobile,
3579666,Unknown,,,mobile safari 11.0,,mobile,
3579691,Unknown,,,mobile safari 11.0,,mobile,
3582244,New,,iOS 11.2.5,mobile safari 11.0,1334x750,mobile,iOS Device
3580083,Found,,,chrome 66.0 for android,,mobile,LG-D680 Build/KOT49I
3580137,Found,,,chrome 55.0 for android,,mobile,SM-G532M Build/MMB29T
3580202,Found,,,chrome 55.0 for android,,mobile,SM-G532M Build/MMB29T
3580232,Found,,,chrome 55.0 for android,,mobile,SM-G532M Build/MMB29T
3580219,Found,,,chrome 55.0 for android,,mobile,SM-G532M Build/MMB29T
3580348,Unknown,,,mobile safari 11.0,,mobile,
3580380,New,,,chrome 66.0 for android,,mobile,Moto G (4) Build/NPJ25.93-14.7
3580427,Found,,,firefox 60.0,,desktop,Windows
3580403,New,,,chrome 67.0,,desktop,Windows
3580417,New,,,ie 11.0 for desktop,,desktop,Trident/7.0
3580478,New,,,chrome 66.0 for android,,mobile,ALE-L23 Build/HuaweiALE-L23
3585434,New,IP_PROXY:TRANSPARENT,Android 7.1.1,chrome 56.0 for android,855x480,mobile,Z835 Build/NMF26V
3585421,Found,IP_PROXY:TRANSPARENT,Android 7.1.1,chrome 56.0 for android,855x480,mobile,Z835 Build/NMF26V
3580544,New,,,chrome 56.0 for android,,mobile,SM-G610M Build/MMB29K
3585556,Found,IP_PROXY:TRANSPARENT,Android 7.1.1,chrome 56.0 for android,855x480,mobile,Z835 Build/NMF26V
3585524,Found,IP_PROXY:TRANSPARENT,Android 7.1.1,chrome 56.0 for android,855x480,mobile,Z835 Build/NMF26V
3585532,Found,,Android 7.1.1,chrome 56.0 for android,855x480,mobile,Z835 Build/NMF26V
3585540,Found,,Android 7.1.1,chrome 56.0 for android,855x480,mobile,Z835 Build/NMF26V
3580712,New,,,chrome 66.0,,desktop,Windows
3580765,New,,,chrome 66.0,,desktop,Windows
3580776,New,,,chrome 66.0,,desktop,Windows
3580815,New,,,chrome 66.0,,desktop,Windows
3580821,Found,,,chrome 66.0,,desktop,Windows
3583334,New,,Mac OS X 10_11_6,chrome 66.0,1920x1080,desktop,MacOS
3580907,New,,,chrome 66.0 for android,,mobile,SM-G570M Build/NRD90M
3580933,Found,,,chrome 63.0 for android,,mobile,SM-J701M Build/NRD90M
3580951,Found,,,chrome 66.0,,desktop,Windows
3580992,Found,,,chrome 66.0,,desktop,
3581048,New,,,chrome,,mobile,G630-U251
3588859,New,,Windows 10,edge 17.0,1680x1050,desktop,Windows
3588905,Found,,Windows 10,edge 17.0,1680x1050,desktop,Windows
3588919,Found,,Windows 10,edge 17.0,1680x1050,desktop,Windows
3588876,Found,,Windows 10,edge 17.0,1680x1050,desktop,Windows
3588874,Found,,Windows 10,edge 17.0,1680x1050,desktop,Windows
3588950,Found,,Windows 10,edge 17.0,1680x1050,desktop,Windows
3581345,Found,,,chrome 66.0,,desktop,Windows
3579474,Found,,Windows 10,chrome 66.0,1920x1080,desktop,Windows
3584499,,,,,,,
3582082,Found,,,chrome 66.0,,desktop,Windows
3582178,Found,,,chrome 66.0,,desktop,Windows
3582142,Found,,,chrome 66.0,,desktop,
3582175,Found,,,chrome 66.0,,desktop,
3582327,Found,,,chrome 66.0,,desktop,Windows
3582338,New,,,chrome 66.0,,desktop,Windows
3582375,New,,,chrome 66.0,,desktop,Windows
3582413,New,,,chrome 63.0 for android,,mobile,SM-J700M Build/MMB29K
3582624,Found,,,chrome 66.0 for android,,mobile,Moto G (4) Build/NPJ25.93-14.7
3582602,Found,,,chrome 66.0,,desktop,Windows
3582671,Found,,,chrome 66.0,,desktop,Windows
3582738,New,,,chrome 66.0,,desktop,Windows
3587858,Unknown,,,mobile safari 11.0,,mobile,
3582868,New,,,chrome 66.0,,desktop,
3582897,Found,,,chrome 66.0,,desktop,
3585289,New,,Android 8.0.0,chrome 66.0 for android,2960x1440,mobile,SM-G960U Build/R16NW
3583101,New,,,chrome 66.0,,desktop,
3583140,Found,,,chrome 66.0 for android,,mobile,Moto G (5) Build/NPP25.137-93
3583199,Found,,,chrome 67.0,,desktop,Windows
3583229,New,,,chrome 66.0 for android,,mobile,LDN-LX3 Build/HUAWEILDN-LX3
3588360,New,,iOS 11.3.0,mobile safari 11.0,2436x1125,mobile,iOS Device
3583348,Found,,,chrome 66.0,,desktop,
3583368,New,,,chrome 66.0 for android,,mobile,SM-G610F Build/NRD90M
3583406,New,,,chrome 64.0 for android,,mobile,SM-G531H Build/LMY48B
3583411,New,,,mobile safari 11.0,,mobile,
3583415,Found,,,mobile safari 11.0,,mobile,
3583417,Found,,,mobile safari 11.0,,mobile,
3583435,New,,,chrome 66.0 for android,,mobile,SM-J700M Build/MMB29K
3583494,Found,,,chrome 66.0,,desktop,Windows
3583670,Found,,,chrome 66.0,,desktop,Windows
3583644,Unknown,,,mobile safari 11.0,,mobile,
3583866,New,,,chrome 66.0,,desktop,Windows
3583914,Found,,,chrome 61.0 for android,,mobile,LG-H542 Build/MRA58K
3583968,Found,,,chrome 66.0,,desktop,
3589171,New,,,chrome 66.0 for android,,mobile,Z955A
3584003,New,,,android webview 4.0,,mobile,Moto G (5) Plus Build/NPN25.137-92
3584153,Found,,,ie 11.0 for desktop,,desktop,Trident/7.0
3584155,New,,,firefox 60.0,,desktop,rv:60.0
3586862,Unknown,,Linux,chrome 66.0,1280x720,desktop,
3584321,New,,,chrome 66.0,,desktop,Windows
3584460,Found,,,ie 11.0 for desktop,,desktop,Trident/7.0
3587032,New,IP_PROXY:ANONYMOUS,Windows 7,chrome 55.0,1920x1080,desktop,Windows
3584401,Found,,,ie 11.0 for desktop,,desktop,Trident/7.0
3584516,Found,,,ie 11.0 for desktop,,desktop,Trident/7.0
3584706,New,,,samsung browser 6.4,,mobile,SAMSUNG SM-J700M Build/MMB29K
3584693,New,,,chrome 66.0,,desktop,
3584859,New,,,chrome 66.0 for android,,mobile,M4 SS4457 Build/MRA58K
3584962,Found,,,chrome 66.0 for android,,mobile,LG-X180g Build/LMY47I
3584985,Found,,,chrome 66.0 for android,,mobile,SM-G950F Build/R16NW
3585055,New,,,chrome 66.0 for android,,mobile,SM-J700T Build/NMF26X
3585064,Found,,,chrome 66.0 for android,,mobile,SM-G950F Build/R16NW
3585345,New,,,chrome 67.0 for android,,mobile,SM-G950F Build/R16NW
3489320,New,IP_PROXY:ANONYMOUS,Android 7.0,chrome 62.0 for android,1920x1080,mobile,SM-G935F Build/NRD90M
3460634,New,IP_PROXY:ANONYMOUS,Android 7.0,chrome 62.0 for android,1920x1080,mobile,SM-G935F Build/NRD90M
3478561,New,IP_PROXY:ANONYMOUS,Android 7.0,chrome 62.0 for android,1920x1080,mobile,SM-G935F Build/NRD90M
3476602,New,,Windows 7,ie 11.0 for desktop,1920x1080,desktop,Trident/7.0
3476633,New,IP_PROXY:TRANSPARENT,iOS 11.2.1,mobile safari 11.0,2208x1242,mobile,iOS Device
3476665,New,IP_PROXY:TRANSPARENT,iOS 11.2.1,mobile safari 11.0,2208x1242,mobile,iOS Device
3476682,New,,Windows 7,ie 11.0 for desktop,1920x1080,desktop,Trident/7.0
